<?xml version="1.0" encoding="UTF-8"?>
<kml xmlns="http://www.opengis.net/kml/2.2" xmlns:gx="http://www.google.com/kml/ext/2.2" xmlns:xsi="http://www.w3.org/2001/XMLSchema-instance"
 xsi:schemaLocation="http://www.opengis.net/kml/2.2 http://schemas.opengis.net/kml/2.2.0/ogckml22.xsd http://www.google.com/kml/ext/2.2 http://code.google.com/apis/kml/schema/kml22gx.xsd">
<Document id="Ocupación de cauce PE">
  <name>Ocupación de cauce PE</name>
  <snippet></snippet>
  <Folder id="FeatureLayer0">
    <name>Ocupación de cauce PE</name>
    <snippet></snippet>
    <Placemark id="ID_00000">
      <name>OC_125</name>
      <snippet></snippet>
      <description><![CDATA[<html xmlns:fo="http://www.w3.org/1999/XSL/Format" xmlns:msxsl="urn:schemas-microsoft-com:xslt">
<head>
<META http-equiv="Content-Type" content="text/html">
<meta http-equiv="content-type" content="text/html; charset=UTF-8">
</head>
<body style="margin:0px 0px 0px 0px;overflow:auto;background:#FFFFFF;">
<table style="font-family:Arial,Verdana,Times;font-size:12px;text-align:left;width:100%;border-collapse:collapse;padding:3px 3px 3px 3px">
<tr style="text-align:center;font-weight:bold;background:#9CBCE2">
<td>LAV0029-00-2019</td>
</tr>
<tr>
<td>
<table style="font-family:Arial,Verdana,Times;font-size:12px;text-align:left;width:100%;border-spacing:0px; padding:3px 3px 3px 3px">
<tr>
<td>SHAPE</td>
<td>Point</td>
</tr>
<tr bgcolor="#D4E4F3">
<td>EXPEDIENTE</td>
<td>LAV0029-00-2019</td>
</tr>
<tr>
<td>OPERADOR</td>
<td>WIND AUTOGENERACIÓN S.A.S.</td>
</tr>
<tr bgcolor="#D4E4F3">
<td>PROYECTO</td>
<td>PARQUE EÓLICO WINDPESHI</td>
</tr>
<tr>
<td>NUM_ACT_AD</td>
<td>261</td>
</tr>
<tr bgcolor="#D4E4F3">
<td>FEC_ACT_AD</td>
<td>13/02/2020</td>
</tr>
<tr>
<td>ART_ACT_AD</td>
<td>Articulo sexto</td>
</tr>
<tr bgcolor="#D4E4F3">
<td>VEREDA</td>
<td>Paljiyawain</td>
</tr>
<tr>
<td>MUNICIPIO</td>
<td>44430</td>
</tr>
<tr bgcolor="#D4E4F3">
<td>DEPTO</td>
<td>44</td>
</tr>
<tr>
<td>CAR</td>
<td>1021</td>
</tr>
<tr bgcolor="#D4E4F3">
<td>NOMBRE</td>
<td>OC_125</td>
</tr>
<tr>
<td>ID_OCU_CAU</td>
<td>OC_125</td>
</tr>
<tr bgcolor="#D4E4F3">
<td>NOM_C_AG</td>
<td>Arroyo no identificado</td>
</tr>
<tr>
<td>ESTADO_OC</td>
<td>2001</td>
</tr>
<tr bgcolor="#D4E4F3">
<td>MARGEN</td>
<td>2011</td>
</tr>
<tr>
<td>T_CAUDAL</td>
<td>2120</td>
</tr>
<tr bgcolor="#D4E4F3">
<td>T_FUE_SUP</td>
<td>2212</td>
</tr>
<tr>
<td>TIPO_OCUP</td>
<td>Alcantarilla</td>
</tr>
<tr bgcolor="#D4E4F3">
<td>ESPECIFIC</td>
<td>Rango de movilidad de 100 maguas arriba o abajo de las coordenadas reportadas</td>
</tr>
<tr>
<td>AH</td>
<td>1</td>
</tr>
<tr bgcolor="#D4E4F3">
<td>ZH</td>
<td>15</td>
</tr>
<tr>
<td>SZH</td>
<td>1508</td>
</tr>
<tr bgcolor="#D4E4F3">
<td>N_NV_SUB</td>
<td>Arroyo Kaliye</td>
</tr>
<tr>
<td>C_NV_SUB</td>
<td>1508-1</td>
</tr>
<tr bgcolor="#D4E4F3">
<td>N_MIC_CUE</td>
<td>Arroyo Matajuna</td>
</tr>
<tr>
<td>C_MIC_CUE</td>
<td>1508-1-3</td>
</tr>
<tr bgcolor="#D4E4F3">
<td>OBSERV</td>
<td>&lt;Null&gt;</td>
</tr>
<tr>
<td>COTA</td>
<td>17</td>
</tr>
<tr bgcolor="#D4E4F3">
<td>COOR_ESTE</td>
<td>5107745,416</td>
</tr>
<tr>
<td>COOR_NORTE</td>
<td>2844553,7068</td>
</tr>
</table>
</td>
</tr>
</table>
</body><script type="text/javascript">
				function changeImage(attElement, nameElement) {
				document.getElementById('imageAttachment').src = attElement;
				document.getElementById('imageName').innerHTML = nameElement;}
			</script></html>
]]></description>
      <Point>
        <extrude>0</extrude><altitudeMode>clampToGround</altitudeMode>
        <coordinates> -72.01116965212738,11.64077279526377,0</coordinates>
      </Point>
    </Placemark>
    <Placemark id="ID_00001">
      <name>OC_57</name>
      <snippet></snippet>
      <description><![CDATA[<html xmlns:fo="http://www.w3.org/1999/XSL/Format" xmlns:msxsl="urn:schemas-microsoft-com:xslt">
<head>
<META http-equiv="Content-Type" content="text/html">
<meta http-equiv="content-type" content="text/html; charset=UTF-8">
</head>
<body style="margin:0px 0px 0px 0px;overflow:auto;background:#FFFFFF;">
<table style="font-family:Arial,Verdana,Times;font-size:12px;text-align:left;width:100%;border-collapse:collapse;padding:3px 3px 3px 3px">
<tr style="text-align:center;font-weight:bold;background:#9CBCE2">
<td>LAV0029-00-2019</td>
</tr>
<tr>
<td>
<table style="font-family:Arial,Verdana,Times;font-size:12px;text-align:left;width:100%;border-spacing:0px; padding:3px 3px 3px 3px">
<tr>
<td>SHAPE</td>
<td>Point</td>
</tr>
<tr bgcolor="#D4E4F3">
<td>EXPEDIENTE</td>
<td>LAV0029-00-2019</td>
</tr>
<tr>
<td>OPERADOR</td>
<td>WIND AUTOGENERACIÓN S.A.S.</td>
</tr>
<tr bgcolor="#D4E4F3">
<td>PROYECTO</td>
<td>PARQUE EÓLICO WINDPESHI</td>
</tr>
<tr>
<td>NUM_ACT_AD</td>
<td>261</td>
</tr>
<tr bgcolor="#D4E4F3">
<td>FEC_ACT_AD</td>
<td>13/02/2020</td>
</tr>
<tr>
<td>ART_ACT_AD</td>
<td>Articulo sexto</td>
</tr>
<tr bgcolor="#D4E4F3">
<td>VEREDA</td>
<td>Paljiyawain</td>
</tr>
<tr>
<td>MUNICIPIO</td>
<td>44430</td>
</tr>
<tr bgcolor="#D4E4F3">
<td>DEPTO</td>
<td>44</td>
</tr>
<tr>
<td>CAR</td>
<td>1021</td>
</tr>
<tr bgcolor="#D4E4F3">
<td>NOMBRE</td>
<td>OC_57</td>
</tr>
<tr>
<td>ID_OCU_CAU</td>
<td>OC_57</td>
</tr>
<tr bgcolor="#D4E4F3">
<td>NOM_C_AG</td>
<td>Arroyo Uraishichón</td>
</tr>
<tr>
<td>ESTADO_OC</td>
<td>2001</td>
</tr>
<tr bgcolor="#D4E4F3">
<td>MARGEN</td>
<td>2011</td>
</tr>
<tr>
<td>T_CAUDAL</td>
<td>2120</td>
</tr>
<tr bgcolor="#D4E4F3">
<td>T_FUE_SUP</td>
<td>2212</td>
</tr>
<tr>
<td>TIPO_OCUP</td>
<td>Marco</td>
</tr>
<tr bgcolor="#D4E4F3">
<td>ESPECIFIC</td>
<td>Rango de movilidad de 100 maguas arriba o abajo de las coordenadas reportadas</td>
</tr>
<tr>
<td>AH</td>
<td>1</td>
</tr>
<tr bgcolor="#D4E4F3">
<td>ZH</td>
<td>15</td>
</tr>
<tr>
<td>SZH</td>
<td>1508</td>
</tr>
<tr bgcolor="#D4E4F3">
<td>N_NV_SUB</td>
<td>Arroyo Kaliye</td>
</tr>
<tr>
<td>C_NV_SUB</td>
<td>1508-1</td>
</tr>
<tr bgcolor="#D4E4F3">
<td>N_MIC_CUE</td>
<td>Arroyo Matajuna</td>
</tr>
<tr>
<td>C_MIC_CUE</td>
<td>1508-1-3</td>
</tr>
<tr bgcolor="#D4E4F3">
<td>OBSERV</td>
<td>&lt;Null&gt;</td>
</tr>
<tr>
<td>COTA</td>
<td>18</td>
</tr>
<tr bgcolor="#D4E4F3">
<td>COOR_ESTE</td>
<td>5108021,4316</td>
</tr>
<tr>
<td>COOR_NORTE</td>
<td>2843748,3698</td>
</tr>
</table>
</td>
</tr>
</table>
</body><script type="text/javascript">
				function changeImage(attElement, nameElement) {
				document.getElementById('imageAttachment').src = attElement;
				document.getElementById('imageName').innerHTML = nameElement;}
			</script></html>
]]></description>
      <Point>
        <extrude>0</extrude><altitudeMode>clampToGround</altitudeMode>
        <coordinates> -72.0086625862193,11.63347911061631,0</coordinates>
      </Point>
    </Placemark>
    <Placemark id="ID_00002">
      <name>OC_54</name>
      <snippet></snippet>
      <description><![CDATA[<html xmlns:fo="http://www.w3.org/1999/XSL/Format" xmlns:msxsl="urn:schemas-microsoft-com:xslt">
<head>
<META http-equiv="Content-Type" content="text/html">
<meta http-equiv="content-type" content="text/html; charset=UTF-8">
</head>
<body style="margin:0px 0px 0px 0px;overflow:auto;background:#FFFFFF;">
<table style="font-family:Arial,Verdana,Times;font-size:12px;text-align:left;width:100%;border-collapse:collapse;padding:3px 3px 3px 3px">
<tr style="text-align:center;font-weight:bold;background:#9CBCE2">
<td>LAV0029-00-2019</td>
</tr>
<tr>
<td>
<table style="font-family:Arial,Verdana,Times;font-size:12px;text-align:left;width:100%;border-spacing:0px; padding:3px 3px 3px 3px">
<tr>
<td>SHAPE</td>
<td>Point</td>
</tr>
<tr bgcolor="#D4E4F3">
<td>EXPEDIENTE</td>
<td>LAV0029-00-2019</td>
</tr>
<tr>
<td>OPERADOR</td>
<td>WIND AUTOGENERACIÓN S.A.S.</td>
</tr>
<tr bgcolor="#D4E4F3">
<td>PROYECTO</td>
<td>PARQUE EÓLICO WINDPESHI</td>
</tr>
<tr>
<td>NUM_ACT_AD</td>
<td>261</td>
</tr>
<tr bgcolor="#D4E4F3">
<td>FEC_ACT_AD</td>
<td>13/02/2020</td>
</tr>
<tr>
<td>ART_ACT_AD</td>
<td>Articulo sexto</td>
</tr>
<tr bgcolor="#D4E4F3">
<td>VEREDA</td>
<td>Kalinchon</td>
</tr>
<tr>
<td>MUNICIPIO</td>
<td>44430</td>
</tr>
<tr bgcolor="#D4E4F3">
<td>DEPTO</td>
<td>44</td>
</tr>
<tr>
<td>CAR</td>
<td>1021</td>
</tr>
<tr bgcolor="#D4E4F3">
<td>NOMBRE</td>
<td>OC_54</td>
</tr>
<tr>
<td>ID_OCU_CAU</td>
<td>OC_54</td>
</tr>
<tr bgcolor="#D4E4F3">
<td>NOM_C_AG</td>
<td>Arroyo no identificado</td>
</tr>
<tr>
<td>ESTADO_OC</td>
<td>2001</td>
</tr>
<tr bgcolor="#D4E4F3">
<td>MARGEN</td>
<td>2011</td>
</tr>
<tr>
<td>T_CAUDAL</td>
<td>2120</td>
</tr>
<tr bgcolor="#D4E4F3">
<td>T_FUE_SUP</td>
<td>2212</td>
</tr>
<tr>
<td>TIPO_OCUP</td>
<td>Alcantarilla</td>
</tr>
<tr bgcolor="#D4E4F3">
<td>ESPECIFIC</td>
<td>Rango de movilidad de 100 maguas arriba o abajo de las coordenadas reportadas</td>
</tr>
<tr>
<td>AH</td>
<td>1</td>
</tr>
<tr bgcolor="#D4E4F3">
<td>ZH</td>
<td>15</td>
</tr>
<tr>
<td>SZH</td>
<td>1508</td>
</tr>
<tr bgcolor="#D4E4F3">
<td>N_NV_SUB</td>
<td>Arroyo Kaliye</td>
</tr>
<tr>
<td>C_NV_SUB</td>
<td>1508-1</td>
</tr>
<tr bgcolor="#D4E4F3">
<td>N_MIC_CUE</td>
<td>Arroyo Maliche</td>
</tr>
<tr>
<td>C_MIC_CUE</td>
<td>1508-1-1</td>
</tr>
<tr bgcolor="#D4E4F3">
<td>OBSERV</td>
<td>&lt;Null&gt;</td>
</tr>
<tr>
<td>COTA</td>
<td>13</td>
</tr>
<tr bgcolor="#D4E4F3">
<td>COOR_ESTE</td>
<td>5106803,2218</td>
</tr>
<tr>
<td>COOR_NORTE</td>
<td>2842470,8272</td>
</tr>
</table>
</td>
</tr>
</table>
</body><script type="text/javascript">
				function changeImage(attElement, nameElement) {
				document.getElementById('imageAttachment').src = attElement;
				document.getElementById('imageName').innerHTML = nameElement;}
			</script></html>
]]></description>
      <Point>
        <extrude>0</extrude><altitudeMode>clampToGround</altitudeMode>
        <coordinates> -72.01988165140071,11.62196080791776,0</coordinates>
      </Point>
    </Placemark>
    <Placemark id="ID_00003">
      <name>OC_53</name>
      <snippet></snippet>
      <description><![CDATA[<html xmlns:fo="http://www.w3.org/1999/XSL/Format" xmlns:msxsl="urn:schemas-microsoft-com:xslt">
<head>
<META http-equiv="Content-Type" content="text/html">
<meta http-equiv="content-type" content="text/html; charset=UTF-8">
</head>
<body style="margin:0px 0px 0px 0px;overflow:auto;background:#FFFFFF;">
<table style="font-family:Arial,Verdana,Times;font-size:12px;text-align:left;width:100%;border-collapse:collapse;padding:3px 3px 3px 3px">
<tr style="text-align:center;font-weight:bold;background:#9CBCE2">
<td>LAV0029-00-2019</td>
</tr>
<tr>
<td>
<table style="font-family:Arial,Verdana,Times;font-size:12px;text-align:left;width:100%;border-spacing:0px; padding:3px 3px 3px 3px">
<tr>
<td>SHAPE</td>
<td>Point</td>
</tr>
<tr bgcolor="#D4E4F3">
<td>EXPEDIENTE</td>
<td>LAV0029-00-2019</td>
</tr>
<tr>
<td>OPERADOR</td>
<td>WIND AUTOGENERACIÓN S.A.S.</td>
</tr>
<tr bgcolor="#D4E4F3">
<td>PROYECTO</td>
<td>PARQUE EÓLICO WINDPESHI</td>
</tr>
<tr>
<td>NUM_ACT_AD</td>
<td>261</td>
</tr>
<tr bgcolor="#D4E4F3">
<td>FEC_ACT_AD</td>
<td>13/02/2020</td>
</tr>
<tr>
<td>ART_ACT_AD</td>
<td>Articulo sexto</td>
</tr>
<tr bgcolor="#D4E4F3">
<td>VEREDA</td>
<td>Paljiyawain</td>
</tr>
<tr>
<td>MUNICIPIO</td>
<td>44430</td>
</tr>
<tr bgcolor="#D4E4F3">
<td>DEPTO</td>
<td>44</td>
</tr>
<tr>
<td>CAR</td>
<td>1021</td>
</tr>
<tr bgcolor="#D4E4F3">
<td>NOMBRE</td>
<td>OC_53</td>
</tr>
<tr>
<td>ID_OCU_CAU</td>
<td>OC_53</td>
</tr>
<tr bgcolor="#D4E4F3">
<td>NOM_C_AG</td>
<td>Arroyo no identificado</td>
</tr>
<tr>
<td>ESTADO_OC</td>
<td>2001</td>
</tr>
<tr bgcolor="#D4E4F3">
<td>MARGEN</td>
<td>2011</td>
</tr>
<tr>
<td>T_CAUDAL</td>
<td>2120</td>
</tr>
<tr bgcolor="#D4E4F3">
<td>T_FUE_SUP</td>
<td>2212</td>
</tr>
<tr>
<td>TIPO_OCUP</td>
<td>Alcantarilla</td>
</tr>
<tr bgcolor="#D4E4F3">
<td>ESPECIFIC</td>
<td>Rango de movilidad de 100 maguas arriba o abajo de las coordenadas reportadas</td>
</tr>
<tr>
<td>AH</td>
<td>1</td>
</tr>
<tr bgcolor="#D4E4F3">
<td>ZH</td>
<td>15</td>
</tr>
<tr>
<td>SZH</td>
<td>1508</td>
</tr>
<tr bgcolor="#D4E4F3">
<td>N_NV_SUB</td>
<td>Arroyo Kaliye</td>
</tr>
<tr>
<td>C_NV_SUB</td>
<td>1508-1</td>
</tr>
<tr bgcolor="#D4E4F3">
<td>N_MIC_CUE</td>
<td>Arroyo Jaiwamana</td>
</tr>
<tr>
<td>C_MIC_CUE</td>
<td>1508-1-2</td>
</tr>
<tr bgcolor="#D4E4F3">
<td>OBSERV</td>
<td>&lt;Null&gt;</td>
</tr>
<tr>
<td>COTA</td>
<td>15</td>
</tr>
<tr bgcolor="#D4E4F3">
<td>COOR_ESTE</td>
<td>5106916,5669</td>
</tr>
<tr>
<td>COOR_NORTE</td>
<td>2842611,6368</td>
</tr>
</table>
</td>
</tr>
</table>
</body><script type="text/javascript">
				function changeImage(attElement, nameElement) {
				document.getElementById('imageAttachment').src = attElement;
				document.getElementById('imageName').innerHTML = nameElement;}
			</script></html>
]]></description>
      <Point>
        <extrude>0</extrude><altitudeMode>clampToGround</altitudeMode>
        <coordinates> -72.01883714750308,11.62323102362619,0</coordinates>
      </Point>
    </Placemark>
    <Placemark id="ID_00004">
      <name>OC_51</name>
      <snippet></snippet>
      <description><![CDATA[<html xmlns:fo="http://www.w3.org/1999/XSL/Format" xmlns:msxsl="urn:schemas-microsoft-com:xslt">
<head>
<META http-equiv="Content-Type" content="text/html">
<meta http-equiv="content-type" content="text/html; charset=UTF-8">
</head>
<body style="margin:0px 0px 0px 0px;overflow:auto;background:#FFFFFF;">
<table style="font-family:Arial,Verdana,Times;font-size:12px;text-align:left;width:100%;border-collapse:collapse;padding:3px 3px 3px 3px">
<tr style="text-align:center;font-weight:bold;background:#9CBCE2">
<td>LAV0029-00-2019</td>
</tr>
<tr>
<td>
<table style="font-family:Arial,Verdana,Times;font-size:12px;text-align:left;width:100%;border-spacing:0px; padding:3px 3px 3px 3px">
<tr>
<td>SHAPE</td>
<td>Point</td>
</tr>
<tr bgcolor="#D4E4F3">
<td>EXPEDIENTE</td>
<td>LAV0029-00-2019</td>
</tr>
<tr>
<td>OPERADOR</td>
<td>WIND AUTOGENERACIÓN S.A.S.</td>
</tr>
<tr bgcolor="#D4E4F3">
<td>PROYECTO</td>
<td>PARQUE EÓLICO WINDPESHI</td>
</tr>
<tr>
<td>NUM_ACT_AD</td>
<td>261</td>
</tr>
<tr bgcolor="#D4E4F3">
<td>FEC_ACT_AD</td>
<td>13/02/2020</td>
</tr>
<tr>
<td>ART_ACT_AD</td>
<td>Articulo sexto</td>
</tr>
<tr bgcolor="#D4E4F3">
<td>VEREDA</td>
<td>Paljiyawain</td>
</tr>
<tr>
<td>MUNICIPIO</td>
<td>44430</td>
</tr>
<tr bgcolor="#D4E4F3">
<td>DEPTO</td>
<td>44</td>
</tr>
<tr>
<td>CAR</td>
<td>1021</td>
</tr>
<tr bgcolor="#D4E4F3">
<td>NOMBRE</td>
<td>OC_51</td>
</tr>
<tr>
<td>ID_OCU_CAU</td>
<td>OC_51</td>
</tr>
<tr bgcolor="#D4E4F3">
<td>NOM_C_AG</td>
<td>Arroyo no identificado</td>
</tr>
<tr>
<td>ESTADO_OC</td>
<td>2001</td>
</tr>
<tr bgcolor="#D4E4F3">
<td>MARGEN</td>
<td>2011</td>
</tr>
<tr>
<td>T_CAUDAL</td>
<td>2110</td>
</tr>
<tr bgcolor="#D4E4F3">
<td>T_FUE_SUP</td>
<td>2212</td>
</tr>
<tr>
<td>TIPO_OCUP</td>
<td>Alcantarilla</td>
</tr>
<tr bgcolor="#D4E4F3">
<td>ESPECIFIC</td>
<td>Rango de movilidad de 100 maguas arriba o abajo de las coordenadas reportadas</td>
</tr>
<tr>
<td>AH</td>
<td>1</td>
</tr>
<tr bgcolor="#D4E4F3">
<td>ZH</td>
<td>15</td>
</tr>
<tr>
<td>SZH</td>
<td>1508</td>
</tr>
<tr bgcolor="#D4E4F3">
<td>N_NV_SUB</td>
<td>Arroyo Kaliye</td>
</tr>
<tr>
<td>C_NV_SUB</td>
<td>1508-1</td>
</tr>
<tr bgcolor="#D4E4F3">
<td>N_MIC_CUE</td>
<td>Arroyo Jaiwamana</td>
</tr>
<tr>
<td>C_MIC_CUE</td>
<td>1508-1-2</td>
</tr>
<tr bgcolor="#D4E4F3">
<td>OBSERV</td>
<td>&lt;Null&gt;</td>
</tr>
<tr>
<td>COTA</td>
<td>14</td>
</tr>
<tr bgcolor="#D4E4F3">
<td>COOR_ESTE</td>
<td>5106965,1418</td>
</tr>
<tr>
<td>COOR_NORTE</td>
<td>2843383,6659</td>
</tr>
</table>
</td>
</tr>
</table>
</body><script type="text/javascript">
				function changeImage(attElement, nameElement) {
				document.getElementById('imageAttachment').src = attElement;
				document.getElementById('imageName').innerHTML = nameElement;}
			</script></html>
]]></description>
      <Point>
        <extrude>0</extrude><altitudeMode>clampToGround</altitudeMode>
        <coordinates> -72.01836696331631,11.63021321159257,0</coordinates>
      </Point>
    </Placemark>
    <Placemark id="ID_00005">
      <name>OC_60</name>
      <snippet></snippet>
      <description><![CDATA[<html xmlns:fo="http://www.w3.org/1999/XSL/Format" xmlns:msxsl="urn:schemas-microsoft-com:xslt">
<head>
<META http-equiv="Content-Type" content="text/html">
<meta http-equiv="content-type" content="text/html; charset=UTF-8">
</head>
<body style="margin:0px 0px 0px 0px;overflow:auto;background:#FFFFFF;">
<table style="font-family:Arial,Verdana,Times;font-size:12px;text-align:left;width:100%;border-collapse:collapse;padding:3px 3px 3px 3px">
<tr style="text-align:center;font-weight:bold;background:#9CBCE2">
<td>LAV0029-00-2019</td>
</tr>
<tr>
<td>
<table style="font-family:Arial,Verdana,Times;font-size:12px;text-align:left;width:100%;border-spacing:0px; padding:3px 3px 3px 3px">
<tr>
<td>SHAPE</td>
<td>Point</td>
</tr>
<tr bgcolor="#D4E4F3">
<td>EXPEDIENTE</td>
<td>LAV0029-00-2019</td>
</tr>
<tr>
<td>OPERADOR</td>
<td>WIND AUTOGENERACIÓN S.A.S.</td>
</tr>
<tr bgcolor="#D4E4F3">
<td>PROYECTO</td>
<td>PARQUE EÓLICO WINDPESHI</td>
</tr>
<tr>
<td>NUM_ACT_AD</td>
<td>261</td>
</tr>
<tr bgcolor="#D4E4F3">
<td>FEC_ACT_AD</td>
<td>13/02/2020</td>
</tr>
<tr>
<td>ART_ACT_AD</td>
<td>Articulo sexto</td>
</tr>
<tr bgcolor="#D4E4F3">
<td>VEREDA</td>
<td>Paljiyawain</td>
</tr>
<tr>
<td>MUNICIPIO</td>
<td>44430</td>
</tr>
<tr bgcolor="#D4E4F3">
<td>DEPTO</td>
<td>44</td>
</tr>
<tr>
<td>CAR</td>
<td>1021</td>
</tr>
<tr bgcolor="#D4E4F3">
<td>NOMBRE</td>
<td>OC_60</td>
</tr>
<tr>
<td>ID_OCU_CAU</td>
<td>OC_60</td>
</tr>
<tr bgcolor="#D4E4F3">
<td>NOM_C_AG</td>
<td>Arroyo Matajuna</td>
</tr>
<tr>
<td>ESTADO_OC</td>
<td>2001</td>
</tr>
<tr bgcolor="#D4E4F3">
<td>MARGEN</td>
<td>2011</td>
</tr>
<tr>
<td>T_CAUDAL</td>
<td>2120</td>
</tr>
<tr bgcolor="#D4E4F3">
<td>T_FUE_SUP</td>
<td>2212</td>
</tr>
<tr>
<td>TIPO_OCUP</td>
<td>Marco</td>
</tr>
<tr bgcolor="#D4E4F3">
<td>ESPECIFIC</td>
<td>Rango de movilidad de 100 maguas arriba o abajo de las coordenadas reportadas</td>
</tr>
<tr>
<td>AH</td>
<td>1</td>
</tr>
<tr bgcolor="#D4E4F3">
<td>ZH</td>
<td>15</td>
</tr>
<tr>
<td>SZH</td>
<td>1508</td>
</tr>
<tr bgcolor="#D4E4F3">
<td>N_NV_SUB</td>
<td>Arroyo Kaliye</td>
</tr>
<tr>
<td>C_NV_SUB</td>
<td>1508-1</td>
</tr>
<tr bgcolor="#D4E4F3">
<td>N_MIC_CUE</td>
<td>Arroyo Matajuna</td>
</tr>
<tr>
<td>C_MIC_CUE</td>
<td>1508-1-3</td>
</tr>
<tr bgcolor="#D4E4F3">
<td>OBSERV</td>
<td>&lt;Null&gt;</td>
</tr>
<tr>
<td>COTA</td>
<td>17</td>
</tr>
<tr bgcolor="#D4E4F3">
<td>COOR_ESTE</td>
<td>5108625,1476</td>
</tr>
<tr>
<td>COOR_NORTE</td>
<td>2843015,7933</td>
</tr>
</table>
</td>
</tr>
</table>
</body><script type="text/javascript">
				function changeImage(attElement, nameElement) {
				document.getElementById('imageAttachment').src = attElement;
				document.getElementById('imageName').innerHTML = nameElement;}
			</script></html>
]]></description>
      <Point>
        <extrude>0</extrude><altitudeMode>clampToGround</altitudeMode>
        <coordinates> -72.00314631010663,11.6268332140094,0</coordinates>
      </Point>
    </Placemark>
    <Placemark id="ID_00006">
      <name>OC_61</name>
      <snippet></snippet>
      <description><![CDATA[<html xmlns:fo="http://www.w3.org/1999/XSL/Format" xmlns:msxsl="urn:schemas-microsoft-com:xslt">
<head>
<META http-equiv="Content-Type" content="text/html">
<meta http-equiv="content-type" content="text/html; charset=UTF-8">
</head>
<body style="margin:0px 0px 0px 0px;overflow:auto;background:#FFFFFF;">
<table style="font-family:Arial,Verdana,Times;font-size:12px;text-align:left;width:100%;border-collapse:collapse;padding:3px 3px 3px 3px">
<tr style="text-align:center;font-weight:bold;background:#9CBCE2">
<td>LAV0029-00-2019</td>
</tr>
<tr>
<td>
<table style="font-family:Arial,Verdana,Times;font-size:12px;text-align:left;width:100%;border-spacing:0px; padding:3px 3px 3px 3px">
<tr>
<td>SHAPE</td>
<td>Point</td>
</tr>
<tr bgcolor="#D4E4F3">
<td>EXPEDIENTE</td>
<td>LAV0029-00-2019</td>
</tr>
<tr>
<td>OPERADOR</td>
<td>WIND AUTOGENERACIÓN S.A.S.</td>
</tr>
<tr bgcolor="#D4E4F3">
<td>PROYECTO</td>
<td>PARQUE EÓLICO WINDPESHI</td>
</tr>
<tr>
<td>NUM_ACT_AD</td>
<td>261</td>
</tr>
<tr bgcolor="#D4E4F3">
<td>FEC_ACT_AD</td>
<td>13/02/2020</td>
</tr>
<tr>
<td>ART_ACT_AD</td>
<td>Articulo sexto</td>
</tr>
<tr bgcolor="#D4E4F3">
<td>VEREDA</td>
<td>Matajuna</td>
</tr>
<tr>
<td>MUNICIPIO</td>
<td>44430</td>
</tr>
<tr bgcolor="#D4E4F3">
<td>DEPTO</td>
<td>44</td>
</tr>
<tr>
<td>CAR</td>
<td>1021</td>
</tr>
<tr bgcolor="#D4E4F3">
<td>NOMBRE</td>
<td>OC_61</td>
</tr>
<tr>
<td>ID_OCU_CAU</td>
<td>OC_61</td>
</tr>
<tr bgcolor="#D4E4F3">
<td>NOM_C_AG</td>
<td>Arroyo no identificado</td>
</tr>
<tr>
<td>ESTADO_OC</td>
<td>2001</td>
</tr>
<tr bgcolor="#D4E4F3">
<td>MARGEN</td>
<td>2011</td>
</tr>
<tr>
<td>T_CAUDAL</td>
<td>2120</td>
</tr>
<tr bgcolor="#D4E4F3">
<td>T_FUE_SUP</td>
<td>2212</td>
</tr>
<tr>
<td>TIPO_OCUP</td>
<td>Alcantarilla</td>
</tr>
<tr bgcolor="#D4E4F3">
<td>ESPECIFIC</td>
<td>Rango de movilidad de 100 maguas arriba o abajo de las coordenadas reportadas</td>
</tr>
<tr>
<td>AH</td>
<td>1</td>
</tr>
<tr bgcolor="#D4E4F3">
<td>ZH</td>
<td>15</td>
</tr>
<tr>
<td>SZH</td>
<td>1508</td>
</tr>
<tr bgcolor="#D4E4F3">
<td>N_NV_SUB</td>
<td>Arroyo Kaliye</td>
</tr>
<tr>
<td>C_NV_SUB</td>
<td>1508-1</td>
</tr>
<tr bgcolor="#D4E4F3">
<td>N_MIC_CUE</td>
<td>Arroyo Kaliye</td>
</tr>
<tr>
<td>C_MIC_CUE</td>
<td>1508-1</td>
</tr>
<tr bgcolor="#D4E4F3">
<td>OBSERV</td>
<td>&lt;Null&gt;</td>
</tr>
<tr>
<td>COTA</td>
<td>13</td>
</tr>
<tr bgcolor="#D4E4F3">
<td>COOR_ESTE</td>
<td>5110088,9436</td>
</tr>
<tr>
<td>COOR_NORTE</td>
<td>2843037,4189</td>
</tr>
</table>
</td>
</tr>
</table>
</body><script type="text/javascript">
				function changeImage(attElement, nameElement) {
				document.getElementById('imageAttachment').src = attElement;
				document.getElementById('imageName').innerHTML = nameElement;}
			</script></html>
]]></description>
      <Point>
        <extrude>0</extrude><altitudeMode>clampToGround</altitudeMode>
        <coordinates> -71.98971378709331,11.6269820885551,0</coordinates>
      </Point>
    </Placemark>
    <Placemark id="ID_00007">
      <name>OC_62</name>
      <snippet></snippet>
      <description><![CDATA[<html xmlns:fo="http://www.w3.org/1999/XSL/Format" xmlns:msxsl="urn:schemas-microsoft-com:xslt">
<head>
<META http-equiv="Content-Type" content="text/html">
<meta http-equiv="content-type" content="text/html; charset=UTF-8">
</head>
<body style="margin:0px 0px 0px 0px;overflow:auto;background:#FFFFFF;">
<table style="font-family:Arial,Verdana,Times;font-size:12px;text-align:left;width:100%;border-collapse:collapse;padding:3px 3px 3px 3px">
<tr style="text-align:center;font-weight:bold;background:#9CBCE2">
<td>LAV0029-00-2019</td>
</tr>
<tr>
<td>
<table style="font-family:Arial,Verdana,Times;font-size:12px;text-align:left;width:100%;border-spacing:0px; padding:3px 3px 3px 3px">
<tr>
<td>SHAPE</td>
<td>Point</td>
</tr>
<tr bgcolor="#D4E4F3">
<td>EXPEDIENTE</td>
<td>LAV0029-00-2019</td>
</tr>
<tr>
<td>OPERADOR</td>
<td>WIND AUTOGENERACIÓN S.A.S.</td>
</tr>
<tr bgcolor="#D4E4F3">
<td>PROYECTO</td>
<td>PARQUE EÓLICO WINDPESHI</td>
</tr>
<tr>
<td>NUM_ACT_AD</td>
<td>261</td>
</tr>
<tr bgcolor="#D4E4F3">
<td>FEC_ACT_AD</td>
<td>13/02/2020</td>
</tr>
<tr>
<td>ART_ACT_AD</td>
<td>Articulo sexto</td>
</tr>
<tr bgcolor="#D4E4F3">
<td>VEREDA</td>
<td>Matajuna</td>
</tr>
<tr>
<td>MUNICIPIO</td>
<td>44430</td>
</tr>
<tr bgcolor="#D4E4F3">
<td>DEPTO</td>
<td>44</td>
</tr>
<tr>
<td>CAR</td>
<td>1021</td>
</tr>
<tr bgcolor="#D4E4F3">
<td>NOMBRE</td>
<td>OC_62</td>
</tr>
<tr>
<td>ID_OCU_CAU</td>
<td>OC_62</td>
</tr>
<tr bgcolor="#D4E4F3">
<td>NOM_C_AG</td>
<td>Arroyo Matajuna</td>
</tr>
<tr>
<td>ESTADO_OC</td>
<td>2001</td>
</tr>
<tr bgcolor="#D4E4F3">
<td>MARGEN</td>
<td>2011</td>
</tr>
<tr>
<td>T_CAUDAL</td>
<td>2120</td>
</tr>
<tr bgcolor="#D4E4F3">
<td>T_FUE_SUP</td>
<td>2212</td>
</tr>
<tr>
<td>TIPO_OCUP</td>
<td>Marco</td>
</tr>
<tr bgcolor="#D4E4F3">
<td>ESPECIFIC</td>
<td>Rango de movilidad de 100 maguas arriba o abajo de las coordenadas reportadas</td>
</tr>
<tr>
<td>AH</td>
<td>1</td>
</tr>
<tr bgcolor="#D4E4F3">
<td>ZH</td>
<td>15</td>
</tr>
<tr>
<td>SZH</td>
<td>1508</td>
</tr>
<tr bgcolor="#D4E4F3">
<td>N_NV_SUB</td>
<td>Arroyo Kaliye</td>
</tr>
<tr>
<td>C_NV_SUB</td>
<td>1508-1</td>
</tr>
<tr bgcolor="#D4E4F3">
<td>N_MIC_CUE</td>
<td>Arroyo Matajuna</td>
</tr>
<tr>
<td>C_MIC_CUE</td>
<td>1508-1-3</td>
</tr>
<tr bgcolor="#D4E4F3">
<td>OBSERV</td>
<td>&lt;Null&gt;</td>
</tr>
<tr>
<td>COTA</td>
<td>16</td>
</tr>
<tr bgcolor="#D4E4F3">
<td>COOR_ESTE</td>
<td>5109172,9805</td>
</tr>
<tr>
<td>COOR_NORTE</td>
<td>2843498,6356</td>
</tr>
</table>
</td>
</tr>
</table>
</body><script type="text/javascript">
				function changeImage(attElement, nameElement) {
				document.getElementById('imageAttachment').src = attElement;
				document.getElementById('imageName').innerHTML = nameElement;}
			</script></html>
]]></description>
      <Point>
        <extrude>0</extrude><altitudeMode>clampToGround</altitudeMode>
        <coordinates> -71.99810376057088,11.63118351156014,0</coordinates>
      </Point>
    </Placemark>
    <Placemark id="ID_00008">
      <name>OC_63</name>
      <snippet></snippet>
      <description><![CDATA[<html xmlns:fo="http://www.w3.org/1999/XSL/Format" xmlns:msxsl="urn:schemas-microsoft-com:xslt">
<head>
<META http-equiv="Content-Type" content="text/html">
<meta http-equiv="content-type" content="text/html; charset=UTF-8">
</head>
<body style="margin:0px 0px 0px 0px;overflow:auto;background:#FFFFFF;">
<table style="font-family:Arial,Verdana,Times;font-size:12px;text-align:left;width:100%;border-collapse:collapse;padding:3px 3px 3px 3px">
<tr style="text-align:center;font-weight:bold;background:#9CBCE2">
<td>LAV0029-00-2019</td>
</tr>
<tr>
<td>
<table style="font-family:Arial,Verdana,Times;font-size:12px;text-align:left;width:100%;border-spacing:0px; padding:3px 3px 3px 3px">
<tr>
<td>SHAPE</td>
<td>Point</td>
</tr>
<tr bgcolor="#D4E4F3">
<td>EXPEDIENTE</td>
<td>LAV0029-00-2019</td>
</tr>
<tr>
<td>OPERADOR</td>
<td>WIND AUTOGENERACIÓN S.A.S.</td>
</tr>
<tr bgcolor="#D4E4F3">
<td>PROYECTO</td>
<td>PARQUE EÓLICO WINDPESHI</td>
</tr>
<tr>
<td>NUM_ACT_AD</td>
<td>261</td>
</tr>
<tr bgcolor="#D4E4F3">
<td>FEC_ACT_AD</td>
<td>13/02/2020</td>
</tr>
<tr>
<td>ART_ACT_AD</td>
<td>Articulo sexto</td>
</tr>
<tr bgcolor="#D4E4F3">
<td>VEREDA</td>
<td>Paljiyawain</td>
</tr>
<tr>
<td>MUNICIPIO</td>
<td>44430</td>
</tr>
<tr bgcolor="#D4E4F3">
<td>DEPTO</td>
<td>44</td>
</tr>
<tr>
<td>CAR</td>
<td>1021</td>
</tr>
<tr bgcolor="#D4E4F3">
<td>NOMBRE</td>
<td>OC_63</td>
</tr>
<tr>
<td>ID_OCU_CAU</td>
<td>OC_63</td>
</tr>
<tr bgcolor="#D4E4F3">
<td>NOM_C_AG</td>
<td>Arroyo no identificado</td>
</tr>
<tr>
<td>ESTADO_OC</td>
<td>2001</td>
</tr>
<tr bgcolor="#D4E4F3">
<td>MARGEN</td>
<td>2011</td>
</tr>
<tr>
<td>T_CAUDAL</td>
<td>2120</td>
</tr>
<tr bgcolor="#D4E4F3">
<td>T_FUE_SUP</td>
<td>2212</td>
</tr>
<tr>
<td>TIPO_OCUP</td>
<td>Alcantarilla</td>
</tr>
<tr bgcolor="#D4E4F3">
<td>ESPECIFIC</td>
<td>Rango de movilidad de 100 maguas arriba o abajo de las coordenadas reportadas</td>
</tr>
<tr>
<td>AH</td>
<td>1</td>
</tr>
<tr bgcolor="#D4E4F3">
<td>ZH</td>
<td>15</td>
</tr>
<tr>
<td>SZH</td>
<td>1508</td>
</tr>
<tr bgcolor="#D4E4F3">
<td>N_NV_SUB</td>
<td>Arroyo Kaliye</td>
</tr>
<tr>
<td>C_NV_SUB</td>
<td>1508-1</td>
</tr>
<tr bgcolor="#D4E4F3">
<td>N_MIC_CUE</td>
<td>Arroyo Jaiwamana</td>
</tr>
<tr>
<td>C_MIC_CUE</td>
<td>1508-1-2</td>
</tr>
<tr bgcolor="#D4E4F3">
<td>OBSERV</td>
<td>&lt;Null&gt;</td>
</tr>
<tr>
<td>COTA</td>
<td>17</td>
</tr>
<tr bgcolor="#D4E4F3">
<td>COOR_ESTE</td>
<td>5107058,2668</td>
</tr>
<tr>
<td>COOR_NORTE</td>
<td>2843086,6214</td>
</tr>
</table>
</td>
</tr>
</table>
</body><script type="text/javascript">
				function changeImage(attElement, nameElement) {
				document.getElementById('imageAttachment').src = attElement;
				document.getElementById('imageName').innerHTML = nameElement;}
			</script></html>
]]></description>
      <Point>
        <extrude>0</extrude><altitudeMode>clampToGround</altitudeMode>
        <coordinates> -72.01752185300266,11.62752326427711,0</coordinates>
      </Point>
    </Placemark>
    <Placemark id="ID_00009">
      <name>OC_74</name>
      <snippet></snippet>
      <description><![CDATA[<html xmlns:fo="http://www.w3.org/1999/XSL/Format" xmlns:msxsl="urn:schemas-microsoft-com:xslt">
<head>
<META http-equiv="Content-Type" content="text/html">
<meta http-equiv="content-type" content="text/html; charset=UTF-8">
</head>
<body style="margin:0px 0px 0px 0px;overflow:auto;background:#FFFFFF;">
<table style="font-family:Arial,Verdana,Times;font-size:12px;text-align:left;width:100%;border-collapse:collapse;padding:3px 3px 3px 3px">
<tr style="text-align:center;font-weight:bold;background:#9CBCE2">
<td>LAV0029-00-2019</td>
</tr>
<tr>
<td>
<table style="font-family:Arial,Verdana,Times;font-size:12px;text-align:left;width:100%;border-spacing:0px; padding:3px 3px 3px 3px">
<tr>
<td>SHAPE</td>
<td>Point</td>
</tr>
<tr bgcolor="#D4E4F3">
<td>EXPEDIENTE</td>
<td>LAV0029-00-2019</td>
</tr>
<tr>
<td>OPERADOR</td>
<td>WIND AUTOGENERACIÓN S.A.S.</td>
</tr>
<tr bgcolor="#D4E4F3">
<td>PROYECTO</td>
<td>PARQUE EÓLICO WINDPESHI</td>
</tr>
<tr>
<td>NUM_ACT_AD</td>
<td>261</td>
</tr>
<tr bgcolor="#D4E4F3">
<td>FEC_ACT_AD</td>
<td>13/02/2020</td>
</tr>
<tr>
<td>ART_ACT_AD</td>
<td>Articulo sexto</td>
</tr>
<tr bgcolor="#D4E4F3">
<td>VEREDA</td>
<td>Kalinchon</td>
</tr>
<tr>
<td>MUNICIPIO</td>
<td>44430</td>
</tr>
<tr bgcolor="#D4E4F3">
<td>DEPTO</td>
<td>44</td>
</tr>
<tr>
<td>CAR</td>
<td>1021</td>
</tr>
<tr bgcolor="#D4E4F3">
<td>NOMBRE</td>
<td>OC_74</td>
</tr>
<tr>
<td>ID_OCU_CAU</td>
<td>OC_74</td>
</tr>
<tr bgcolor="#D4E4F3">
<td>NOM_C_AG</td>
<td>Arroyo no identificado</td>
</tr>
<tr>
<td>ESTADO_OC</td>
<td>2001</td>
</tr>
<tr bgcolor="#D4E4F3">
<td>MARGEN</td>
<td>2011</td>
</tr>
<tr>
<td>T_CAUDAL</td>
<td>2120</td>
</tr>
<tr bgcolor="#D4E4F3">
<td>T_FUE_SUP</td>
<td>2212</td>
</tr>
<tr>
<td>TIPO_OCUP</td>
<td>Alcantarilla</td>
</tr>
<tr bgcolor="#D4E4F3">
<td>ESPECIFIC</td>
<td>Rango de movilidad de 100 maguas arriba o abajo de las coordenadas reportadas</td>
</tr>
<tr>
<td>AH</td>
<td>1</td>
</tr>
<tr bgcolor="#D4E4F3">
<td>ZH</td>
<td>15</td>
</tr>
<tr>
<td>SZH</td>
<td>1508</td>
</tr>
<tr bgcolor="#D4E4F3">
<td>N_NV_SUB</td>
<td>Arroyo Kaliye</td>
</tr>
<tr>
<td>C_NV_SUB</td>
<td>1508-1</td>
</tr>
<tr bgcolor="#D4E4F3">
<td>N_MIC_CUE</td>
<td>Arroyo Maliche</td>
</tr>
<tr>
<td>C_MIC_CUE</td>
<td>1508-1-1</td>
</tr>
<tr bgcolor="#D4E4F3">
<td>OBSERV</td>
<td>&lt;Null&gt;</td>
</tr>
<tr>
<td>COTA</td>
<td>14</td>
</tr>
<tr bgcolor="#D4E4F3">
<td>COOR_ESTE</td>
<td>5106768,9236</td>
</tr>
<tr>
<td>COOR_NORTE</td>
<td>2842428,2183</td>
</tr>
</table>
</td>
</tr>
</table>
</body><script type="text/javascript">
				function changeImage(attElement, nameElement) {
				document.getElementById('imageAttachment').src = attElement;
				document.getElementById('imageName').innerHTML = nameElement;}
			</script></html>
]]></description>
      <Point>
        <extrude>0</extrude><altitudeMode>clampToGround</altitudeMode>
        <coordinates> -72.02019771612922,11.62157644049408,0</coordinates>
      </Point>
    </Placemark>
    <Placemark id="ID_00010">
      <name>OC_75</name>
      <snippet></snippet>
      <description><![CDATA[<html xmlns:fo="http://www.w3.org/1999/XSL/Format" xmlns:msxsl="urn:schemas-microsoft-com:xslt">
<head>
<META http-equiv="Content-Type" content="text/html">
<meta http-equiv="content-type" content="text/html; charset=UTF-8">
</head>
<body style="margin:0px 0px 0px 0px;overflow:auto;background:#FFFFFF;">
<table style="font-family:Arial,Verdana,Times;font-size:12px;text-align:left;width:100%;border-collapse:collapse;padding:3px 3px 3px 3px">
<tr style="text-align:center;font-weight:bold;background:#9CBCE2">
<td>LAV0029-00-2019</td>
</tr>
<tr>
<td>
<table style="font-family:Arial,Verdana,Times;font-size:12px;text-align:left;width:100%;border-spacing:0px; padding:3px 3px 3px 3px">
<tr>
<td>SHAPE</td>
<td>Point</td>
</tr>
<tr bgcolor="#D4E4F3">
<td>EXPEDIENTE</td>
<td>LAV0029-00-2019</td>
</tr>
<tr>
<td>OPERADOR</td>
<td>WIND AUTOGENERACIÓN S.A.S.</td>
</tr>
<tr bgcolor="#D4E4F3">
<td>PROYECTO</td>
<td>PARQUE EÓLICO WINDPESHI</td>
</tr>
<tr>
<td>NUM_ACT_AD</td>
<td>261</td>
</tr>
<tr bgcolor="#D4E4F3">
<td>FEC_ACT_AD</td>
<td>13/02/2020</td>
</tr>
<tr>
<td>ART_ACT_AD</td>
<td>Articulo sexto</td>
</tr>
<tr bgcolor="#D4E4F3">
<td>VEREDA</td>
<td>Kalinchon</td>
</tr>
<tr>
<td>MUNICIPIO</td>
<td>44430</td>
</tr>
<tr bgcolor="#D4E4F3">
<td>DEPTO</td>
<td>44</td>
</tr>
<tr>
<td>CAR</td>
<td>1021</td>
</tr>
<tr bgcolor="#D4E4F3">
<td>NOMBRE</td>
<td>OC_75</td>
</tr>
<tr>
<td>ID_OCU_CAU</td>
<td>OC_75</td>
</tr>
<tr bgcolor="#D4E4F3">
<td>NOM_C_AG</td>
<td>Arroyo no identificado</td>
</tr>
<tr>
<td>ESTADO_OC</td>
<td>2001</td>
</tr>
<tr bgcolor="#D4E4F3">
<td>MARGEN</td>
<td>2011</td>
</tr>
<tr>
<td>T_CAUDAL</td>
<td>2120</td>
</tr>
<tr bgcolor="#D4E4F3">
<td>T_FUE_SUP</td>
<td>2212</td>
</tr>
<tr>
<td>TIPO_OCUP</td>
<td>Alcantarilla</td>
</tr>
<tr bgcolor="#D4E4F3">
<td>ESPECIFIC</td>
<td>Rango de movilidad de 100 maguas arriba o abajo de las coordenadas reportadas</td>
</tr>
<tr>
<td>AH</td>
<td>1</td>
</tr>
<tr bgcolor="#D4E4F3">
<td>ZH</td>
<td>15</td>
</tr>
<tr>
<td>SZH</td>
<td>1508</td>
</tr>
<tr bgcolor="#D4E4F3">
<td>N_NV_SUB</td>
<td>Arroyo Kaliye</td>
</tr>
<tr>
<td>C_NV_SUB</td>
<td>1508-1</td>
</tr>
<tr bgcolor="#D4E4F3">
<td>N_MIC_CUE</td>
<td>Arroyo Maliche</td>
</tr>
<tr>
<td>C_MIC_CUE</td>
<td>1508-1-1</td>
</tr>
<tr bgcolor="#D4E4F3">
<td>OBSERV</td>
<td>&lt;Null&gt;</td>
</tr>
<tr>
<td>COTA</td>
<td>16</td>
</tr>
<tr bgcolor="#D4E4F3">
<td>COOR_ESTE</td>
<td>5106739,7165</td>
</tr>
<tr>
<td>COOR_NORTE</td>
<td>2842391,9343</td>
</tr>
</table>
</td>
</tr>
</table>
</body><script type="text/javascript">
				function changeImage(attElement, nameElement) {
				document.getElementById('imageAttachment').src = attElement;
				document.getElementById('imageName').innerHTML = nameElement;}
			</script></html>
]]></description>
      <Point>
        <extrude>0</extrude><altitudeMode>clampToGround</altitudeMode>
        <coordinates> -72.02046686465837,11.62124912855401,0</coordinates>
      </Point>
    </Placemark>
    <Placemark id="ID_00011">
      <name>OC_90</name>
      <snippet></snippet>
      <description><![CDATA[<html xmlns:fo="http://www.w3.org/1999/XSL/Format" xmlns:msxsl="urn:schemas-microsoft-com:xslt">
<head>
<META http-equiv="Content-Type" content="text/html">
<meta http-equiv="content-type" content="text/html; charset=UTF-8">
</head>
<body style="margin:0px 0px 0px 0px;overflow:auto;background:#FFFFFF;">
<table style="font-family:Arial,Verdana,Times;font-size:12px;text-align:left;width:100%;border-collapse:collapse;padding:3px 3px 3px 3px">
<tr style="text-align:center;font-weight:bold;background:#9CBCE2">
<td>LAV0029-00-2019</td>
</tr>
<tr>
<td>
<table style="font-family:Arial,Verdana,Times;font-size:12px;text-align:left;width:100%;border-spacing:0px; padding:3px 3px 3px 3px">
<tr>
<td>SHAPE</td>
<td>Point</td>
</tr>
<tr bgcolor="#D4E4F3">
<td>EXPEDIENTE</td>
<td>LAV0029-00-2019</td>
</tr>
<tr>
<td>OPERADOR</td>
<td>WIND AUTOGENERACIÓN S.A.S.</td>
</tr>
<tr bgcolor="#D4E4F3">
<td>PROYECTO</td>
<td>PARQUE EÓLICO WINDPESHI</td>
</tr>
<tr>
<td>NUM_ACT_AD</td>
<td>261</td>
</tr>
<tr bgcolor="#D4E4F3">
<td>FEC_ACT_AD</td>
<td>13/02/2020</td>
</tr>
<tr>
<td>ART_ACT_AD</td>
<td>Articulo sexto</td>
</tr>
<tr bgcolor="#D4E4F3">
<td>VEREDA</td>
<td>Patajatamana</td>
</tr>
<tr>
<td>MUNICIPIO</td>
<td>44430</td>
</tr>
<tr bgcolor="#D4E4F3">
<td>DEPTO</td>
<td>44</td>
</tr>
<tr>
<td>CAR</td>
<td>1021</td>
</tr>
<tr bgcolor="#D4E4F3">
<td>NOMBRE</td>
<td>OC_90</td>
</tr>
<tr>
<td>ID_OCU_CAU</td>
<td>OC_90</td>
</tr>
<tr bgcolor="#D4E4F3">
<td>NOM_C_AG</td>
<td>Arroyo no identificado</td>
</tr>
<tr>
<td>ESTADO_OC</td>
<td>2001</td>
</tr>
<tr bgcolor="#D4E4F3">
<td>MARGEN</td>
<td>2011</td>
</tr>
<tr>
<td>T_CAUDAL</td>
<td>2120</td>
</tr>
<tr bgcolor="#D4E4F3">
<td>T_FUE_SUP</td>
<td>2212</td>
</tr>
<tr>
<td>TIPO_OCUP</td>
<td>Alcantarilla</td>
</tr>
<tr bgcolor="#D4E4F3">
<td>ESPECIFIC</td>
<td>Rango de movilidad de 100 maguas arriba o abajo de las coordenadas reportadas</td>
</tr>
<tr>
<td>AH</td>
<td>1</td>
</tr>
<tr bgcolor="#D4E4F3">
<td>ZH</td>
<td>15</td>
</tr>
<tr>
<td>SZH</td>
<td>1508</td>
</tr>
<tr bgcolor="#D4E4F3">
<td>N_NV_SUB</td>
<td>Arroyo Kaliye</td>
</tr>
<tr>
<td>C_NV_SUB</td>
<td>1508-1</td>
</tr>
<tr bgcolor="#D4E4F3">
<td>N_MIC_CUE</td>
<td>Arroyo Kaliye</td>
</tr>
<tr>
<td>C_MIC_CUE</td>
<td>1508-1</td>
</tr>
<tr bgcolor="#D4E4F3">
<td>OBSERV</td>
<td>&lt;Null&gt;</td>
</tr>
<tr>
<td>COTA</td>
<td>25</td>
</tr>
<tr bgcolor="#D4E4F3">
<td>COOR_ESTE</td>
<td>5108626,4045</td>
</tr>
<tr>
<td>COOR_NORTE</td>
<td>2842364,2581</td>
</tr>
</table>
</td>
</tr>
</table>
</body><script type="text/javascript">
				function changeImage(attElement, nameElement) {
				document.getElementById('imageAttachment').src = attElement;
				document.getElementById('imageName').innerHTML = nameElement;}
			</script></html>
]]></description>
      <Point>
        <extrude>0</extrude><altitudeMode>clampToGround</altitudeMode>
        <coordinates> -72.00315573658057,11.62093947250508,0</coordinates>
      </Point>
    </Placemark>
    <Placemark id="ID_00012">
      <name>OC_94</name>
      <snippet></snippet>
      <description><![CDATA[<html xmlns:fo="http://www.w3.org/1999/XSL/Format" xmlns:msxsl="urn:schemas-microsoft-com:xslt">
<head>
<META http-equiv="Content-Type" content="text/html">
<meta http-equiv="content-type" content="text/html; charset=UTF-8">
</head>
<body style="margin:0px 0px 0px 0px;overflow:auto;background:#FFFFFF;">
<table style="font-family:Arial,Verdana,Times;font-size:12px;text-align:left;width:100%;border-collapse:collapse;padding:3px 3px 3px 3px">
<tr style="text-align:center;font-weight:bold;background:#9CBCE2">
<td>LAV0029-00-2019</td>
</tr>
<tr>
<td>
<table style="font-family:Arial,Verdana,Times;font-size:12px;text-align:left;width:100%;border-spacing:0px; padding:3px 3px 3px 3px">
<tr>
<td>SHAPE</td>
<td>Point</td>
</tr>
<tr bgcolor="#D4E4F3">
<td>EXPEDIENTE</td>
<td>LAV0029-00-2019</td>
</tr>
<tr>
<td>OPERADOR</td>
<td>WIND AUTOGENERACIÓN S.A.S.</td>
</tr>
<tr bgcolor="#D4E4F3">
<td>PROYECTO</td>
<td>PARQUE EÓLICO WINDPESHI</td>
</tr>
<tr>
<td>NUM_ACT_AD</td>
<td>261</td>
</tr>
<tr bgcolor="#D4E4F3">
<td>FEC_ACT_AD</td>
<td>13/02/2020</td>
</tr>
<tr>
<td>ART_ACT_AD</td>
<td>Articulo sexto</td>
</tr>
<tr bgcolor="#D4E4F3">
<td>VEREDA</td>
<td>Matajuna</td>
</tr>
<tr>
<td>MUNICIPIO</td>
<td>44430</td>
</tr>
<tr bgcolor="#D4E4F3">
<td>DEPTO</td>
<td>44</td>
</tr>
<tr>
<td>CAR</td>
<td>1021</td>
</tr>
<tr bgcolor="#D4E4F3">
<td>NOMBRE</td>
<td>OC_94</td>
</tr>
<tr>
<td>ID_OCU_CAU</td>
<td>OC_94</td>
</tr>
<tr bgcolor="#D4E4F3">
<td>NOM_C_AG</td>
<td>Arroyo no identificado</td>
</tr>
<tr>
<td>ESTADO_OC</td>
<td>2001</td>
</tr>
<tr bgcolor="#D4E4F3">
<td>MARGEN</td>
<td>2011</td>
</tr>
<tr>
<td>T_CAUDAL</td>
<td>2120</td>
</tr>
<tr bgcolor="#D4E4F3">
<td>T_FUE_SUP</td>
<td>2212</td>
</tr>
<tr>
<td>TIPO_OCUP</td>
<td>Alcantarilla</td>
</tr>
<tr bgcolor="#D4E4F3">
<td>ESPECIFIC</td>
<td>Rango de movilidad de 100 maguas arriba o abajo de las coordenadas reportadas</td>
</tr>
<tr>
<td>AH</td>
<td>1</td>
</tr>
<tr bgcolor="#D4E4F3">
<td>ZH</td>
<td>15</td>
</tr>
<tr>
<td>SZH</td>
<td>1508</td>
</tr>
<tr bgcolor="#D4E4F3">
<td>N_NV_SUB</td>
<td>Arroyo Kaliye</td>
</tr>
<tr>
<td>C_NV_SUB</td>
<td>1508-1</td>
</tr>
<tr bgcolor="#D4E4F3">
<td>N_MIC_CUE</td>
<td>Arroyo Kaliye</td>
</tr>
<tr>
<td>C_MIC_CUE</td>
<td>1508-1</td>
</tr>
<tr bgcolor="#D4E4F3">
<td>OBSERV</td>
<td>&lt;Null&gt;</td>
</tr>
<tr>
<td>COTA</td>
<td>15</td>
</tr>
<tr bgcolor="#D4E4F3">
<td>COOR_ESTE</td>
<td>5109727,1745</td>
</tr>
<tr>
<td>COOR_NORTE</td>
<td>2843071,0813</td>
</tr>
</table>
</td>
</tr>
</table>
</body><script type="text/javascript">
				function changeImage(attElement, nameElement) {
				document.getElementById('imageAttachment').src = attElement;
				document.getElementById('imageName').innerHTML = nameElement;}
			</script></html>
]]></description>
      <Point>
        <extrude>0</extrude><altitudeMode>clampToGround</altitudeMode>
        <coordinates> -71.99303228941982,11.62729820481006,0</coordinates>
      </Point>
    </Placemark>
    <Placemark id="ID_00013">
      <name>OC_107</name>
      <snippet></snippet>
      <description><![CDATA[<html xmlns:fo="http://www.w3.org/1999/XSL/Format" xmlns:msxsl="urn:schemas-microsoft-com:xslt">
<head>
<META http-equiv="Content-Type" content="text/html">
<meta http-equiv="content-type" content="text/html; charset=UTF-8">
</head>
<body style="margin:0px 0px 0px 0px;overflow:auto;background:#FFFFFF;">
<table style="font-family:Arial,Verdana,Times;font-size:12px;text-align:left;width:100%;border-collapse:collapse;padding:3px 3px 3px 3px">
<tr style="text-align:center;font-weight:bold;background:#9CBCE2">
<td>LAV0029-00-2019</td>
</tr>
<tr>
<td>
<table style="font-family:Arial,Verdana,Times;font-size:12px;text-align:left;width:100%;border-spacing:0px; padding:3px 3px 3px 3px">
<tr>
<td>SHAPE</td>
<td>Point</td>
</tr>
<tr bgcolor="#D4E4F3">
<td>EXPEDIENTE</td>
<td>LAV0029-00-2019</td>
</tr>
<tr>
<td>OPERADOR</td>
<td>WIND AUTOGENERACIÓN S.A.S.</td>
</tr>
<tr bgcolor="#D4E4F3">
<td>PROYECTO</td>
<td>PARQUE EÓLICO WINDPESHI</td>
</tr>
<tr>
<td>NUM_ACT_AD</td>
<td>261</td>
</tr>
<tr bgcolor="#D4E4F3">
<td>FEC_ACT_AD</td>
<td>13/02/2020</td>
</tr>
<tr>
<td>ART_ACT_AD</td>
<td>Articulo sexto</td>
</tr>
<tr bgcolor="#D4E4F3">
<td>VEREDA</td>
<td>Kalinchon</td>
</tr>
<tr>
<td>MUNICIPIO</td>
<td>44430</td>
</tr>
<tr bgcolor="#D4E4F3">
<td>DEPTO</td>
<td>44</td>
</tr>
<tr>
<td>CAR</td>
<td>1021</td>
</tr>
<tr bgcolor="#D4E4F3">
<td>NOMBRE</td>
<td>OC_107</td>
</tr>
<tr>
<td>ID_OCU_CAU</td>
<td>OC_107</td>
</tr>
<tr bgcolor="#D4E4F3">
<td>NOM_C_AG</td>
<td>Arroyo no identificado</td>
</tr>
<tr>
<td>ESTADO_OC</td>
<td>2001</td>
</tr>
<tr bgcolor="#D4E4F3">
<td>MARGEN</td>
<td>2011</td>
</tr>
<tr>
<td>T_CAUDAL</td>
<td>2120</td>
</tr>
<tr bgcolor="#D4E4F3">
<td>T_FUE_SUP</td>
<td>2212</td>
</tr>
<tr>
<td>TIPO_OCUP</td>
<td>Alcantarilla</td>
</tr>
<tr bgcolor="#D4E4F3">
<td>ESPECIFIC</td>
<td>Rango de movilidad de 100 maguas arriba o abajo de las coordenadas reportadas</td>
</tr>
<tr>
<td>AH</td>
<td>1</td>
</tr>
<tr bgcolor="#D4E4F3">
<td>ZH</td>
<td>15</td>
</tr>
<tr>
<td>SZH</td>
<td>1508</td>
</tr>
<tr bgcolor="#D4E4F3">
<td>N_NV_SUB</td>
<td>Arroyo Pehepih</td>
</tr>
<tr>
<td>C_NV_SUB</td>
<td>1508-2</td>
</tr>
<tr bgcolor="#D4E4F3">
<td>N_MIC_CUE</td>
<td>Arroyo Kamushipaa</td>
</tr>
<tr>
<td>C_MIC_CUE</td>
<td>1508-2-2</td>
</tr>
<tr bgcolor="#D4E4F3">
<td>OBSERV</td>
<td>&lt;Null&gt;</td>
</tr>
<tr>
<td>COTA</td>
<td>10</td>
</tr>
<tr bgcolor="#D4E4F3">
<td>COOR_ESTE</td>
<td>5106043,5034</td>
</tr>
<tr>
<td>COOR_NORTE</td>
<td>2842155,3757</td>
</tr>
</table>
</td>
</tr>
</table>
</body><script type="text/javascript">
				function changeImage(attElement, nameElement) {
				document.getElementById('imageAttachment').src = attElement;
				document.getElementById('imageName').innerHTML = nameElement;}
			</script></html>
]]></description>
      <Point>
        <extrude>0</extrude><altitudeMode>clampToGround</altitudeMode>
        <coordinates> -72.02686268122972,11.61913085518817,0</coordinates>
      </Point>
    </Placemark>
    <Placemark id="ID_00014">
      <name>OC_118</name>
      <snippet></snippet>
      <description><![CDATA[<html xmlns:fo="http://www.w3.org/1999/XSL/Format" xmlns:msxsl="urn:schemas-microsoft-com:xslt">
<head>
<META http-equiv="Content-Type" content="text/html">
<meta http-equiv="content-type" content="text/html; charset=UTF-8">
</head>
<body style="margin:0px 0px 0px 0px;overflow:auto;background:#FFFFFF;">
<table style="font-family:Arial,Verdana,Times;font-size:12px;text-align:left;width:100%;border-collapse:collapse;padding:3px 3px 3px 3px">
<tr style="text-align:center;font-weight:bold;background:#9CBCE2">
<td>LAV0029-00-2019</td>
</tr>
<tr>
<td>
<table style="font-family:Arial,Verdana,Times;font-size:12px;text-align:left;width:100%;border-spacing:0px; padding:3px 3px 3px 3px">
<tr>
<td>SHAPE</td>
<td>Point</td>
</tr>
<tr bgcolor="#D4E4F3">
<td>EXPEDIENTE</td>
<td>LAV0029-00-2019</td>
</tr>
<tr>
<td>OPERADOR</td>
<td>WIND AUTOGENERACIÓN S.A.S.</td>
</tr>
<tr bgcolor="#D4E4F3">
<td>PROYECTO</td>
<td>PARQUE EÓLICO WINDPESHI</td>
</tr>
<tr>
<td>NUM_ACT_AD</td>
<td>261</td>
</tr>
<tr bgcolor="#D4E4F3">
<td>FEC_ACT_AD</td>
<td>13/02/2020</td>
</tr>
<tr>
<td>ART_ACT_AD</td>
<td>Articulo sexto</td>
</tr>
<tr bgcolor="#D4E4F3">
<td>VEREDA</td>
<td>Utkap</td>
</tr>
<tr>
<td>MUNICIPIO</td>
<td>44430</td>
</tr>
<tr bgcolor="#D4E4F3">
<td>DEPTO</td>
<td>44</td>
</tr>
<tr>
<td>CAR</td>
<td>1021</td>
</tr>
<tr bgcolor="#D4E4F3">
<td>NOMBRE</td>
<td>OC_118</td>
</tr>
<tr>
<td>ID_OCU_CAU</td>
<td>OC_118</td>
</tr>
<tr bgcolor="#D4E4F3">
<td>NOM_C_AG</td>
<td>Arroyo no identificado</td>
</tr>
<tr>
<td>ESTADO_OC</td>
<td>2001</td>
</tr>
<tr bgcolor="#D4E4F3">
<td>MARGEN</td>
<td>2011</td>
</tr>
<tr>
<td>T_CAUDAL</td>
<td>2120</td>
</tr>
<tr bgcolor="#D4E4F3">
<td>T_FUE_SUP</td>
<td>2212</td>
</tr>
<tr>
<td>TIPO_OCUP</td>
<td>Alcantarilla</td>
</tr>
<tr bgcolor="#D4E4F3">
<td>ESPECIFIC</td>
<td>Rango de movilidad de 100 maguas arriba o abajo de las coordenadas reportadas</td>
</tr>
<tr>
<td>AH</td>
<td>1</td>
</tr>
<tr bgcolor="#D4E4F3">
<td>ZH</td>
<td>15</td>
</tr>
<tr>
<td>SZH</td>
<td>1508</td>
</tr>
<tr bgcolor="#D4E4F3">
<td>N_NV_SUB</td>
<td>Arroyo Kaliye</td>
</tr>
<tr>
<td>C_NV_SUB</td>
<td>1508-1</td>
</tr>
<tr bgcolor="#D4E4F3">
<td>N_MIC_CUE</td>
<td>Arroyo Maliche</td>
</tr>
<tr>
<td>C_MIC_CUE</td>
<td>1508-1-1</td>
</tr>
<tr bgcolor="#D4E4F3">
<td>OBSERV</td>
<td>&lt;Null&gt;</td>
</tr>
<tr>
<td>COTA</td>
<td>10</td>
</tr>
<tr bgcolor="#D4E4F3">
<td>COOR_ESTE</td>
<td>5107908,932</td>
</tr>
<tr>
<td>COOR_NORTE</td>
<td>2841362,1335</td>
</tr>
</table>
</td>
</tr>
</table>
</body><script type="text/javascript">
				function changeImage(attElement, nameElement) {
				document.getElementById('imageAttachment').src = attElement;
				document.getElementById('imageName').innerHTML = nameElement;}
			</script></html>
]]></description>
      <Point>
        <extrude>0</extrude><altitudeMode>clampToGround</altitudeMode>
        <coordinates> -72.00977116283281,11.6118970352364,0</coordinates>
      </Point>
    </Placemark>
    <Placemark id="ID_00015">
      <name>OC_119</name>
      <snippet></snippet>
      <description><![CDATA[<html xmlns:fo="http://www.w3.org/1999/XSL/Format" xmlns:msxsl="urn:schemas-microsoft-com:xslt">
<head>
<META http-equiv="Content-Type" content="text/html">
<meta http-equiv="content-type" content="text/html; charset=UTF-8">
</head>
<body style="margin:0px 0px 0px 0px;overflow:auto;background:#FFFFFF;">
<table style="font-family:Arial,Verdana,Times;font-size:12px;text-align:left;width:100%;border-collapse:collapse;padding:3px 3px 3px 3px">
<tr style="text-align:center;font-weight:bold;background:#9CBCE2">
<td>LAV0029-00-2019</td>
</tr>
<tr>
<td>
<table style="font-family:Arial,Verdana,Times;font-size:12px;text-align:left;width:100%;border-spacing:0px; padding:3px 3px 3px 3px">
<tr>
<td>SHAPE</td>
<td>Point</td>
</tr>
<tr bgcolor="#D4E4F3">
<td>EXPEDIENTE</td>
<td>LAV0029-00-2019</td>
</tr>
<tr>
<td>OPERADOR</td>
<td>WIND AUTOGENERACIÓN S.A.S.</td>
</tr>
<tr bgcolor="#D4E4F3">
<td>PROYECTO</td>
<td>PARQUE EÓLICO WINDPESHI</td>
</tr>
<tr>
<td>NUM_ACT_AD</td>
<td>261</td>
</tr>
<tr bgcolor="#D4E4F3">
<td>FEC_ACT_AD</td>
<td>13/02/2020</td>
</tr>
<tr>
<td>ART_ACT_AD</td>
<td>Articulo sexto</td>
</tr>
<tr bgcolor="#D4E4F3">
<td>VEREDA</td>
<td>Patajatamana</td>
</tr>
<tr>
<td>MUNICIPIO</td>
<td>44430</td>
</tr>
<tr bgcolor="#D4E4F3">
<td>DEPTO</td>
<td>44</td>
</tr>
<tr>
<td>CAR</td>
<td>1021</td>
</tr>
<tr bgcolor="#D4E4F3">
<td>NOMBRE</td>
<td>OC_119</td>
</tr>
<tr>
<td>ID_OCU_CAU</td>
<td>OC_119</td>
</tr>
<tr bgcolor="#D4E4F3">
<td>NOM_C_AG</td>
<td>Arroyo no identificado</td>
</tr>
<tr>
<td>ESTADO_OC</td>
<td>2001</td>
</tr>
<tr bgcolor="#D4E4F3">
<td>MARGEN</td>
<td>2011</td>
</tr>
<tr>
<td>T_CAUDAL</td>
<td>2120</td>
</tr>
<tr bgcolor="#D4E4F3">
<td>T_FUE_SUP</td>
<td>2212</td>
</tr>
<tr>
<td>TIPO_OCUP</td>
<td>Marco</td>
</tr>
<tr bgcolor="#D4E4F3">
<td>ESPECIFIC</td>
<td>Rango de movilidad de 100 maguas arriba o abajo de las coordenadas reportadas</td>
</tr>
<tr>
<td>AH</td>
<td>1</td>
</tr>
<tr bgcolor="#D4E4F3">
<td>ZH</td>
<td>15</td>
</tr>
<tr>
<td>SZH</td>
<td>1508</td>
</tr>
<tr bgcolor="#D4E4F3">
<td>N_NV_SUB</td>
<td>Arroyo Kaliye</td>
</tr>
<tr>
<td>C_NV_SUB</td>
<td>1508-1</td>
</tr>
<tr bgcolor="#D4E4F3">
<td>N_MIC_CUE</td>
<td>Arroyo Jaiwamana</td>
</tr>
<tr>
<td>C_MIC_CUE</td>
<td>1508-1-2</td>
</tr>
<tr bgcolor="#D4E4F3">
<td>OBSERV</td>
<td>&lt;Null&gt;</td>
</tr>
<tr>
<td>COTA</td>
<td>12</td>
</tr>
<tr bgcolor="#D4E4F3">
<td>COOR_ESTE</td>
<td>5108015,0699</td>
</tr>
<tr>
<td>COOR_NORTE</td>
<td>2841971,3667</td>
</tr>
</table>
</td>
</tr>
</table>
</body><script type="text/javascript">
				function changeImage(attElement, nameElement) {
				document.getElementById('imageAttachment').src = attElement;
				document.getElementById('imageName').innerHTML = nameElement;}
			</script></html>
]]></description>
      <Point>
        <extrude>0</extrude><altitudeMode>clampToGround</altitudeMode>
        <coordinates> -72.00877781541945,11.6174047496239,0</coordinates>
      </Point>
    </Placemark>
    <Placemark id="ID_00016">
      <name>OC_120</name>
      <snippet></snippet>
      <description><![CDATA[<html xmlns:fo="http://www.w3.org/1999/XSL/Format" xmlns:msxsl="urn:schemas-microsoft-com:xslt">
<head>
<META http-equiv="Content-Type" content="text/html">
<meta http-equiv="content-type" content="text/html; charset=UTF-8">
</head>
<body style="margin:0px 0px 0px 0px;overflow:auto;background:#FFFFFF;">
<table style="font-family:Arial,Verdana,Times;font-size:12px;text-align:left;width:100%;border-collapse:collapse;padding:3px 3px 3px 3px">
<tr style="text-align:center;font-weight:bold;background:#9CBCE2">
<td>LAV0029-00-2019</td>
</tr>
<tr>
<td>
<table style="font-family:Arial,Verdana,Times;font-size:12px;text-align:left;width:100%;border-spacing:0px; padding:3px 3px 3px 3px">
<tr>
<td>SHAPE</td>
<td>Point</td>
</tr>
<tr bgcolor="#D4E4F3">
<td>EXPEDIENTE</td>
<td>LAV0029-00-2019</td>
</tr>
<tr>
<td>OPERADOR</td>
<td>WIND AUTOGENERACIÓN S.A.S.</td>
</tr>
<tr bgcolor="#D4E4F3">
<td>PROYECTO</td>
<td>PARQUE EÓLICO WINDPESHI</td>
</tr>
<tr>
<td>NUM_ACT_AD</td>
<td>261</td>
</tr>
<tr bgcolor="#D4E4F3">
<td>FEC_ACT_AD</td>
<td>13/02/2020</td>
</tr>
<tr>
<td>ART_ACT_AD</td>
<td>Articulo sexto</td>
</tr>
<tr bgcolor="#D4E4F3">
<td>VEREDA</td>
<td>Patajatamana</td>
</tr>
<tr>
<td>MUNICIPIO</td>
<td>44430</td>
</tr>
<tr bgcolor="#D4E4F3">
<td>DEPTO</td>
<td>44</td>
</tr>
<tr>
<td>CAR</td>
<td>1021</td>
</tr>
<tr bgcolor="#D4E4F3">
<td>NOMBRE</td>
<td>OC_120</td>
</tr>
<tr>
<td>ID_OCU_CAU</td>
<td>OC_120</td>
</tr>
<tr bgcolor="#D4E4F3">
<td>NOM_C_AG</td>
<td>Arroyo no identificado</td>
</tr>
<tr>
<td>ESTADO_OC</td>
<td>2001</td>
</tr>
<tr bgcolor="#D4E4F3">
<td>MARGEN</td>
<td>2011</td>
</tr>
<tr>
<td>T_CAUDAL</td>
<td>2120</td>
</tr>
<tr bgcolor="#D4E4F3">
<td>T_FUE_SUP</td>
<td>2212</td>
</tr>
<tr>
<td>TIPO_OCUP</td>
<td>Alcantarilla</td>
</tr>
<tr bgcolor="#D4E4F3">
<td>ESPECIFIC</td>
<td>Rango de movilidad de 100 maguas arriba o abajo de las coordenadas reportadas</td>
</tr>
<tr>
<td>AH</td>
<td>1</td>
</tr>
<tr bgcolor="#D4E4F3">
<td>ZH</td>
<td>15</td>
</tr>
<tr>
<td>SZH</td>
<td>1508</td>
</tr>
<tr bgcolor="#D4E4F3">
<td>N_NV_SUB</td>
<td>Arroyo Kaliye</td>
</tr>
<tr>
<td>C_NV_SUB</td>
<td>1508-1</td>
</tr>
<tr bgcolor="#D4E4F3">
<td>N_MIC_CUE</td>
<td>Arroyo Kaliye</td>
</tr>
<tr>
<td>C_MIC_CUE</td>
<td>1508-1</td>
</tr>
<tr bgcolor="#D4E4F3">
<td>OBSERV</td>
<td>&lt;Null&gt;</td>
</tr>
<tr>
<td>COTA</td>
<td>11</td>
</tr>
<tr bgcolor="#D4E4F3">
<td>COOR_ESTE</td>
<td>5108451,8363</td>
</tr>
<tr>
<td>COOR_NORTE</td>
<td>2841993,4088</td>
</tr>
</table>
</td>
</tr>
</table>
</body><script type="text/javascript">
				function changeImage(attElement, nameElement) {
				document.getElementById('imageAttachment').src = attElement;
				document.getElementById('imageName').innerHTML = nameElement;}
			</script></html>
]]></description>
      <Point>
        <extrude>0</extrude><altitudeMode>clampToGround</altitudeMode>
        <coordinates> -72.00476945357869,11.61759034618884,0</coordinates>
      </Point>
    </Placemark>
    <Placemark id="ID_00017">
      <name>OC_64</name>
      <snippet></snippet>
      <description><![CDATA[<html xmlns:fo="http://www.w3.org/1999/XSL/Format" xmlns:msxsl="urn:schemas-microsoft-com:xslt">
<head>
<META http-equiv="Content-Type" content="text/html">
<meta http-equiv="content-type" content="text/html; charset=UTF-8">
</head>
<body style="margin:0px 0px 0px 0px;overflow:auto;background:#FFFFFF;">
<table style="font-family:Arial,Verdana,Times;font-size:12px;text-align:left;width:100%;border-collapse:collapse;padding:3px 3px 3px 3px">
<tr style="text-align:center;font-weight:bold;background:#9CBCE2">
<td>LAV0029-00-2019</td>
</tr>
<tr>
<td>
<table style="font-family:Arial,Verdana,Times;font-size:12px;text-align:left;width:100%;border-spacing:0px; padding:3px 3px 3px 3px">
<tr>
<td>SHAPE</td>
<td>Point</td>
</tr>
<tr bgcolor="#D4E4F3">
<td>EXPEDIENTE</td>
<td>LAV0029-00-2019</td>
</tr>
<tr>
<td>OPERADOR</td>
<td>WIND AUTOGENERACIÓN S.A.S.</td>
</tr>
<tr bgcolor="#D4E4F3">
<td>PROYECTO</td>
<td>PARQUE EÓLICO WINDPESHI</td>
</tr>
<tr>
<td>NUM_ACT_AD</td>
<td>261</td>
</tr>
<tr bgcolor="#D4E4F3">
<td>FEC_ACT_AD</td>
<td>13/02/2020</td>
</tr>
<tr>
<td>ART_ACT_AD</td>
<td>Articulo sexto</td>
</tr>
<tr bgcolor="#D4E4F3">
<td>VEREDA</td>
<td>Utkap</td>
</tr>
<tr>
<td>MUNICIPIO</td>
<td>44430</td>
</tr>
<tr bgcolor="#D4E4F3">
<td>DEPTO</td>
<td>44</td>
</tr>
<tr>
<td>CAR</td>
<td>1021</td>
</tr>
<tr bgcolor="#D4E4F3">
<td>NOMBRE</td>
<td>OC_64</td>
</tr>
<tr>
<td>ID_OCU_CAU</td>
<td>OC_64</td>
</tr>
<tr bgcolor="#D4E4F3">
<td>NOM_C_AG</td>
<td>Arroyo no identificado</td>
</tr>
<tr>
<td>ESTADO_OC</td>
<td>2001</td>
</tr>
<tr bgcolor="#D4E4F3">
<td>MARGEN</td>
<td>2011</td>
</tr>
<tr>
<td>T_CAUDAL</td>
<td>2120</td>
</tr>
<tr bgcolor="#D4E4F3">
<td>T_FUE_SUP</td>
<td>2212</td>
</tr>
<tr>
<td>TIPO_OCUP</td>
<td>Marco</td>
</tr>
<tr bgcolor="#D4E4F3">
<td>ESPECIFIC</td>
<td>Rango de movilidad de 100 maguas arriba o abajo de las coordenadas reportadas</td>
</tr>
<tr>
<td>AH</td>
<td>1</td>
</tr>
<tr bgcolor="#D4E4F3">
<td>ZH</td>
<td>15</td>
</tr>
<tr>
<td>SZH</td>
<td>1508</td>
</tr>
<tr bgcolor="#D4E4F3">
<td>N_NV_SUB</td>
<td>Arroyo Kaliye</td>
</tr>
<tr>
<td>C_NV_SUB</td>
<td>1508-1</td>
</tr>
<tr bgcolor="#D4E4F3">
<td>N_MIC_CUE</td>
<td>Arroyo Kaliye</td>
</tr>
<tr>
<td>C_MIC_CUE</td>
<td>1508-1</td>
</tr>
<tr bgcolor="#D4E4F3">
<td>OBSERV</td>
<td>&lt;Null&gt;</td>
</tr>
<tr>
<td>COTA</td>
<td>11</td>
</tr>
<tr bgcolor="#D4E4F3">
<td>COOR_ESTE</td>
<td>5109395,8484</td>
</tr>
<tr>
<td>COOR_NORTE</td>
<td>2840582,9225</td>
</tr>
</table>
</td>
</tr>
</table>
</body><script type="text/javascript">
				function changeImage(attElement, nameElement) {
				document.getElementById('imageAttachment').src = attElement;
				document.getElementById('imageName').innerHTML = nameElement;}
			</script></html>
]]></description>
      <Point>
        <extrude>0</extrude><altitudeMode>clampToGround</altitudeMode>
        <coordinates> -71.9961530998075,11.6048012855448,0</coordinates>
      </Point>
    </Placemark>
    <Placemark id="ID_00018">
      <name>OC_69</name>
      <snippet></snippet>
      <description><![CDATA[<html xmlns:fo="http://www.w3.org/1999/XSL/Format" xmlns:msxsl="urn:schemas-microsoft-com:xslt">
<head>
<META http-equiv="Content-Type" content="text/html">
<meta http-equiv="content-type" content="text/html; charset=UTF-8">
</head>
<body style="margin:0px 0px 0px 0px;overflow:auto;background:#FFFFFF;">
<table style="font-family:Arial,Verdana,Times;font-size:12px;text-align:left;width:100%;border-collapse:collapse;padding:3px 3px 3px 3px">
<tr style="text-align:center;font-weight:bold;background:#9CBCE2">
<td>LAV0029-00-2019</td>
</tr>
<tr>
<td>
<table style="font-family:Arial,Verdana,Times;font-size:12px;text-align:left;width:100%;border-spacing:0px; padding:3px 3px 3px 3px">
<tr>
<td>SHAPE</td>
<td>Point</td>
</tr>
<tr bgcolor="#D4E4F3">
<td>EXPEDIENTE</td>
<td>LAV0029-00-2019</td>
</tr>
<tr>
<td>OPERADOR</td>
<td>WIND AUTOGENERACIÓN S.A.S.</td>
</tr>
<tr bgcolor="#D4E4F3">
<td>PROYECTO</td>
<td>PARQUE EÓLICO WINDPESHI</td>
</tr>
<tr>
<td>NUM_ACT_AD</td>
<td>261</td>
</tr>
<tr bgcolor="#D4E4F3">
<td>FEC_ACT_AD</td>
<td>13/02/2020</td>
</tr>
<tr>
<td>ART_ACT_AD</td>
<td>Articulo sexto</td>
</tr>
<tr bgcolor="#D4E4F3">
<td>VEREDA</td>
<td>Utkap</td>
</tr>
<tr>
<td>MUNICIPIO</td>
<td>44430</td>
</tr>
<tr bgcolor="#D4E4F3">
<td>DEPTO</td>
<td>44</td>
</tr>
<tr>
<td>CAR</td>
<td>1021</td>
</tr>
<tr bgcolor="#D4E4F3">
<td>NOMBRE</td>
<td>OC_69</td>
</tr>
<tr>
<td>ID_OCU_CAU</td>
<td>OC_69</td>
</tr>
<tr bgcolor="#D4E4F3">
<td>NOM_C_AG</td>
<td>Arroyo no identificado</td>
</tr>
<tr>
<td>ESTADO_OC</td>
<td>2001</td>
</tr>
<tr bgcolor="#D4E4F3">
<td>MARGEN</td>
<td>2011</td>
</tr>
<tr>
<td>T_CAUDAL</td>
<td>2120</td>
</tr>
<tr bgcolor="#D4E4F3">
<td>T_FUE_SUP</td>
<td>2212</td>
</tr>
<tr>
<td>TIPO_OCUP</td>
<td>Marco</td>
</tr>
<tr bgcolor="#D4E4F3">
<td>ESPECIFIC</td>
<td>Rango de movilidad de 100 maguas arriba o abajo de las coordenadas reportadas</td>
</tr>
<tr>
<td>AH</td>
<td>1</td>
</tr>
<tr bgcolor="#D4E4F3">
<td>ZH</td>
<td>15</td>
</tr>
<tr>
<td>SZH</td>
<td>1508</td>
</tr>
<tr bgcolor="#D4E4F3">
<td>N_NV_SUB</td>
<td>Arroyo Kaliye</td>
</tr>
<tr>
<td>C_NV_SUB</td>
<td>1508-1</td>
</tr>
<tr bgcolor="#D4E4F3">
<td>N_MIC_CUE</td>
<td>Arroyo Maliche</td>
</tr>
<tr>
<td>C_MIC_CUE</td>
<td>1508-1-1</td>
</tr>
<tr bgcolor="#D4E4F3">
<td>OBSERV</td>
<td>&lt;Null&gt;</td>
</tr>
<tr>
<td>COTA</td>
<td>6</td>
</tr>
<tr bgcolor="#D4E4F3">
<td>COOR_ESTE</td>
<td>5107957,9993</td>
</tr>
<tr>
<td>COOR_NORTE</td>
<td>2840824,2279</td>
</tr>
</table>
</td>
</tr>
</table>
</body><script type="text/javascript">
				function changeImage(attElement, nameElement) {
				document.getElementById('imageAttachment').src = attElement;
				document.getElementById('imageName').innerHTML = nameElement;}
			</script></html>
]]></description>
      <Point>
        <extrude>0</extrude><altitudeMode>clampToGround</altitudeMode>
        <coordinates> -72.00933811767288,11.60702965343147,0</coordinates>
      </Point>
    </Placemark>
    <Placemark id="ID_00019">
      <name>OC_70</name>
      <snippet></snippet>
      <description><![CDATA[<html xmlns:fo="http://www.w3.org/1999/XSL/Format" xmlns:msxsl="urn:schemas-microsoft-com:xslt">
<head>
<META http-equiv="Content-Type" content="text/html">
<meta http-equiv="content-type" content="text/html; charset=UTF-8">
</head>
<body style="margin:0px 0px 0px 0px;overflow:auto;background:#FFFFFF;">
<table style="font-family:Arial,Verdana,Times;font-size:12px;text-align:left;width:100%;border-collapse:collapse;padding:3px 3px 3px 3px">
<tr style="text-align:center;font-weight:bold;background:#9CBCE2">
<td>LAV0029-00-2019</td>
</tr>
<tr>
<td>
<table style="font-family:Arial,Verdana,Times;font-size:12px;text-align:left;width:100%;border-spacing:0px; padding:3px 3px 3px 3px">
<tr>
<td>SHAPE</td>
<td>Point</td>
</tr>
<tr bgcolor="#D4E4F3">
<td>EXPEDIENTE</td>
<td>LAV0029-00-2019</td>
</tr>
<tr>
<td>OPERADOR</td>
<td>WIND AUTOGENERACIÓN S.A.S.</td>
</tr>
<tr bgcolor="#D4E4F3">
<td>PROYECTO</td>
<td>PARQUE EÓLICO WINDPESHI</td>
</tr>
<tr>
<td>NUM_ACT_AD</td>
<td>261</td>
</tr>
<tr bgcolor="#D4E4F3">
<td>FEC_ACT_AD</td>
<td>13/02/2020</td>
</tr>
<tr>
<td>ART_ACT_AD</td>
<td>Articulo sexto</td>
</tr>
<tr bgcolor="#D4E4F3">
<td>VEREDA</td>
<td>Utkap</td>
</tr>
<tr>
<td>MUNICIPIO</td>
<td>44430</td>
</tr>
<tr bgcolor="#D4E4F3">
<td>DEPTO</td>
<td>44</td>
</tr>
<tr>
<td>CAR</td>
<td>1021</td>
</tr>
<tr bgcolor="#D4E4F3">
<td>NOMBRE</td>
<td>OC_70</td>
</tr>
<tr>
<td>ID_OCU_CAU</td>
<td>OC_70</td>
</tr>
<tr bgcolor="#D4E4F3">
<td>NOM_C_AG</td>
<td>Arroyo no identificado</td>
</tr>
<tr>
<td>ESTADO_OC</td>
<td>2001</td>
</tr>
<tr bgcolor="#D4E4F3">
<td>MARGEN</td>
<td>2011</td>
</tr>
<tr>
<td>T_CAUDAL</td>
<td>2120</td>
</tr>
<tr bgcolor="#D4E4F3">
<td>T_FUE_SUP</td>
<td>2212</td>
</tr>
<tr>
<td>TIPO_OCUP</td>
<td>Marco</td>
</tr>
<tr bgcolor="#D4E4F3">
<td>ESPECIFIC</td>
<td>Rango de movilidad de 100 maguas arriba o abajo de las coordenadas reportadas</td>
</tr>
<tr>
<td>AH</td>
<td>1</td>
</tr>
<tr bgcolor="#D4E4F3">
<td>ZH</td>
<td>15</td>
</tr>
<tr>
<td>SZH</td>
<td>1508</td>
</tr>
<tr bgcolor="#D4E4F3">
<td>N_NV_SUB</td>
<td>Arroyo Kaliye</td>
</tr>
<tr>
<td>C_NV_SUB</td>
<td>1508-1</td>
</tr>
<tr bgcolor="#D4E4F3">
<td>N_MIC_CUE</td>
<td>Arroyo Kaliye</td>
</tr>
<tr>
<td>C_MIC_CUE</td>
<td>1508-1</td>
</tr>
<tr bgcolor="#D4E4F3">
<td>OBSERV</td>
<td>&lt;Null&gt;</td>
</tr>
<tr>
<td>COTA</td>
<td>10</td>
</tr>
<tr bgcolor="#D4E4F3">
<td>COOR_ESTE</td>
<td>5108037,5724</td>
</tr>
<tr>
<td>COOR_NORTE</td>
<td>2840941,6058</td>
</tr>
</table>
</td>
</tr>
</table>
</body><script type="text/javascript">
				function changeImage(attElement, nameElement) {
				document.getElementById('imageAttachment').src = attElement;
				document.getElementById('imageName').innerHTML = nameElement;}
			</script></html>
]]></description>
      <Point>
        <extrude>0</extrude><altitudeMode>clampToGround</altitudeMode>
        <coordinates> -72.00860425226765,11.60808893618975,0</coordinates>
      </Point>
    </Placemark>
    <Placemark id="ID_00020">
      <name>OC_71</name>
      <snippet></snippet>
      <description><![CDATA[<html xmlns:fo="http://www.w3.org/1999/XSL/Format" xmlns:msxsl="urn:schemas-microsoft-com:xslt">
<head>
<META http-equiv="Content-Type" content="text/html">
<meta http-equiv="content-type" content="text/html; charset=UTF-8">
</head>
<body style="margin:0px 0px 0px 0px;overflow:auto;background:#FFFFFF;">
<table style="font-family:Arial,Verdana,Times;font-size:12px;text-align:left;width:100%;border-collapse:collapse;padding:3px 3px 3px 3px">
<tr style="text-align:center;font-weight:bold;background:#9CBCE2">
<td>LAV0029-00-2019</td>
</tr>
<tr>
<td>
<table style="font-family:Arial,Verdana,Times;font-size:12px;text-align:left;width:100%;border-spacing:0px; padding:3px 3px 3px 3px">
<tr>
<td>SHAPE</td>
<td>Point</td>
</tr>
<tr bgcolor="#D4E4F3">
<td>EXPEDIENTE</td>
<td>LAV0029-00-2019</td>
</tr>
<tr>
<td>OPERADOR</td>
<td>WIND AUTOGENERACIÓN S.A.S.</td>
</tr>
<tr bgcolor="#D4E4F3">
<td>PROYECTO</td>
<td>PARQUE EÓLICO WINDPESHI</td>
</tr>
<tr>
<td>NUM_ACT_AD</td>
<td>261</td>
</tr>
<tr bgcolor="#D4E4F3">
<td>FEC_ACT_AD</td>
<td>13/02/2020</td>
</tr>
<tr>
<td>ART_ACT_AD</td>
<td>Articulo sexto</td>
</tr>
<tr bgcolor="#D4E4F3">
<td>VEREDA</td>
<td>Utkap</td>
</tr>
<tr>
<td>MUNICIPIO</td>
<td>44430</td>
</tr>
<tr bgcolor="#D4E4F3">
<td>DEPTO</td>
<td>44</td>
</tr>
<tr>
<td>CAR</td>
<td>1021</td>
</tr>
<tr bgcolor="#D4E4F3">
<td>NOMBRE</td>
<td>OC_71</td>
</tr>
<tr>
<td>ID_OCU_CAU</td>
<td>OC_71</td>
</tr>
<tr bgcolor="#D4E4F3">
<td>NOM_C_AG</td>
<td>Arroyo no identificado</td>
</tr>
<tr>
<td>ESTADO_OC</td>
<td>2001</td>
</tr>
<tr bgcolor="#D4E4F3">
<td>MARGEN</td>
<td>2011</td>
</tr>
<tr>
<td>T_CAUDAL</td>
<td>2120</td>
</tr>
<tr bgcolor="#D4E4F3">
<td>T_FUE_SUP</td>
<td>2212</td>
</tr>
<tr>
<td>TIPO_OCUP</td>
<td>Marco</td>
</tr>
<tr bgcolor="#D4E4F3">
<td>ESPECIFIC</td>
<td>Rango de movilidad de 100 maguas arriba o abajo de las coordenadas reportadas</td>
</tr>
<tr>
<td>AH</td>
<td>1</td>
</tr>
<tr bgcolor="#D4E4F3">
<td>ZH</td>
<td>15</td>
</tr>
<tr>
<td>SZH</td>
<td>1508</td>
</tr>
<tr bgcolor="#D4E4F3">
<td>N_NV_SUB</td>
<td>Arroyo Kaliye</td>
</tr>
<tr>
<td>C_NV_SUB</td>
<td>1508-1</td>
</tr>
<tr bgcolor="#D4E4F3">
<td>N_MIC_CUE</td>
<td>Arroyo Maliche</td>
</tr>
<tr>
<td>C_MIC_CUE</td>
<td>1508-1-1</td>
</tr>
<tr bgcolor="#D4E4F3">
<td>OBSERV</td>
<td>&lt;Null&gt;</td>
</tr>
<tr>
<td>COTA</td>
<td>8</td>
</tr>
<tr bgcolor="#D4E4F3">
<td>COOR_ESTE</td>
<td>5108035,624</td>
</tr>
<tr>
<td>COOR_NORTE</td>
<td>2841368,4956</td>
</tr>
</table>
</td>
</tr>
</table>
</body><script type="text/javascript">
				function changeImage(attElement, nameElement) {
				document.getElementById('imageAttachment').src = attElement;
				document.getElementById('imageName').innerHTML = nameElement;}
			</script></html>
]]></description>
      <Point>
        <extrude>0</extrude><altitudeMode>clampToGround</altitudeMode>
        <coordinates> -72.00860848877619,11.61195059662241,0</coordinates>
      </Point>
    </Placemark>
    <Placemark id="ID_00021">
      <name>OC_72</name>
      <snippet></snippet>
      <description><![CDATA[<html xmlns:fo="http://www.w3.org/1999/XSL/Format" xmlns:msxsl="urn:schemas-microsoft-com:xslt">
<head>
<META http-equiv="Content-Type" content="text/html">
<meta http-equiv="content-type" content="text/html; charset=UTF-8">
</head>
<body style="margin:0px 0px 0px 0px;overflow:auto;background:#FFFFFF;">
<table style="font-family:Arial,Verdana,Times;font-size:12px;text-align:left;width:100%;border-collapse:collapse;padding:3px 3px 3px 3px">
<tr style="text-align:center;font-weight:bold;background:#9CBCE2">
<td>LAV0029-00-2019</td>
</tr>
<tr>
<td>
<table style="font-family:Arial,Verdana,Times;font-size:12px;text-align:left;width:100%;border-spacing:0px; padding:3px 3px 3px 3px">
<tr>
<td>SHAPE</td>
<td>Point</td>
</tr>
<tr bgcolor="#D4E4F3">
<td>EXPEDIENTE</td>
<td>LAV0029-00-2019</td>
</tr>
<tr>
<td>OPERADOR</td>
<td>WIND AUTOGENERACIÓN S.A.S.</td>
</tr>
<tr bgcolor="#D4E4F3">
<td>PROYECTO</td>
<td>PARQUE EÓLICO WINDPESHI</td>
</tr>
<tr>
<td>NUM_ACT_AD</td>
<td>261</td>
</tr>
<tr bgcolor="#D4E4F3">
<td>FEC_ACT_AD</td>
<td>13/02/2020</td>
</tr>
<tr>
<td>ART_ACT_AD</td>
<td>Articulo sexto</td>
</tr>
<tr bgcolor="#D4E4F3">
<td>VEREDA</td>
<td>Utkap</td>
</tr>
<tr>
<td>MUNICIPIO</td>
<td>44430</td>
</tr>
<tr bgcolor="#D4E4F3">
<td>DEPTO</td>
<td>44</td>
</tr>
<tr>
<td>CAR</td>
<td>1021</td>
</tr>
<tr bgcolor="#D4E4F3">
<td>NOMBRE</td>
<td>OC_72</td>
</tr>
<tr>
<td>ID_OCU_CAU</td>
<td>OC_72</td>
</tr>
<tr bgcolor="#D4E4F3">
<td>NOM_C_AG</td>
<td>Arroyo no identificado</td>
</tr>
<tr>
<td>ESTADO_OC</td>
<td>2001</td>
</tr>
<tr bgcolor="#D4E4F3">
<td>MARGEN</td>
<td>2011</td>
</tr>
<tr>
<td>T_CAUDAL</td>
<td>2120</td>
</tr>
<tr bgcolor="#D4E4F3">
<td>T_FUE_SUP</td>
<td>2212</td>
</tr>
<tr>
<td>TIPO_OCUP</td>
<td>Marco</td>
</tr>
<tr bgcolor="#D4E4F3">
<td>ESPECIFIC</td>
<td>Rango de movilidad de 100 maguas arriba o abajo de las coordenadas reportadas</td>
</tr>
<tr>
<td>AH</td>
<td>1</td>
</tr>
<tr bgcolor="#D4E4F3">
<td>ZH</td>
<td>15</td>
</tr>
<tr>
<td>SZH</td>
<td>1508</td>
</tr>
<tr bgcolor="#D4E4F3">
<td>N_NV_SUB</td>
<td>Arroyo Kaliye</td>
</tr>
<tr>
<td>C_NV_SUB</td>
<td>1508-1</td>
</tr>
<tr bgcolor="#D4E4F3">
<td>N_MIC_CUE</td>
<td>Arroyo Maliche</td>
</tr>
<tr>
<td>C_MIC_CUE</td>
<td>1508-1-1</td>
</tr>
<tr bgcolor="#D4E4F3">
<td>OBSERV</td>
<td>&lt;Null&gt;</td>
</tr>
<tr>
<td>COTA</td>
<td>8</td>
</tr>
<tr bgcolor="#D4E4F3">
<td>COOR_ESTE</td>
<td>5107808,2196</td>
</tr>
<tr>
<td>COOR_NORTE</td>
<td>2841357,0761</td>
</tr>
</table>
</td>
</tr>
</table>
</body><script type="text/javascript">
				function changeImage(attElement, nameElement) {
				document.getElementById('imageAttachment').src = attElement;
				document.getElementById('imageName').innerHTML = nameElement;}
			</script></html>
]]></description>
      <Point>
        <extrude>0</extrude><altitudeMode>clampToGround</altitudeMode>
        <coordinates> -72.01069541763756,11.61185445457064,0</coordinates>
      </Point>
    </Placemark>
    <Placemark id="ID_00022">
      <name>OC_73</name>
      <snippet></snippet>
      <description><![CDATA[<html xmlns:fo="http://www.w3.org/1999/XSL/Format" xmlns:msxsl="urn:schemas-microsoft-com:xslt">
<head>
<META http-equiv="Content-Type" content="text/html">
<meta http-equiv="content-type" content="text/html; charset=UTF-8">
</head>
<body style="margin:0px 0px 0px 0px;overflow:auto;background:#FFFFFF;">
<table style="font-family:Arial,Verdana,Times;font-size:12px;text-align:left;width:100%;border-collapse:collapse;padding:3px 3px 3px 3px">
<tr style="text-align:center;font-weight:bold;background:#9CBCE2">
<td>LAV0029-00-2019</td>
</tr>
<tr>
<td>
<table style="font-family:Arial,Verdana,Times;font-size:12px;text-align:left;width:100%;border-spacing:0px; padding:3px 3px 3px 3px">
<tr>
<td>SHAPE</td>
<td>Point</td>
</tr>
<tr bgcolor="#D4E4F3">
<td>EXPEDIENTE</td>
<td>LAV0029-00-2019</td>
</tr>
<tr>
<td>OPERADOR</td>
<td>WIND AUTOGENERACIÓN S.A.S.</td>
</tr>
<tr bgcolor="#D4E4F3">
<td>PROYECTO</td>
<td>PARQUE EÓLICO WINDPESHI</td>
</tr>
<tr>
<td>NUM_ACT_AD</td>
<td>261</td>
</tr>
<tr bgcolor="#D4E4F3">
<td>FEC_ACT_AD</td>
<td>13/02/2020</td>
</tr>
<tr>
<td>ART_ACT_AD</td>
<td>Articulo sexto</td>
</tr>
<tr bgcolor="#D4E4F3">
<td>VEREDA</td>
<td>Patajatamana</td>
</tr>
<tr>
<td>MUNICIPIO</td>
<td>44430</td>
</tr>
<tr bgcolor="#D4E4F3">
<td>DEPTO</td>
<td>44</td>
</tr>
<tr>
<td>CAR</td>
<td>1021</td>
</tr>
<tr bgcolor="#D4E4F3">
<td>NOMBRE</td>
<td>OC_73</td>
</tr>
<tr>
<td>ID_OCU_CAU</td>
<td>OC_73</td>
</tr>
<tr bgcolor="#D4E4F3">
<td>NOM_C_AG</td>
<td>Arroyo no identificado</td>
</tr>
<tr>
<td>ESTADO_OC</td>
<td>2001</td>
</tr>
<tr bgcolor="#D4E4F3">
<td>MARGEN</td>
<td>2011</td>
</tr>
<tr>
<td>T_CAUDAL</td>
<td>2120</td>
</tr>
<tr bgcolor="#D4E4F3">
<td>T_FUE_SUP</td>
<td>2212</td>
</tr>
<tr>
<td>TIPO_OCUP</td>
<td>Marco</td>
</tr>
<tr bgcolor="#D4E4F3">
<td>ESPECIFIC</td>
<td>Rango de movilidad de 100 maguas arriba o abajo de las coordenadas reportadas</td>
</tr>
<tr>
<td>AH</td>
<td>1</td>
</tr>
<tr bgcolor="#D4E4F3">
<td>ZH</td>
<td>15</td>
</tr>
<tr>
<td>SZH</td>
<td>1508</td>
</tr>
<tr bgcolor="#D4E4F3">
<td>N_NV_SUB</td>
<td>Arroyo Kaliye</td>
</tr>
<tr>
<td>C_NV_SUB</td>
<td>1508-1</td>
</tr>
<tr bgcolor="#D4E4F3">
<td>N_MIC_CUE</td>
<td>Arroyo Jaiwamana</td>
</tr>
<tr>
<td>C_MIC_CUE</td>
<td>1508-1-2</td>
</tr>
<tr bgcolor="#D4E4F3">
<td>OBSERV</td>
<td>&lt;Null&gt;</td>
</tr>
<tr>
<td>COTA</td>
<td>14</td>
</tr>
<tr bgcolor="#D4E4F3">
<td>COOR_ESTE</td>
<td>5108149,1363</td>
</tr>
<tr>
<td>COOR_NORTE</td>
<td>2841978,1326</td>
</tr>
</table>
</td>
</tr>
</table>
</body><script type="text/javascript">
				function changeImage(attElement, nameElement) {
				document.getElementById('imageAttachment').src = attElement;
				document.getElementById('imageName').innerHTML = nameElement;}
			</script></html>
]]></description>
      <Point>
        <extrude>0</extrude><altitudeMode>clampToGround</altitudeMode>
        <coordinates> -72.00754744006697,11.61746172512935,0</coordinates>
      </Point>
    </Placemark>
    <Placemark id="ID_00023">
      <name>OC_76</name>
      <snippet></snippet>
      <description><![CDATA[<html xmlns:fo="http://www.w3.org/1999/XSL/Format" xmlns:msxsl="urn:schemas-microsoft-com:xslt">
<head>
<META http-equiv="Content-Type" content="text/html">
<meta http-equiv="content-type" content="text/html; charset=UTF-8">
</head>
<body style="margin:0px 0px 0px 0px;overflow:auto;background:#FFFFFF;">
<table style="font-family:Arial,Verdana,Times;font-size:12px;text-align:left;width:100%;border-collapse:collapse;padding:3px 3px 3px 3px">
<tr style="text-align:center;font-weight:bold;background:#9CBCE2">
<td>LAV0029-00-2019</td>
</tr>
<tr>
<td>
<table style="font-family:Arial,Verdana,Times;font-size:12px;text-align:left;width:100%;border-spacing:0px; padding:3px 3px 3px 3px">
<tr>
<td>SHAPE</td>
<td>Point</td>
</tr>
<tr bgcolor="#D4E4F3">
<td>EXPEDIENTE</td>
<td>LAV0029-00-2019</td>
</tr>
<tr>
<td>OPERADOR</td>
<td>WIND AUTOGENERACIÓN S.A.S.</td>
</tr>
<tr bgcolor="#D4E4F3">
<td>PROYECTO</td>
<td>PARQUE EÓLICO WINDPESHI</td>
</tr>
<tr>
<td>NUM_ACT_AD</td>
<td>261</td>
</tr>
<tr bgcolor="#D4E4F3">
<td>FEC_ACT_AD</td>
<td>13/02/2020</td>
</tr>
<tr>
<td>ART_ACT_AD</td>
<td>Articulo sexto</td>
</tr>
<tr bgcolor="#D4E4F3">
<td>VEREDA</td>
<td>Kalinchon</td>
</tr>
<tr>
<td>MUNICIPIO</td>
<td>44430</td>
</tr>
<tr bgcolor="#D4E4F3">
<td>DEPTO</td>
<td>44</td>
</tr>
<tr>
<td>CAR</td>
<td>1021</td>
</tr>
<tr bgcolor="#D4E4F3">
<td>NOMBRE</td>
<td>OC_76</td>
</tr>
<tr>
<td>ID_OCU_CAU</td>
<td>OC_76</td>
</tr>
<tr bgcolor="#D4E4F3">
<td>NOM_C_AG</td>
<td>Arroyo no identificado</td>
</tr>
<tr>
<td>ESTADO_OC</td>
<td>2001</td>
</tr>
<tr bgcolor="#D4E4F3">
<td>MARGEN</td>
<td>2011</td>
</tr>
<tr>
<td>T_CAUDAL</td>
<td>2120</td>
</tr>
<tr bgcolor="#D4E4F3">
<td>T_FUE_SUP</td>
<td>2212</td>
</tr>
<tr>
<td>TIPO_OCUP</td>
<td>Alcantarilla</td>
</tr>
<tr bgcolor="#D4E4F3">
<td>ESPECIFIC</td>
<td>Rango de movilidad de 100 maguas arriba o abajo de las coordenadas reportadas</td>
</tr>
<tr>
<td>AH</td>
<td>1</td>
</tr>
<tr bgcolor="#D4E4F3">
<td>ZH</td>
<td>15</td>
</tr>
<tr>
<td>SZH</td>
<td>1508</td>
</tr>
<tr bgcolor="#D4E4F3">
<td>N_NV_SUB</td>
<td>Arroyo Pehepih</td>
</tr>
<tr>
<td>C_NV_SUB</td>
<td>1508-2</td>
</tr>
<tr bgcolor="#D4E4F3">
<td>N_MIC_CUE</td>
<td>Arroyo Kamushipaa</td>
</tr>
<tr>
<td>C_MIC_CUE</td>
<td>1508-2-2</td>
</tr>
<tr bgcolor="#D4E4F3">
<td>OBSERV</td>
<td>&lt;Null&gt;</td>
</tr>
<tr>
<td>COTA</td>
<td>13</td>
</tr>
<tr bgcolor="#D4E4F3">
<td>COOR_ESTE</td>
<td>5105826,635</td>
</tr>
<tr>
<td>COOR_NORTE</td>
<td>2842057,0901</td>
</tr>
</table>
</td>
</tr>
</table>
</body><script type="text/javascript">
				function changeImage(attElement, nameElement) {
				document.getElementById('imageAttachment').src = attElement;
				document.getElementById('imageName').innerHTML = nameElement;}
			</script></html>
]]></description>
      <Point>
        <extrude>0</extrude><altitudeMode>clampToGround</altitudeMode>
        <coordinates> -72.02885571282005,11.61824847393252,0</coordinates>
      </Point>
    </Placemark>
    <Placemark id="ID_00024">
      <name>OC_36</name>
      <snippet></snippet>
      <description><![CDATA[<html xmlns:fo="http://www.w3.org/1999/XSL/Format" xmlns:msxsl="urn:schemas-microsoft-com:xslt">
<head>
<META http-equiv="Content-Type" content="text/html">
<meta http-equiv="content-type" content="text/html; charset=UTF-8">
</head>
<body style="margin:0px 0px 0px 0px;overflow:auto;background:#FFFFFF;">
<table style="font-family:Arial,Verdana,Times;font-size:12px;text-align:left;width:100%;border-collapse:collapse;padding:3px 3px 3px 3px">
<tr style="text-align:center;font-weight:bold;background:#9CBCE2">
<td>LAV0029-00-2019</td>
</tr>
<tr>
<td>
<table style="font-family:Arial,Verdana,Times;font-size:12px;text-align:left;width:100%;border-spacing:0px; padding:3px 3px 3px 3px">
<tr>
<td>SHAPE</td>
<td>Point</td>
</tr>
<tr bgcolor="#D4E4F3">
<td>EXPEDIENTE</td>
<td>LAV0029-00-2019</td>
</tr>
<tr>
<td>OPERADOR</td>
<td>WIND AUTOGENERACIÓN S.A.S.</td>
</tr>
<tr bgcolor="#D4E4F3">
<td>PROYECTO</td>
<td>PARQUE EÓLICO WINDPESHI</td>
</tr>
<tr>
<td>NUM_ACT_AD</td>
<td>261</td>
</tr>
<tr bgcolor="#D4E4F3">
<td>FEC_ACT_AD</td>
<td>13/02/2020</td>
</tr>
<tr>
<td>ART_ACT_AD</td>
<td>Articulo sexto</td>
</tr>
<tr bgcolor="#D4E4F3">
<td>VEREDA</td>
<td>Utkap</td>
</tr>
<tr>
<td>MUNICIPIO</td>
<td>44430</td>
</tr>
<tr bgcolor="#D4E4F3">
<td>DEPTO</td>
<td>44</td>
</tr>
<tr>
<td>CAR</td>
<td>1021</td>
</tr>
<tr bgcolor="#D4E4F3">
<td>NOMBRE</td>
<td>OC_36</td>
</tr>
<tr>
<td>ID_OCU_CAU</td>
<td>OC_36</td>
</tr>
<tr bgcolor="#D4E4F3">
<td>NOM_C_AG</td>
<td>Arroyo no identificado</td>
</tr>
<tr>
<td>ESTADO_OC</td>
<td>2001</td>
</tr>
<tr bgcolor="#D4E4F3">
<td>MARGEN</td>
<td>2011</td>
</tr>
<tr>
<td>T_CAUDAL</td>
<td>2120</td>
</tr>
<tr bgcolor="#D4E4F3">
<td>T_FUE_SUP</td>
<td>2212</td>
</tr>
<tr>
<td>TIPO_OCUP</td>
<td>Alcantarilla</td>
</tr>
<tr bgcolor="#D4E4F3">
<td>ESPECIFIC</td>
<td>Rango de movilidad de 100 maguas arriba o abajo de las coordenadas reportadas</td>
</tr>
<tr>
<td>AH</td>
<td>1</td>
</tr>
<tr bgcolor="#D4E4F3">
<td>ZH</td>
<td>15</td>
</tr>
<tr>
<td>SZH</td>
<td>1508</td>
</tr>
<tr bgcolor="#D4E4F3">
<td>N_NV_SUB</td>
<td>Arroyo Kaliye</td>
</tr>
<tr>
<td>C_NV_SUB</td>
<td>1508-1</td>
</tr>
<tr bgcolor="#D4E4F3">
<td>N_MIC_CUE</td>
<td>Arroyo Kaliye</td>
</tr>
<tr>
<td>C_MIC_CUE</td>
<td>1508-1</td>
</tr>
<tr bgcolor="#D4E4F3">
<td>OBSERV</td>
<td>&lt;Null&gt;</td>
</tr>
<tr>
<td>COTA</td>
<td>10</td>
</tr>
<tr bgcolor="#D4E4F3">
<td>COOR_ESTE</td>
<td>5108876,7762</td>
</tr>
<tr>
<td>COOR_NORTE</td>
<td>2839615,5369</td>
</tr>
</table>
</td>
</tr>
</table>
</body><script type="text/javascript">
				function changeImage(attElement, nameElement) {
				document.getElementById('imageAttachment').src = attElement;
				document.getElementById('imageName').innerHTML = nameElement;}
			</script></html>
]]></description>
      <Point>
        <extrude>0</extrude><altitudeMode>clampToGround</altitudeMode>
        <coordinates> -72.00094687017251,11.59606694571889,0</coordinates>
      </Point>
    </Placemark>
    <Placemark id="ID_00025">
      <name>OC_47</name>
      <snippet></snippet>
      <description><![CDATA[<html xmlns:fo="http://www.w3.org/1999/XSL/Format" xmlns:msxsl="urn:schemas-microsoft-com:xslt">
<head>
<META http-equiv="Content-Type" content="text/html">
<meta http-equiv="content-type" content="text/html; charset=UTF-8">
</head>
<body style="margin:0px 0px 0px 0px;overflow:auto;background:#FFFFFF;">
<table style="font-family:Arial,Verdana,Times;font-size:12px;text-align:left;width:100%;border-collapse:collapse;padding:3px 3px 3px 3px">
<tr style="text-align:center;font-weight:bold;background:#9CBCE2">
<td>LAV0029-00-2019</td>
</tr>
<tr>
<td>
<table style="font-family:Arial,Verdana,Times;font-size:12px;text-align:left;width:100%;border-spacing:0px; padding:3px 3px 3px 3px">
<tr>
<td>SHAPE</td>
<td>Point</td>
</tr>
<tr bgcolor="#D4E4F3">
<td>EXPEDIENTE</td>
<td>LAV0029-00-2019</td>
</tr>
<tr>
<td>OPERADOR</td>
<td>WIND AUTOGENERACIÓN S.A.S.</td>
</tr>
<tr bgcolor="#D4E4F3">
<td>PROYECTO</td>
<td>PARQUE EÓLICO WINDPESHI</td>
</tr>
<tr>
<td>NUM_ACT_AD</td>
<td>261</td>
</tr>
<tr bgcolor="#D4E4F3">
<td>FEC_ACT_AD</td>
<td>13/02/2020</td>
</tr>
<tr>
<td>ART_ACT_AD</td>
<td>Articulo sexto</td>
</tr>
<tr bgcolor="#D4E4F3">
<td>VEREDA</td>
<td>Utkap</td>
</tr>
<tr>
<td>MUNICIPIO</td>
<td>44430</td>
</tr>
<tr bgcolor="#D4E4F3">
<td>DEPTO</td>
<td>44</td>
</tr>
<tr>
<td>CAR</td>
<td>1021</td>
</tr>
<tr bgcolor="#D4E4F3">
<td>NOMBRE</td>
<td>OC_47</td>
</tr>
<tr>
<td>ID_OCU_CAU</td>
<td>OC_47</td>
</tr>
<tr bgcolor="#D4E4F3">
<td>NOM_C_AG</td>
<td>Arroyo no identificado</td>
</tr>
<tr>
<td>ESTADO_OC</td>
<td>2001</td>
</tr>
<tr bgcolor="#D4E4F3">
<td>MARGEN</td>
<td>2011</td>
</tr>
<tr>
<td>T_CAUDAL</td>
<td>2120</td>
</tr>
<tr bgcolor="#D4E4F3">
<td>T_FUE_SUP</td>
<td>2212</td>
</tr>
<tr>
<td>TIPO_OCUP</td>
<td>Alcantarilla</td>
</tr>
<tr bgcolor="#D4E4F3">
<td>ESPECIFIC</td>
<td>Rango de movilidad de 100 maguas arriba o abajo de las coordenadas reportadas</td>
</tr>
<tr>
<td>AH</td>
<td>1</td>
</tr>
<tr bgcolor="#D4E4F3">
<td>ZH</td>
<td>15</td>
</tr>
<tr>
<td>SZH</td>
<td>1508</td>
</tr>
<tr bgcolor="#D4E4F3">
<td>N_NV_SUB</td>
<td>Arroyo Kaliye</td>
</tr>
<tr>
<td>C_NV_SUB</td>
<td>1508-1</td>
</tr>
<tr bgcolor="#D4E4F3">
<td>N_MIC_CUE</td>
<td>Arroyo Maliche</td>
</tr>
<tr>
<td>C_MIC_CUE</td>
<td>1508-1-1</td>
</tr>
<tr bgcolor="#D4E4F3">
<td>OBSERV</td>
<td>&lt;Null&gt;</td>
</tr>
<tr>
<td>COTA</td>
<td>6</td>
</tr>
<tr bgcolor="#D4E4F3">
<td>COOR_ESTE</td>
<td>5107590,9882</td>
</tr>
<tr>
<td>COOR_NORTE</td>
<td>2839970,5769</td>
</tr>
</table>
</td>
</tr>
</table>
</body><script type="text/javascript">
				function changeImage(attElement, nameElement) {
				document.getElementById('imageAttachment').src = attElement;
				document.getElementById('imageName').innerHTML = nameElement;}
			</script></html>
]]></description>
      <Point>
        <extrude>0</extrude><altitudeMode>clampToGround</altitudeMode>
        <coordinates> -72.0127327439494,11.59931913624629,0</coordinates>
      </Point>
    </Placemark>
    <Placemark id="ID_00026">
      <name>OC_46</name>
      <snippet></snippet>
      <description><![CDATA[<html xmlns:fo="http://www.w3.org/1999/XSL/Format" xmlns:msxsl="urn:schemas-microsoft-com:xslt">
<head>
<META http-equiv="Content-Type" content="text/html">
<meta http-equiv="content-type" content="text/html; charset=UTF-8">
</head>
<body style="margin:0px 0px 0px 0px;overflow:auto;background:#FFFFFF;">
<table style="font-family:Arial,Verdana,Times;font-size:12px;text-align:left;width:100%;border-collapse:collapse;padding:3px 3px 3px 3px">
<tr style="text-align:center;font-weight:bold;background:#9CBCE2">
<td>LAV0029-00-2019</td>
</tr>
<tr>
<td>
<table style="font-family:Arial,Verdana,Times;font-size:12px;text-align:left;width:100%;border-spacing:0px; padding:3px 3px 3px 3px">
<tr>
<td>SHAPE</td>
<td>Point</td>
</tr>
<tr bgcolor="#D4E4F3">
<td>EXPEDIENTE</td>
<td>LAV0029-00-2019</td>
</tr>
<tr>
<td>OPERADOR</td>
<td>WIND AUTOGENERACIÓN S.A.S.</td>
</tr>
<tr bgcolor="#D4E4F3">
<td>PROYECTO</td>
<td>PARQUE EÓLICO WINDPESHI</td>
</tr>
<tr>
<td>NUM_ACT_AD</td>
<td>261</td>
</tr>
<tr bgcolor="#D4E4F3">
<td>FEC_ACT_AD</td>
<td>13/02/2020</td>
</tr>
<tr>
<td>ART_ACT_AD</td>
<td>Articulo sexto</td>
</tr>
<tr bgcolor="#D4E4F3">
<td>VEREDA</td>
<td>Utkap</td>
</tr>
<tr>
<td>MUNICIPIO</td>
<td>44430</td>
</tr>
<tr bgcolor="#D4E4F3">
<td>DEPTO</td>
<td>44</td>
</tr>
<tr>
<td>CAR</td>
<td>1021</td>
</tr>
<tr bgcolor="#D4E4F3">
<td>NOMBRE</td>
<td>OC_46</td>
</tr>
<tr>
<td>ID_OCU_CAU</td>
<td>OC_46</td>
</tr>
<tr bgcolor="#D4E4F3">
<td>NOM_C_AG</td>
<td>Arroyo no identificado</td>
</tr>
<tr>
<td>ESTADO_OC</td>
<td>2001</td>
</tr>
<tr bgcolor="#D4E4F3">
<td>MARGEN</td>
<td>2011</td>
</tr>
<tr>
<td>T_CAUDAL</td>
<td>2120</td>
</tr>
<tr bgcolor="#D4E4F3">
<td>T_FUE_SUP</td>
<td>2212</td>
</tr>
<tr>
<td>TIPO_OCUP</td>
<td>Alcantarilla</td>
</tr>
<tr bgcolor="#D4E4F3">
<td>ESPECIFIC</td>
<td>Rango de movilidad de 100 maguas arriba o abajo de las coordenadas reportadas</td>
</tr>
<tr>
<td>AH</td>
<td>1</td>
</tr>
<tr bgcolor="#D4E4F3">
<td>ZH</td>
<td>15</td>
</tr>
<tr>
<td>SZH</td>
<td>1508</td>
</tr>
<tr bgcolor="#D4E4F3">
<td>N_NV_SUB</td>
<td>Arroyo Kaliye</td>
</tr>
<tr>
<td>C_NV_SUB</td>
<td>1508-1</td>
</tr>
<tr bgcolor="#D4E4F3">
<td>N_MIC_CUE</td>
<td>Arroyo Maliche</td>
</tr>
<tr>
<td>C_MIC_CUE</td>
<td>1508-1-1</td>
</tr>
<tr bgcolor="#D4E4F3">
<td>OBSERV</td>
<td>&lt;Null&gt;</td>
</tr>
<tr>
<td>COTA</td>
<td>8</td>
</tr>
<tr bgcolor="#D4E4F3">
<td>COOR_ESTE</td>
<td>5107781,4687</td>
</tr>
<tr>
<td>COOR_NORTE</td>
<td>2839953,9818</td>
</tr>
</table>
</td>
</tr>
</table>
</body><script type="text/javascript">
				function changeImage(attElement, nameElement) {
				document.getElementById('imageAttachment').src = attElement;
				document.getElementById('imageName').innerHTML = nameElement;}
			</script></html>
]]></description>
      <Point>
        <extrude>0</extrude><altitudeMode>clampToGround</altitudeMode>
        <coordinates> -72.01098558306531,11.59916304293608,0</coordinates>
      </Point>
    </Placemark>
    <Placemark id="ID_00027">
      <name>OC_42</name>
      <snippet></snippet>
      <description><![CDATA[<html xmlns:fo="http://www.w3.org/1999/XSL/Format" xmlns:msxsl="urn:schemas-microsoft-com:xslt">
<head>
<META http-equiv="Content-Type" content="text/html">
<meta http-equiv="content-type" content="text/html; charset=UTF-8">
</head>
<body style="margin:0px 0px 0px 0px;overflow:auto;background:#FFFFFF;">
<table style="font-family:Arial,Verdana,Times;font-size:12px;text-align:left;width:100%;border-collapse:collapse;padding:3px 3px 3px 3px">
<tr style="text-align:center;font-weight:bold;background:#9CBCE2">
<td>LAV0029-00-2019</td>
</tr>
<tr>
<td>
<table style="font-family:Arial,Verdana,Times;font-size:12px;text-align:left;width:100%;border-spacing:0px; padding:3px 3px 3px 3px">
<tr>
<td>SHAPE</td>
<td>Point</td>
</tr>
<tr bgcolor="#D4E4F3">
<td>EXPEDIENTE</td>
<td>LAV0029-00-2019</td>
</tr>
<tr>
<td>OPERADOR</td>
<td>WIND AUTOGENERACIÓN S.A.S.</td>
</tr>
<tr bgcolor="#D4E4F3">
<td>PROYECTO</td>
<td>PARQUE EÓLICO WINDPESHI</td>
</tr>
<tr>
<td>NUM_ACT_AD</td>
<td>261</td>
</tr>
<tr bgcolor="#D4E4F3">
<td>FEC_ACT_AD</td>
<td>13/02/2020</td>
</tr>
<tr>
<td>ART_ACT_AD</td>
<td>Articulo sexto</td>
</tr>
<tr bgcolor="#D4E4F3">
<td>VEREDA</td>
<td>Utkap</td>
</tr>
<tr>
<td>MUNICIPIO</td>
<td>44430</td>
</tr>
<tr bgcolor="#D4E4F3">
<td>DEPTO</td>
<td>44</td>
</tr>
<tr>
<td>CAR</td>
<td>1021</td>
</tr>
<tr bgcolor="#D4E4F3">
<td>NOMBRE</td>
<td>OC_42</td>
</tr>
<tr>
<td>ID_OCU_CAU</td>
<td>OC_42</td>
</tr>
<tr bgcolor="#D4E4F3">
<td>NOM_C_AG</td>
<td>Arroyo no identificado</td>
</tr>
<tr>
<td>ESTADO_OC</td>
<td>2001</td>
</tr>
<tr bgcolor="#D4E4F3">
<td>MARGEN</td>
<td>2011</td>
</tr>
<tr>
<td>T_CAUDAL</td>
<td>2120</td>
</tr>
<tr bgcolor="#D4E4F3">
<td>T_FUE_SUP</td>
<td>2212</td>
</tr>
<tr>
<td>TIPO_OCUP</td>
<td>Marco</td>
</tr>
<tr bgcolor="#D4E4F3">
<td>ESPECIFIC</td>
<td>Rango de movilidad de 100 maguas arriba o abajo de las coordenadas reportadas</td>
</tr>
<tr>
<td>AH</td>
<td>1</td>
</tr>
<tr bgcolor="#D4E4F3">
<td>ZH</td>
<td>15</td>
</tr>
<tr>
<td>SZH</td>
<td>1508</td>
</tr>
<tr bgcolor="#D4E4F3">
<td>N_NV_SUB</td>
<td>Arroyo Kaliye</td>
</tr>
<tr>
<td>C_NV_SUB</td>
<td>1508-1</td>
</tr>
<tr bgcolor="#D4E4F3">
<td>N_MIC_CUE</td>
<td>Arroyo Maliche</td>
</tr>
<tr>
<td>C_MIC_CUE</td>
<td>1508-1-1</td>
</tr>
<tr bgcolor="#D4E4F3">
<td>OBSERV</td>
<td>&lt;Null&gt;</td>
</tr>
<tr>
<td>COTA</td>
<td>7</td>
</tr>
<tr bgcolor="#D4E4F3">
<td>COOR_ESTE</td>
<td>5107822,1336</td>
</tr>
<tr>
<td>COOR_NORTE</td>
<td>2840623,8128</td>
</tr>
</table>
</td>
</tr>
</table>
</body><script type="text/javascript">
				function changeImage(attElement, nameElement) {
				document.getElementById('imageAttachment').src = attElement;
				document.getElementById('imageName').innerHTML = nameElement;}
			</script></html>
]]></description>
      <Point>
        <extrude>0</extrude><altitudeMode>clampToGround</altitudeMode>
        <coordinates> -72.01059113013351,11.60522099174828,0</coordinates>
      </Point>
    </Placemark>
    <Placemark id="ID_00028">
      <name>OC_95</name>
      <snippet></snippet>
      <description><![CDATA[<html xmlns:fo="http://www.w3.org/1999/XSL/Format" xmlns:msxsl="urn:schemas-microsoft-com:xslt">
<head>
<META http-equiv="Content-Type" content="text/html">
<meta http-equiv="content-type" content="text/html; charset=UTF-8">
</head>
<body style="margin:0px 0px 0px 0px;overflow:auto;background:#FFFFFF;">
<table style="font-family:Arial,Verdana,Times;font-size:12px;text-align:left;width:100%;border-collapse:collapse;padding:3px 3px 3px 3px">
<tr style="text-align:center;font-weight:bold;background:#9CBCE2">
<td>LAV0029-00-2019</td>
</tr>
<tr>
<td>
<table style="font-family:Arial,Verdana,Times;font-size:12px;text-align:left;width:100%;border-spacing:0px; padding:3px 3px 3px 3px">
<tr>
<td>SHAPE</td>
<td>Point</td>
</tr>
<tr bgcolor="#D4E4F3">
<td>EXPEDIENTE</td>
<td>LAV0029-00-2019</td>
</tr>
<tr>
<td>OPERADOR</td>
<td>WIND AUTOGENERACIÓN S.A.S.</td>
</tr>
<tr bgcolor="#D4E4F3">
<td>PROYECTO</td>
<td>PARQUE EÓLICO WINDPESHI</td>
</tr>
<tr>
<td>NUM_ACT_AD</td>
<td>261</td>
</tr>
<tr bgcolor="#D4E4F3">
<td>FEC_ACT_AD</td>
<td>13/02/2020</td>
</tr>
<tr>
<td>ART_ACT_AD</td>
<td>Articulo sexto</td>
</tr>
<tr bgcolor="#D4E4F3">
<td>VEREDA</td>
<td>Utkap</td>
</tr>
<tr>
<td>MUNICIPIO</td>
<td>44430</td>
</tr>
<tr bgcolor="#D4E4F3">
<td>DEPTO</td>
<td>44</td>
</tr>
<tr>
<td>CAR</td>
<td>1021</td>
</tr>
<tr bgcolor="#D4E4F3">
<td>NOMBRE</td>
<td>OC_95</td>
</tr>
<tr>
<td>ID_OCU_CAU</td>
<td>OC_95</td>
</tr>
<tr bgcolor="#D4E4F3">
<td>NOM_C_AG</td>
<td>Arroyo no identificado</td>
</tr>
<tr>
<td>ESTADO_OC</td>
<td>2001</td>
</tr>
<tr bgcolor="#D4E4F3">
<td>MARGEN</td>
<td>2011</td>
</tr>
<tr>
<td>T_CAUDAL</td>
<td>2120</td>
</tr>
<tr bgcolor="#D4E4F3">
<td>T_FUE_SUP</td>
<td>2212</td>
</tr>
<tr>
<td>TIPO_OCUP</td>
<td>Alcantarilla</td>
</tr>
<tr bgcolor="#D4E4F3">
<td>ESPECIFIC</td>
<td>Rango de movilidad de 100 maguas arriba o abajo de las coordenadas reportadas</td>
</tr>
<tr>
<td>AH</td>
<td>1</td>
</tr>
<tr bgcolor="#D4E4F3">
<td>ZH</td>
<td>15</td>
</tr>
<tr>
<td>SZH</td>
<td>1508</td>
</tr>
<tr bgcolor="#D4E4F3">
<td>N_NV_SUB</td>
<td>Arroyo Kaliye</td>
</tr>
<tr>
<td>C_NV_SUB</td>
<td>1508-1</td>
</tr>
<tr bgcolor="#D4E4F3">
<td>N_MIC_CUE</td>
<td>Arroyo Maliche</td>
</tr>
<tr>
<td>C_MIC_CUE</td>
<td>1508-1-1</td>
</tr>
<tr bgcolor="#D4E4F3">
<td>OBSERV</td>
<td>&lt;Null&gt;</td>
</tr>
<tr>
<td>COTA</td>
<td>7</td>
</tr>
<tr bgcolor="#D4E4F3">
<td>COOR_ESTE</td>
<td>5107282,3827</td>
</tr>
<tr>
<td>COOR_NORTE</td>
<td>2839755,0238</td>
</tr>
</table>
</td>
</tr>
</table>
</body><script type="text/javascript">
				function changeImage(attElement, nameElement) {
				document.getElementById('imageAttachment').src = attElement;
				document.getElementById('imageName').innerHTML = nameElement;}
			</script></html>
]]></description>
      <Point>
        <extrude>0</extrude><altitudeMode>clampToGround</altitudeMode>
        <coordinates> -72.01557108382825,11.59737891939782,0</coordinates>
      </Point>
    </Placemark>
    <Placemark id="ID_00029">
      <name>OC_100</name>
      <snippet></snippet>
      <description><![CDATA[<html xmlns:fo="http://www.w3.org/1999/XSL/Format" xmlns:msxsl="urn:schemas-microsoft-com:xslt">
<head>
<META http-equiv="Content-Type" content="text/html">
<meta http-equiv="content-type" content="text/html; charset=UTF-8">
</head>
<body style="margin:0px 0px 0px 0px;overflow:auto;background:#FFFFFF;">
<table style="font-family:Arial,Verdana,Times;font-size:12px;text-align:left;width:100%;border-collapse:collapse;padding:3px 3px 3px 3px">
<tr style="text-align:center;font-weight:bold;background:#9CBCE2">
<td>LAV0029-00-2019</td>
</tr>
<tr>
<td>
<table style="font-family:Arial,Verdana,Times;font-size:12px;text-align:left;width:100%;border-spacing:0px; padding:3px 3px 3px 3px">
<tr>
<td>SHAPE</td>
<td>Point</td>
</tr>
<tr bgcolor="#D4E4F3">
<td>EXPEDIENTE</td>
<td>LAV0029-00-2019</td>
</tr>
<tr>
<td>OPERADOR</td>
<td>WIND AUTOGENERACIÓN S.A.S.</td>
</tr>
<tr bgcolor="#D4E4F3">
<td>PROYECTO</td>
<td>PARQUE EÓLICO WINDPESHI</td>
</tr>
<tr>
<td>NUM_ACT_AD</td>
<td>261</td>
</tr>
<tr bgcolor="#D4E4F3">
<td>FEC_ACT_AD</td>
<td>13/02/2020</td>
</tr>
<tr>
<td>ART_ACT_AD</td>
<td>Articulo sexto</td>
</tr>
<tr bgcolor="#D4E4F3">
<td>VEREDA</td>
<td>Kalinchon</td>
</tr>
<tr>
<td>MUNICIPIO</td>
<td>44430</td>
</tr>
<tr bgcolor="#D4E4F3">
<td>DEPTO</td>
<td>44</td>
</tr>
<tr>
<td>CAR</td>
<td>1021</td>
</tr>
<tr bgcolor="#D4E4F3">
<td>NOMBRE</td>
<td>OC_100</td>
</tr>
<tr>
<td>ID_OCU_CAU</td>
<td>OC_100</td>
</tr>
<tr bgcolor="#D4E4F3">
<td>NOM_C_AG</td>
<td>Arroyo no identificado</td>
</tr>
<tr>
<td>ESTADO_OC</td>
<td>2001</td>
</tr>
<tr bgcolor="#D4E4F3">
<td>MARGEN</td>
<td>2011</td>
</tr>
<tr>
<td>T_CAUDAL</td>
<td>2120</td>
</tr>
<tr bgcolor="#D4E4F3">
<td>T_FUE_SUP</td>
<td>2212</td>
</tr>
<tr>
<td>TIPO_OCUP</td>
<td>Alcantarilla</td>
</tr>
<tr bgcolor="#D4E4F3">
<td>ESPECIFIC</td>
<td>Rango de movilidad de 100 maguas arriba o abajo de las coordenadas reportadas</td>
</tr>
<tr>
<td>AH</td>
<td>1</td>
</tr>
<tr bgcolor="#D4E4F3">
<td>ZH</td>
<td>15</td>
</tr>
<tr>
<td>SZH</td>
<td>1508</td>
</tr>
<tr bgcolor="#D4E4F3">
<td>N_NV_SUB</td>
<td>Arroyo Pehepih</td>
</tr>
<tr>
<td>C_NV_SUB</td>
<td>1508-2</td>
</tr>
<tr bgcolor="#D4E4F3">
<td>N_MIC_CUE</td>
<td>Arroyo Kamushipaa</td>
</tr>
<tr>
<td>C_MIC_CUE</td>
<td>1508-2-2</td>
</tr>
<tr bgcolor="#D4E4F3">
<td>OBSERV</td>
<td>&lt;Null&gt;</td>
</tr>
<tr>
<td>COTA</td>
<td>8</td>
</tr>
<tr bgcolor="#D4E4F3">
<td>COOR_ESTE</td>
<td>5104931,2507</td>
</tr>
<tr>
<td>COOR_NORTE</td>
<td>2840291,7934</td>
</tr>
</table>
</td>
</tr>
</table>
</body><script type="text/javascript">
				function changeImage(attElement, nameElement) {
				document.getElementById('imageAttachment').src = attElement;
				document.getElementById('imageName').innerHTML = nameElement;}
			</script></html>
]]></description>
      <Point>
        <extrude>0</extrude><altitudeMode>clampToGround</altitudeMode>
        <coordinates> -72.03712640444714,11.60230718822225,0</coordinates>
      </Point>
    </Placemark>
    <Placemark id="ID_00030">
      <name>OC_101</name>
      <snippet></snippet>
      <description><![CDATA[<html xmlns:fo="http://www.w3.org/1999/XSL/Format" xmlns:msxsl="urn:schemas-microsoft-com:xslt">
<head>
<META http-equiv="Content-Type" content="text/html">
<meta http-equiv="content-type" content="text/html; charset=UTF-8">
</head>
<body style="margin:0px 0px 0px 0px;overflow:auto;background:#FFFFFF;">
<table style="font-family:Arial,Verdana,Times;font-size:12px;text-align:left;width:100%;border-collapse:collapse;padding:3px 3px 3px 3px">
<tr style="text-align:center;font-weight:bold;background:#9CBCE2">
<td>LAV0029-00-2019</td>
</tr>
<tr>
<td>
<table style="font-family:Arial,Verdana,Times;font-size:12px;text-align:left;width:100%;border-spacing:0px; padding:3px 3px 3px 3px">
<tr>
<td>SHAPE</td>
<td>Point</td>
</tr>
<tr bgcolor="#D4E4F3">
<td>EXPEDIENTE</td>
<td>LAV0029-00-2019</td>
</tr>
<tr>
<td>OPERADOR</td>
<td>WIND AUTOGENERACIÓN S.A.S.</td>
</tr>
<tr bgcolor="#D4E4F3">
<td>PROYECTO</td>
<td>PARQUE EÓLICO WINDPESHI</td>
</tr>
<tr>
<td>NUM_ACT_AD</td>
<td>261</td>
</tr>
<tr bgcolor="#D4E4F3">
<td>FEC_ACT_AD</td>
<td>13/02/2020</td>
</tr>
<tr>
<td>ART_ACT_AD</td>
<td>Articulo sexto</td>
</tr>
<tr bgcolor="#D4E4F3">
<td>VEREDA</td>
<td>Kalinchon</td>
</tr>
<tr>
<td>MUNICIPIO</td>
<td>44430</td>
</tr>
<tr bgcolor="#D4E4F3">
<td>DEPTO</td>
<td>44</td>
</tr>
<tr>
<td>CAR</td>
<td>1021</td>
</tr>
<tr bgcolor="#D4E4F3">
<td>NOMBRE</td>
<td>OC_101</td>
</tr>
<tr>
<td>ID_OCU_CAU</td>
<td>OC_101</td>
</tr>
<tr bgcolor="#D4E4F3">
<td>NOM_C_AG</td>
<td>Arroyo no identificado</td>
</tr>
<tr>
<td>ESTADO_OC</td>
<td>2001</td>
</tr>
<tr bgcolor="#D4E4F3">
<td>MARGEN</td>
<td>2011</td>
</tr>
<tr>
<td>T_CAUDAL</td>
<td>2120</td>
</tr>
<tr bgcolor="#D4E4F3">
<td>T_FUE_SUP</td>
<td>2212</td>
</tr>
<tr>
<td>TIPO_OCUP</td>
<td>Alcantarilla</td>
</tr>
<tr bgcolor="#D4E4F3">
<td>ESPECIFIC</td>
<td>Rango de movilidad de 100 maguas arriba o abajo de las coordenadas reportadas</td>
</tr>
<tr>
<td>AH</td>
<td>1</td>
</tr>
<tr bgcolor="#D4E4F3">
<td>ZH</td>
<td>15</td>
</tr>
<tr>
<td>SZH</td>
<td>1508</td>
</tr>
<tr bgcolor="#D4E4F3">
<td>N_NV_SUB</td>
<td>Arroyo Pehepih</td>
</tr>
<tr>
<td>C_NV_SUB</td>
<td>1508-2</td>
</tr>
<tr bgcolor="#D4E4F3">
<td>N_MIC_CUE</td>
<td>Arroyo Kamushipaa</td>
</tr>
<tr>
<td>C_MIC_CUE</td>
<td>1508-2-2</td>
</tr>
<tr bgcolor="#D4E4F3">
<td>OBSERV</td>
<td>&lt;Null&gt;</td>
</tr>
<tr>
<td>COTA</td>
<td>10</td>
</tr>
<tr bgcolor="#D4E4F3">
<td>COOR_ESTE</td>
<td>5105006,1751</td>
</tr>
<tr>
<td>COOR_NORTE</td>
<td>2840291,2668</td>
</tr>
</table>
</td>
</tr>
</table>
</body><script type="text/javascript">
				function changeImage(attElement, nameElement) {
				document.getElementById('imageAttachment').src = attElement;
				document.getElementById('imageName').innerHTML = nameElement;}
			</script></html>
]]></description>
      <Point>
        <extrude>0</extrude><altitudeMode>clampToGround</altitudeMode>
        <coordinates> -72.03643896486155,11.60230013284106,0</coordinates>
      </Point>
    </Placemark>
    <Placemark id="ID_00031">
      <name>OC_104</name>
      <snippet></snippet>
      <description><![CDATA[<html xmlns:fo="http://www.w3.org/1999/XSL/Format" xmlns:msxsl="urn:schemas-microsoft-com:xslt">
<head>
<META http-equiv="Content-Type" content="text/html">
<meta http-equiv="content-type" content="text/html; charset=UTF-8">
</head>
<body style="margin:0px 0px 0px 0px;overflow:auto;background:#FFFFFF;">
<table style="font-family:Arial,Verdana,Times;font-size:12px;text-align:left;width:100%;border-collapse:collapse;padding:3px 3px 3px 3px">
<tr style="text-align:center;font-weight:bold;background:#9CBCE2">
<td>LAV0029-00-2019</td>
</tr>
<tr>
<td>
<table style="font-family:Arial,Verdana,Times;font-size:12px;text-align:left;width:100%;border-spacing:0px; padding:3px 3px 3px 3px">
<tr>
<td>SHAPE</td>
<td>Point</td>
</tr>
<tr bgcolor="#D4E4F3">
<td>EXPEDIENTE</td>
<td>LAV0029-00-2019</td>
</tr>
<tr>
<td>OPERADOR</td>
<td>WIND AUTOGENERACIÓN S.A.S.</td>
</tr>
<tr bgcolor="#D4E4F3">
<td>PROYECTO</td>
<td>PARQUE EÓLICO WINDPESHI</td>
</tr>
<tr>
<td>NUM_ACT_AD</td>
<td>261</td>
</tr>
<tr bgcolor="#D4E4F3">
<td>FEC_ACT_AD</td>
<td>13/02/2020</td>
</tr>
<tr>
<td>ART_ACT_AD</td>
<td>Articulo sexto</td>
</tr>
<tr bgcolor="#D4E4F3">
<td>VEREDA</td>
<td>Kalinchon</td>
</tr>
<tr>
<td>MUNICIPIO</td>
<td>44430</td>
</tr>
<tr bgcolor="#D4E4F3">
<td>DEPTO</td>
<td>44</td>
</tr>
<tr>
<td>CAR</td>
<td>1021</td>
</tr>
<tr bgcolor="#D4E4F3">
<td>NOMBRE</td>
<td>OC_104</td>
</tr>
<tr>
<td>ID_OCU_CAU</td>
<td>OC_104</td>
</tr>
<tr bgcolor="#D4E4F3">
<td>NOM_C_AG</td>
<td>Arroyo no identificado</td>
</tr>
<tr>
<td>ESTADO_OC</td>
<td>2001</td>
</tr>
<tr bgcolor="#D4E4F3">
<td>MARGEN</td>
<td>2011</td>
</tr>
<tr>
<td>T_CAUDAL</td>
<td>2120</td>
</tr>
<tr bgcolor="#D4E4F3">
<td>T_FUE_SUP</td>
<td>2212</td>
</tr>
<tr>
<td>TIPO_OCUP</td>
<td>Alcantarilla</td>
</tr>
<tr bgcolor="#D4E4F3">
<td>ESPECIFIC</td>
<td>Rango de movilidad de 100 maguas arriba o abajo de las coordenadas reportadas</td>
</tr>
<tr>
<td>AH</td>
<td>1</td>
</tr>
<tr bgcolor="#D4E4F3">
<td>ZH</td>
<td>15</td>
</tr>
<tr>
<td>SZH</td>
<td>1508</td>
</tr>
<tr bgcolor="#D4E4F3">
<td>N_NV_SUB</td>
<td>Arroyo Pehepih</td>
</tr>
<tr>
<td>C_NV_SUB</td>
<td>1508-2</td>
</tr>
<tr bgcolor="#D4E4F3">
<td>N_MIC_CUE</td>
<td>Arroyo Kamushipaa</td>
</tr>
<tr>
<td>C_MIC_CUE</td>
<td>1508-2-2</td>
</tr>
<tr bgcolor="#D4E4F3">
<td>OBSERV</td>
<td>&lt;Null&gt;</td>
</tr>
<tr>
<td>COTA</td>
<td>7</td>
</tr>
<tr bgcolor="#D4E4F3">
<td>COOR_ESTE</td>
<td>5105460,0626</td>
</tr>
<tr>
<td>COOR_NORTE</td>
<td>2840288,0763</td>
</tr>
</table>
</td>
</tr>
</table>
</body><script type="text/javascript">
				function changeImage(attElement, nameElement) {
				document.getElementById('imageAttachment').src = attElement;
				document.getElementById('imageName').innerHTML = nameElement;}
			</script></html>
]]></description>
      <Point>
        <extrude>0</extrude><altitudeMode>clampToGround</altitudeMode>
        <coordinates> -72.03227450089769,11.60225735333552,0</coordinates>
      </Point>
    </Placemark>
    <Placemark id="ID_00032">
      <name>OC_65</name>
      <snippet></snippet>
      <description><![CDATA[<html xmlns:fo="http://www.w3.org/1999/XSL/Format" xmlns:msxsl="urn:schemas-microsoft-com:xslt">
<head>
<META http-equiv="Content-Type" content="text/html">
<meta http-equiv="content-type" content="text/html; charset=UTF-8">
</head>
<body style="margin:0px 0px 0px 0px;overflow:auto;background:#FFFFFF;">
<table style="font-family:Arial,Verdana,Times;font-size:12px;text-align:left;width:100%;border-collapse:collapse;padding:3px 3px 3px 3px">
<tr style="text-align:center;font-weight:bold;background:#9CBCE2">
<td>LAV0029-00-2019</td>
</tr>
<tr>
<td>
<table style="font-family:Arial,Verdana,Times;font-size:12px;text-align:left;width:100%;border-spacing:0px; padding:3px 3px 3px 3px">
<tr>
<td>SHAPE</td>
<td>Point</td>
</tr>
<tr bgcolor="#D4E4F3">
<td>EXPEDIENTE</td>
<td>LAV0029-00-2019</td>
</tr>
<tr>
<td>OPERADOR</td>
<td>WIND AUTOGENERACIÓN S.A.S.</td>
</tr>
<tr bgcolor="#D4E4F3">
<td>PROYECTO</td>
<td>PARQUE EÓLICO WINDPESHI</td>
</tr>
<tr>
<td>NUM_ACT_AD</td>
<td>261</td>
</tr>
<tr bgcolor="#D4E4F3">
<td>FEC_ACT_AD</td>
<td>13/02/2020</td>
</tr>
<tr>
<td>ART_ACT_AD</td>
<td>Articulo sexto</td>
</tr>
<tr bgcolor="#D4E4F3">
<td>VEREDA</td>
<td>Utkap</td>
</tr>
<tr>
<td>MUNICIPIO</td>
<td>44430</td>
</tr>
<tr bgcolor="#D4E4F3">
<td>DEPTO</td>
<td>44</td>
</tr>
<tr>
<td>CAR</td>
<td>1021</td>
</tr>
<tr bgcolor="#D4E4F3">
<td>NOMBRE</td>
<td>OC_65</td>
</tr>
<tr>
<td>ID_OCU_CAU</td>
<td>OC_65</td>
</tr>
<tr bgcolor="#D4E4F3">
<td>NOM_C_AG</td>
<td>Arroyo no identificado</td>
</tr>
<tr>
<td>ESTADO_OC</td>
<td>2001</td>
</tr>
<tr bgcolor="#D4E4F3">
<td>MARGEN</td>
<td>2011</td>
</tr>
<tr>
<td>T_CAUDAL</td>
<td>2120</td>
</tr>
<tr bgcolor="#D4E4F3">
<td>T_FUE_SUP</td>
<td>2212</td>
</tr>
<tr>
<td>TIPO_OCUP</td>
<td>Alcantarilla</td>
</tr>
<tr bgcolor="#D4E4F3">
<td>ESPECIFIC</td>
<td>Rango de movilidad de 100 maguas arriba o abajo de las coordenadas reportadas</td>
</tr>
<tr>
<td>AH</td>
<td>1</td>
</tr>
<tr bgcolor="#D4E4F3">
<td>ZH</td>
<td>15</td>
</tr>
<tr>
<td>SZH</td>
<td>1508</td>
</tr>
<tr bgcolor="#D4E4F3">
<td>N_NV_SUB</td>
<td>Arroyo Kaliye</td>
</tr>
<tr>
<td>C_NV_SUB</td>
<td>1508-1</td>
</tr>
<tr bgcolor="#D4E4F3">
<td>N_MIC_CUE</td>
<td>Arroyo Kaliye</td>
</tr>
<tr>
<td>C_MIC_CUE</td>
<td>1508-1</td>
</tr>
<tr bgcolor="#D4E4F3">
<td>OBSERV</td>
<td>&lt;Null&gt;</td>
</tr>
<tr>
<td>COTA</td>
<td>9</td>
</tr>
<tr bgcolor="#D4E4F3">
<td>COOR_ESTE</td>
<td>5109398,4644</td>
</tr>
<tr>
<td>COOR_NORTE</td>
<td>2840552,8287</td>
</tr>
</table>
</td>
</tr>
</table>
</body><script type="text/javascript">
				function changeImage(attElement, nameElement) {
				document.getElementById('imageAttachment').src = attElement;
				document.getElementById('imageName').innerHTML = nameElement;}
			</script></html>
]]></description>
      <Point>
        <extrude>0</extrude><altitudeMode>clampToGround</altitudeMode>
        <coordinates> -71.99613007050201,11.6045289778051,0</coordinates>
      </Point>
    </Placemark>
    <Placemark id="ID_00033">
      <name>OC_67</name>
      <snippet></snippet>
      <description><![CDATA[<html xmlns:fo="http://www.w3.org/1999/XSL/Format" xmlns:msxsl="urn:schemas-microsoft-com:xslt">
<head>
<META http-equiv="Content-Type" content="text/html">
<meta http-equiv="content-type" content="text/html; charset=UTF-8">
</head>
<body style="margin:0px 0px 0px 0px;overflow:auto;background:#FFFFFF;">
<table style="font-family:Arial,Verdana,Times;font-size:12px;text-align:left;width:100%;border-collapse:collapse;padding:3px 3px 3px 3px">
<tr style="text-align:center;font-weight:bold;background:#9CBCE2">
<td>LAV0029-00-2019</td>
</tr>
<tr>
<td>
<table style="font-family:Arial,Verdana,Times;font-size:12px;text-align:left;width:100%;border-spacing:0px; padding:3px 3px 3px 3px">
<tr>
<td>SHAPE</td>
<td>Point</td>
</tr>
<tr bgcolor="#D4E4F3">
<td>EXPEDIENTE</td>
<td>LAV0029-00-2019</td>
</tr>
<tr>
<td>OPERADOR</td>
<td>WIND AUTOGENERACIÓN S.A.S.</td>
</tr>
<tr bgcolor="#D4E4F3">
<td>PROYECTO</td>
<td>PARQUE EÓLICO WINDPESHI</td>
</tr>
<tr>
<td>NUM_ACT_AD</td>
<td>261</td>
</tr>
<tr bgcolor="#D4E4F3">
<td>FEC_ACT_AD</td>
<td>13/02/2020</td>
</tr>
<tr>
<td>ART_ACT_AD</td>
<td>Articulo sexto</td>
</tr>
<tr bgcolor="#D4E4F3">
<td>VEREDA</td>
<td>Utkap</td>
</tr>
<tr>
<td>MUNICIPIO</td>
<td>44430</td>
</tr>
<tr bgcolor="#D4E4F3">
<td>DEPTO</td>
<td>44</td>
</tr>
<tr>
<td>CAR</td>
<td>1021</td>
</tr>
<tr bgcolor="#D4E4F3">
<td>NOMBRE</td>
<td>OC_67</td>
</tr>
<tr>
<td>ID_OCU_CAU</td>
<td>OC_67</td>
</tr>
<tr bgcolor="#D4E4F3">
<td>NOM_C_AG</td>
<td>Arroyo no identificado</td>
</tr>
<tr>
<td>ESTADO_OC</td>
<td>2001</td>
</tr>
<tr bgcolor="#D4E4F3">
<td>MARGEN</td>
<td>2011</td>
</tr>
<tr>
<td>T_CAUDAL</td>
<td>2120</td>
</tr>
<tr bgcolor="#D4E4F3">
<td>T_FUE_SUP</td>
<td>2212</td>
</tr>
<tr>
<td>TIPO_OCUP</td>
<td>Alcantarilla</td>
</tr>
<tr bgcolor="#D4E4F3">
<td>ESPECIFIC</td>
<td>Rango de movilidad de 100 maguas arriba o abajo de las coordenadas reportadas</td>
</tr>
<tr>
<td>AH</td>
<td>1</td>
</tr>
<tr bgcolor="#D4E4F3">
<td>ZH</td>
<td>15</td>
</tr>
<tr>
<td>SZH</td>
<td>1508</td>
</tr>
<tr bgcolor="#D4E4F3">
<td>N_NV_SUB</td>
<td>Arroyo Kaliye</td>
</tr>
<tr>
<td>C_NV_SUB</td>
<td>1508-1</td>
</tr>
<tr bgcolor="#D4E4F3">
<td>N_MIC_CUE</td>
<td>Arroyo Maliche</td>
</tr>
<tr>
<td>C_MIC_CUE</td>
<td>1508-1-1</td>
</tr>
<tr bgcolor="#D4E4F3">
<td>OBSERV</td>
<td>&lt;Null&gt;</td>
</tr>
<tr>
<td>COTA</td>
<td>6</td>
</tr>
<tr bgcolor="#D4E4F3">
<td>COOR_ESTE</td>
<td>5107473,4108</td>
</tr>
<tr>
<td>COOR_NORTE</td>
<td>2839560,4578</td>
</tr>
</table>
</td>
</tr>
</table>
</body><script type="text/javascript">
				function changeImage(attElement, nameElement) {
				document.getElementById('imageAttachment').src = attElement;
				document.getElementById('imageName').innerHTML = nameElement;}
			</script></html>
]]></description>
      <Point>
        <extrude>0</extrude><altitudeMode>clampToGround</altitudeMode>
        <coordinates> -72.01382455786337,11.59561291733336,0</coordinates>
      </Point>
    </Placemark>
    <Placemark id="ID_00034">
      <name>OC_68</name>
      <snippet></snippet>
      <description><![CDATA[<html xmlns:fo="http://www.w3.org/1999/XSL/Format" xmlns:msxsl="urn:schemas-microsoft-com:xslt">
<head>
<META http-equiv="Content-Type" content="text/html">
<meta http-equiv="content-type" content="text/html; charset=UTF-8">
</head>
<body style="margin:0px 0px 0px 0px;overflow:auto;background:#FFFFFF;">
<table style="font-family:Arial,Verdana,Times;font-size:12px;text-align:left;width:100%;border-collapse:collapse;padding:3px 3px 3px 3px">
<tr style="text-align:center;font-weight:bold;background:#9CBCE2">
<td>LAV0029-00-2019</td>
</tr>
<tr>
<td>
<table style="font-family:Arial,Verdana,Times;font-size:12px;text-align:left;width:100%;border-spacing:0px; padding:3px 3px 3px 3px">
<tr>
<td>SHAPE</td>
<td>Point</td>
</tr>
<tr bgcolor="#D4E4F3">
<td>EXPEDIENTE</td>
<td>LAV0029-00-2019</td>
</tr>
<tr>
<td>OPERADOR</td>
<td>WIND AUTOGENERACIÓN S.A.S.</td>
</tr>
<tr bgcolor="#D4E4F3">
<td>PROYECTO</td>
<td>PARQUE EÓLICO WINDPESHI</td>
</tr>
<tr>
<td>NUM_ACT_AD</td>
<td>261</td>
</tr>
<tr bgcolor="#D4E4F3">
<td>FEC_ACT_AD</td>
<td>13/02/2020</td>
</tr>
<tr>
<td>ART_ACT_AD</td>
<td>Articulo sexto</td>
</tr>
<tr bgcolor="#D4E4F3">
<td>VEREDA</td>
<td>Utkap</td>
</tr>
<tr>
<td>MUNICIPIO</td>
<td>44430</td>
</tr>
<tr bgcolor="#D4E4F3">
<td>DEPTO</td>
<td>44</td>
</tr>
<tr>
<td>CAR</td>
<td>1021</td>
</tr>
<tr bgcolor="#D4E4F3">
<td>NOMBRE</td>
<td>OC_68</td>
</tr>
<tr>
<td>ID_OCU_CAU</td>
<td>OC_68</td>
</tr>
<tr bgcolor="#D4E4F3">
<td>NOM_C_AG</td>
<td>Arroyo no identificado</td>
</tr>
<tr>
<td>ESTADO_OC</td>
<td>2001</td>
</tr>
<tr bgcolor="#D4E4F3">
<td>MARGEN</td>
<td>2011</td>
</tr>
<tr>
<td>T_CAUDAL</td>
<td>2120</td>
</tr>
<tr bgcolor="#D4E4F3">
<td>T_FUE_SUP</td>
<td>2212</td>
</tr>
<tr>
<td>TIPO_OCUP</td>
<td>Marco</td>
</tr>
<tr bgcolor="#D4E4F3">
<td>ESPECIFIC</td>
<td>Rango de movilidad de 100 maguas arriba o abajo de las coordenadas reportadas</td>
</tr>
<tr>
<td>AH</td>
<td>1</td>
</tr>
<tr bgcolor="#D4E4F3">
<td>ZH</td>
<td>15</td>
</tr>
<tr>
<td>SZH</td>
<td>1508</td>
</tr>
<tr bgcolor="#D4E4F3">
<td>N_NV_SUB</td>
<td>Arroyo Kaliye</td>
</tr>
<tr>
<td>C_NV_SUB</td>
<td>1508-1</td>
</tr>
<tr bgcolor="#D4E4F3">
<td>N_MIC_CUE</td>
<td>Arroyo Maliche</td>
</tr>
<tr>
<td>C_MIC_CUE</td>
<td>1508-1-1</td>
</tr>
<tr bgcolor="#D4E4F3">
<td>OBSERV</td>
<td>&lt;Null&gt;</td>
</tr>
<tr>
<td>COTA</td>
<td>9</td>
</tr>
<tr bgcolor="#D4E4F3">
<td>COOR_ESTE</td>
<td>5107913,5591</td>
</tr>
<tr>
<td>COOR_NORTE</td>
<td>2840758,6741</td>
</tr>
</table>
</td>
</tr>
</table>
</body><script type="text/javascript">
				function changeImage(attElement, nameElement) {
				document.getElementById('imageAttachment').src = attElement;
				document.getElementById('imageName').innerHTML = nameElement;}
			</script></html>
]]></description>
      <Point>
        <extrude>0</extrude><altitudeMode>clampToGround</altitudeMode>
        <coordinates> -72.00974796632813,11.60643805882051,0</coordinates>
      </Point>
    </Placemark>
    <Placemark id="ID_00035">
      <name>OC_82</name>
      <snippet></snippet>
      <description><![CDATA[<html xmlns:fo="http://www.w3.org/1999/XSL/Format" xmlns:msxsl="urn:schemas-microsoft-com:xslt">
<head>
<META http-equiv="Content-Type" content="text/html">
<meta http-equiv="content-type" content="text/html; charset=UTF-8">
</head>
<body style="margin:0px 0px 0px 0px;overflow:auto;background:#FFFFFF;">
<table style="font-family:Arial,Verdana,Times;font-size:12px;text-align:left;width:100%;border-collapse:collapse;padding:3px 3px 3px 3px">
<tr style="text-align:center;font-weight:bold;background:#9CBCE2">
<td>LAV0029-00-2019</td>
</tr>
<tr>
<td>
<table style="font-family:Arial,Verdana,Times;font-size:12px;text-align:left;width:100%;border-spacing:0px; padding:3px 3px 3px 3px">
<tr>
<td>SHAPE</td>
<td>Point</td>
</tr>
<tr bgcolor="#D4E4F3">
<td>EXPEDIENTE</td>
<td>LAV0029-00-2019</td>
</tr>
<tr>
<td>OPERADOR</td>
<td>WIND AUTOGENERACIÓN S.A.S.</td>
</tr>
<tr bgcolor="#D4E4F3">
<td>PROYECTO</td>
<td>PARQUE EÓLICO WINDPESHI</td>
</tr>
<tr>
<td>NUM_ACT_AD</td>
<td>261</td>
</tr>
<tr bgcolor="#D4E4F3">
<td>FEC_ACT_AD</td>
<td>13/02/2020</td>
</tr>
<tr>
<td>ART_ACT_AD</td>
<td>Articulo sexto</td>
</tr>
<tr bgcolor="#D4E4F3">
<td>VEREDA</td>
<td>Utkap</td>
</tr>
<tr>
<td>MUNICIPIO</td>
<td>44430</td>
</tr>
<tr bgcolor="#D4E4F3">
<td>DEPTO</td>
<td>44</td>
</tr>
<tr>
<td>CAR</td>
<td>1021</td>
</tr>
<tr bgcolor="#D4E4F3">
<td>NOMBRE</td>
<td>OC_82</td>
</tr>
<tr>
<td>ID_OCU_CAU</td>
<td>OC_82</td>
</tr>
<tr bgcolor="#D4E4F3">
<td>NOM_C_AG</td>
<td>Arroyo no identificado</td>
</tr>
<tr>
<td>ESTADO_OC</td>
<td>2001</td>
</tr>
<tr bgcolor="#D4E4F3">
<td>MARGEN</td>
<td>2011</td>
</tr>
<tr>
<td>T_CAUDAL</td>
<td>2120</td>
</tr>
<tr bgcolor="#D4E4F3">
<td>T_FUE_SUP</td>
<td>2212</td>
</tr>
<tr>
<td>TIPO_OCUP</td>
<td>Alcantarilla</td>
</tr>
<tr bgcolor="#D4E4F3">
<td>ESPECIFIC</td>
<td>Rango de movilidad de 100 maguas arriba o abajo de las coordenadas reportadas</td>
</tr>
<tr>
<td>AH</td>
<td>1</td>
</tr>
<tr bgcolor="#D4E4F3">
<td>ZH</td>
<td>15</td>
</tr>
<tr>
<td>SZH</td>
<td>1508</td>
</tr>
<tr bgcolor="#D4E4F3">
<td>N_NV_SUB</td>
<td>Arroyo Kaliye</td>
</tr>
<tr>
<td>C_NV_SUB</td>
<td>1508-1</td>
</tr>
<tr bgcolor="#D4E4F3">
<td>N_MIC_CUE</td>
<td>Arroyo Maliche</td>
</tr>
<tr>
<td>C_MIC_CUE</td>
<td>1508-1-1</td>
</tr>
<tr bgcolor="#D4E4F3">
<td>OBSERV</td>
<td>&lt;Null&gt;</td>
</tr>
<tr>
<td>COTA</td>
<td>9</td>
</tr>
<tr bgcolor="#D4E4F3">
<td>COOR_ESTE</td>
<td>5108265,9867</td>
</tr>
<tr>
<td>COOR_NORTE</td>
<td>2839649,9852</td>
</tr>
</table>
</td>
</tr>
</table>
</body><script type="text/javascript">
				function changeImage(attElement, nameElement) {
				document.getElementById('imageAttachment').src = attElement;
				document.getElementById('imageName').innerHTML = nameElement;}
			</script></html>
]]></description>
      <Point>
        <extrude>0</extrude><altitudeMode>clampToGround</altitudeMode>
        <coordinates> -72.00654978246978,11.59639787456912,0</coordinates>
      </Point>
    </Placemark>
    <Placemark id="ID_00036">
      <name>OC_83</name>
      <snippet></snippet>
      <description><![CDATA[<html xmlns:fo="http://www.w3.org/1999/XSL/Format" xmlns:msxsl="urn:schemas-microsoft-com:xslt">
<head>
<META http-equiv="Content-Type" content="text/html">
<meta http-equiv="content-type" content="text/html; charset=UTF-8">
</head>
<body style="margin:0px 0px 0px 0px;overflow:auto;background:#FFFFFF;">
<table style="font-family:Arial,Verdana,Times;font-size:12px;text-align:left;width:100%;border-collapse:collapse;padding:3px 3px 3px 3px">
<tr style="text-align:center;font-weight:bold;background:#9CBCE2">
<td>LAV0029-00-2019</td>
</tr>
<tr>
<td>
<table style="font-family:Arial,Verdana,Times;font-size:12px;text-align:left;width:100%;border-spacing:0px; padding:3px 3px 3px 3px">
<tr>
<td>SHAPE</td>
<td>Point</td>
</tr>
<tr bgcolor="#D4E4F3">
<td>EXPEDIENTE</td>
<td>LAV0029-00-2019</td>
</tr>
<tr>
<td>OPERADOR</td>
<td>WIND AUTOGENERACIÓN S.A.S.</td>
</tr>
<tr bgcolor="#D4E4F3">
<td>PROYECTO</td>
<td>PARQUE EÓLICO WINDPESHI</td>
</tr>
<tr>
<td>NUM_ACT_AD</td>
<td>261</td>
</tr>
<tr bgcolor="#D4E4F3">
<td>FEC_ACT_AD</td>
<td>13/02/2020</td>
</tr>
<tr>
<td>ART_ACT_AD</td>
<td>Articulo sexto</td>
</tr>
<tr bgcolor="#D4E4F3">
<td>VEREDA</td>
<td>Utkap</td>
</tr>
<tr>
<td>MUNICIPIO</td>
<td>44430</td>
</tr>
<tr bgcolor="#D4E4F3">
<td>DEPTO</td>
<td>44</td>
</tr>
<tr>
<td>CAR</td>
<td>1021</td>
</tr>
<tr bgcolor="#D4E4F3">
<td>NOMBRE</td>
<td>OC_83</td>
</tr>
<tr>
<td>ID_OCU_CAU</td>
<td>OC_83</td>
</tr>
<tr bgcolor="#D4E4F3">
<td>NOM_C_AG</td>
<td>Arroyo no identificado</td>
</tr>
<tr>
<td>ESTADO_OC</td>
<td>2001</td>
</tr>
<tr bgcolor="#D4E4F3">
<td>MARGEN</td>
<td>2011</td>
</tr>
<tr>
<td>T_CAUDAL</td>
<td>2120</td>
</tr>
<tr bgcolor="#D4E4F3">
<td>T_FUE_SUP</td>
<td>2212</td>
</tr>
<tr>
<td>TIPO_OCUP</td>
<td>Marco</td>
</tr>
<tr bgcolor="#D4E4F3">
<td>ESPECIFIC</td>
<td>Rango de movilidad de 100 maguas arriba o abajo de las coordenadas reportadas</td>
</tr>
<tr>
<td>AH</td>
<td>1</td>
</tr>
<tr bgcolor="#D4E4F3">
<td>ZH</td>
<td>15</td>
</tr>
<tr>
<td>SZH</td>
<td>1508</td>
</tr>
<tr bgcolor="#D4E4F3">
<td>N_NV_SUB</td>
<td>Arroyo Kaliye</td>
</tr>
<tr>
<td>C_NV_SUB</td>
<td>1508-1</td>
</tr>
<tr bgcolor="#D4E4F3">
<td>N_MIC_CUE</td>
<td>Arroyo Maliche</td>
</tr>
<tr>
<td>C_MIC_CUE</td>
<td>1508-1-1</td>
</tr>
<tr bgcolor="#D4E4F3">
<td>OBSERV</td>
<td>&lt;Null&gt;</td>
</tr>
<tr>
<td>COTA</td>
<td>7</td>
</tr>
<tr bgcolor="#D4E4F3">
<td>COOR_ESTE</td>
<td>5108208,1267</td>
</tr>
<tr>
<td>COOR_NORTE</td>
<td>2839704,7052</td>
</tr>
</table>
</td>
</tr>
</table>
</body><script type="text/javascript">
				function changeImage(attElement, nameElement) {
				document.getElementById('imageAttachment').src = attElement;
				document.getElementById('imageName').innerHTML = nameElement;}
			</script></html>
]]></description>
      <Point>
        <extrude>0</extrude><altitudeMode>clampToGround</altitudeMode>
        <coordinates> -72.00707890183422,11.59689468996078,0</coordinates>
      </Point>
    </Placemark>
    <Placemark id="ID_00037">
      <name>OC_84</name>
      <snippet></snippet>
      <description><![CDATA[<html xmlns:fo="http://www.w3.org/1999/XSL/Format" xmlns:msxsl="urn:schemas-microsoft-com:xslt">
<head>
<META http-equiv="Content-Type" content="text/html">
<meta http-equiv="content-type" content="text/html; charset=UTF-8">
</head>
<body style="margin:0px 0px 0px 0px;overflow:auto;background:#FFFFFF;">
<table style="font-family:Arial,Verdana,Times;font-size:12px;text-align:left;width:100%;border-collapse:collapse;padding:3px 3px 3px 3px">
<tr style="text-align:center;font-weight:bold;background:#9CBCE2">
<td>LAV0029-00-2019</td>
</tr>
<tr>
<td>
<table style="font-family:Arial,Verdana,Times;font-size:12px;text-align:left;width:100%;border-spacing:0px; padding:3px 3px 3px 3px">
<tr>
<td>SHAPE</td>
<td>Point</td>
</tr>
<tr bgcolor="#D4E4F3">
<td>EXPEDIENTE</td>
<td>LAV0029-00-2019</td>
</tr>
<tr>
<td>OPERADOR</td>
<td>WIND AUTOGENERACIÓN S.A.S.</td>
</tr>
<tr bgcolor="#D4E4F3">
<td>PROYECTO</td>
<td>PARQUE EÓLICO WINDPESHI</td>
</tr>
<tr>
<td>NUM_ACT_AD</td>
<td>261</td>
</tr>
<tr bgcolor="#D4E4F3">
<td>FEC_ACT_AD</td>
<td>13/02/2020</td>
</tr>
<tr>
<td>ART_ACT_AD</td>
<td>Articulo sexto</td>
</tr>
<tr bgcolor="#D4E4F3">
<td>VEREDA</td>
<td>Utkap</td>
</tr>
<tr>
<td>MUNICIPIO</td>
<td>44430</td>
</tr>
<tr bgcolor="#D4E4F3">
<td>DEPTO</td>
<td>44</td>
</tr>
<tr>
<td>CAR</td>
<td>1021</td>
</tr>
<tr bgcolor="#D4E4F3">
<td>NOMBRE</td>
<td>OC_84</td>
</tr>
<tr>
<td>ID_OCU_CAU</td>
<td>OC_84</td>
</tr>
<tr bgcolor="#D4E4F3">
<td>NOM_C_AG</td>
<td>Arroyo no identificado</td>
</tr>
<tr>
<td>ESTADO_OC</td>
<td>2001</td>
</tr>
<tr bgcolor="#D4E4F3">
<td>MARGEN</td>
<td>2011</td>
</tr>
<tr>
<td>T_CAUDAL</td>
<td>2120</td>
</tr>
<tr bgcolor="#D4E4F3">
<td>T_FUE_SUP</td>
<td>2212</td>
</tr>
<tr>
<td>TIPO_OCUP</td>
<td>Alcantarilla</td>
</tr>
<tr bgcolor="#D4E4F3">
<td>ESPECIFIC</td>
<td>Rango de movilidad de 100 maguas arriba o abajo de las coordenadas reportadas</td>
</tr>
<tr>
<td>AH</td>
<td>1</td>
</tr>
<tr bgcolor="#D4E4F3">
<td>ZH</td>
<td>15</td>
</tr>
<tr>
<td>SZH</td>
<td>1508</td>
</tr>
<tr bgcolor="#D4E4F3">
<td>N_NV_SUB</td>
<td>Arroyo Kaliye</td>
</tr>
<tr>
<td>C_NV_SUB</td>
<td>1508-1</td>
</tr>
<tr bgcolor="#D4E4F3">
<td>N_MIC_CUE</td>
<td>Arroyo Maliche</td>
</tr>
<tr>
<td>C_MIC_CUE</td>
<td>1508-1-1</td>
</tr>
<tr bgcolor="#D4E4F3">
<td>OBSERV</td>
<td>&lt;Null&gt;</td>
</tr>
<tr>
<td>COTA</td>
<td>8</td>
</tr>
<tr bgcolor="#D4E4F3">
<td>COOR_ESTE</td>
<td>5107903,7508</td>
</tr>
<tr>
<td>COOR_NORTE</td>
<td>2839913,2981</td>
</tr>
</table>
</td>
</tr>
</table>
</body><script type="text/javascript">
				function changeImage(attElement, nameElement) {
				document.getElementById('imageAttachment').src = attElement;
				document.getElementById('imageName').innerHTML = nameElement;}
			</script></html>
]]></description>
      <Point>
        <extrude>0</extrude><altitudeMode>clampToGround</altitudeMode>
        <coordinates> -72.0098649232353,11.59879118049961,0</coordinates>
      </Point>
    </Placemark>
    <Placemark id="ID_00038">
      <name>OC_85</name>
      <snippet></snippet>
      <description><![CDATA[<html xmlns:fo="http://www.w3.org/1999/XSL/Format" xmlns:msxsl="urn:schemas-microsoft-com:xslt">
<head>
<META http-equiv="Content-Type" content="text/html">
<meta http-equiv="content-type" content="text/html; charset=UTF-8">
</head>
<body style="margin:0px 0px 0px 0px;overflow:auto;background:#FFFFFF;">
<table style="font-family:Arial,Verdana,Times;font-size:12px;text-align:left;width:100%;border-collapse:collapse;padding:3px 3px 3px 3px">
<tr style="text-align:center;font-weight:bold;background:#9CBCE2">
<td>LAV0029-00-2019</td>
</tr>
<tr>
<td>
<table style="font-family:Arial,Verdana,Times;font-size:12px;text-align:left;width:100%;border-spacing:0px; padding:3px 3px 3px 3px">
<tr>
<td>SHAPE</td>
<td>Point</td>
</tr>
<tr bgcolor="#D4E4F3">
<td>EXPEDIENTE</td>
<td>LAV0029-00-2019</td>
</tr>
<tr>
<td>OPERADOR</td>
<td>WIND AUTOGENERACIÓN S.A.S.</td>
</tr>
<tr bgcolor="#D4E4F3">
<td>PROYECTO</td>
<td>PARQUE EÓLICO WINDPESHI</td>
</tr>
<tr>
<td>NUM_ACT_AD</td>
<td>261</td>
</tr>
<tr bgcolor="#D4E4F3">
<td>FEC_ACT_AD</td>
<td>13/02/2020</td>
</tr>
<tr>
<td>ART_ACT_AD</td>
<td>Articulo sexto</td>
</tr>
<tr bgcolor="#D4E4F3">
<td>VEREDA</td>
<td>Utkap</td>
</tr>
<tr>
<td>MUNICIPIO</td>
<td>44430</td>
</tr>
<tr bgcolor="#D4E4F3">
<td>DEPTO</td>
<td>44</td>
</tr>
<tr>
<td>CAR</td>
<td>1021</td>
</tr>
<tr bgcolor="#D4E4F3">
<td>NOMBRE</td>
<td>OC_85</td>
</tr>
<tr>
<td>ID_OCU_CAU</td>
<td>OC_85</td>
</tr>
<tr bgcolor="#D4E4F3">
<td>NOM_C_AG</td>
<td>Arroyo no identificado</td>
</tr>
<tr>
<td>ESTADO_OC</td>
<td>2001</td>
</tr>
<tr bgcolor="#D4E4F3">
<td>MARGEN</td>
<td>2011</td>
</tr>
<tr>
<td>T_CAUDAL</td>
<td>2120</td>
</tr>
<tr bgcolor="#D4E4F3">
<td>T_FUE_SUP</td>
<td>2212</td>
</tr>
<tr>
<td>TIPO_OCUP</td>
<td>Alcantarilla</td>
</tr>
<tr bgcolor="#D4E4F3">
<td>ESPECIFIC</td>
<td>Rango de movilidad de 100 maguas arriba o abajo de las coordenadas reportadas</td>
</tr>
<tr>
<td>AH</td>
<td>1</td>
</tr>
<tr bgcolor="#D4E4F3">
<td>ZH</td>
<td>15</td>
</tr>
<tr>
<td>SZH</td>
<td>1508</td>
</tr>
<tr bgcolor="#D4E4F3">
<td>N_NV_SUB</td>
<td>Arroyo Kaliye</td>
</tr>
<tr>
<td>C_NV_SUB</td>
<td>1508-1</td>
</tr>
<tr bgcolor="#D4E4F3">
<td>N_MIC_CUE</td>
<td>Arroyo Maliche</td>
</tr>
<tr>
<td>C_MIC_CUE</td>
<td>1508-1-1</td>
</tr>
<tr bgcolor="#D4E4F3">
<td>OBSERV</td>
<td>&lt;Null&gt;</td>
</tr>
<tr>
<td>COTA</td>
<td>8</td>
</tr>
<tr bgcolor="#D4E4F3">
<td>COOR_ESTE</td>
<td>5107891,9947</td>
</tr>
<tr>
<td>COOR_NORTE</td>
<td>2839917,2094</td>
</tr>
</table>
</td>
</tr>
</table>
</body><script type="text/javascript">
				function changeImage(attElement, nameElement) {
				document.getElementById('imageAttachment').src = attElement;
				document.getElementById('imageName').innerHTML = nameElement;}
			</script></html>
]]></description>
      <Point>
        <extrude>0</extrude><altitudeMode>clampToGround</altitudeMode>
        <coordinates> -72.00997266240176,11.5988269312501,0</coordinates>
      </Point>
    </Placemark>
    <Placemark id="ID_00039">
      <name>OC_86</name>
      <snippet></snippet>
      <description><![CDATA[<html xmlns:fo="http://www.w3.org/1999/XSL/Format" xmlns:msxsl="urn:schemas-microsoft-com:xslt">
<head>
<META http-equiv="Content-Type" content="text/html">
<meta http-equiv="content-type" content="text/html; charset=UTF-8">
</head>
<body style="margin:0px 0px 0px 0px;overflow:auto;background:#FFFFFF;">
<table style="font-family:Arial,Verdana,Times;font-size:12px;text-align:left;width:100%;border-collapse:collapse;padding:3px 3px 3px 3px">
<tr style="text-align:center;font-weight:bold;background:#9CBCE2">
<td>LAV0029-00-2019</td>
</tr>
<tr>
<td>
<table style="font-family:Arial,Verdana,Times;font-size:12px;text-align:left;width:100%;border-spacing:0px; padding:3px 3px 3px 3px">
<tr>
<td>SHAPE</td>
<td>Point</td>
</tr>
<tr bgcolor="#D4E4F3">
<td>EXPEDIENTE</td>
<td>LAV0029-00-2019</td>
</tr>
<tr>
<td>OPERADOR</td>
<td>WIND AUTOGENERACIÓN S.A.S.</td>
</tr>
<tr bgcolor="#D4E4F3">
<td>PROYECTO</td>
<td>PARQUE EÓLICO WINDPESHI</td>
</tr>
<tr>
<td>NUM_ACT_AD</td>
<td>261</td>
</tr>
<tr bgcolor="#D4E4F3">
<td>FEC_ACT_AD</td>
<td>13/02/2020</td>
</tr>
<tr>
<td>ART_ACT_AD</td>
<td>Articulo sexto</td>
</tr>
<tr bgcolor="#D4E4F3">
<td>VEREDA</td>
<td>Kalinchon</td>
</tr>
<tr>
<td>MUNICIPIO</td>
<td>44430</td>
</tr>
<tr bgcolor="#D4E4F3">
<td>DEPTO</td>
<td>44</td>
</tr>
<tr>
<td>CAR</td>
<td>1021</td>
</tr>
<tr bgcolor="#D4E4F3">
<td>NOMBRE</td>
<td>OC_86</td>
</tr>
<tr>
<td>ID_OCU_CAU</td>
<td>OC_86</td>
</tr>
<tr bgcolor="#D4E4F3">
<td>NOM_C_AG</td>
<td>Arroyo no identificado</td>
</tr>
<tr>
<td>ESTADO_OC</td>
<td>2001</td>
</tr>
<tr bgcolor="#D4E4F3">
<td>MARGEN</td>
<td>2011</td>
</tr>
<tr>
<td>T_CAUDAL</td>
<td>2120</td>
</tr>
<tr bgcolor="#D4E4F3">
<td>T_FUE_SUP</td>
<td>2212</td>
</tr>
<tr>
<td>TIPO_OCUP</td>
<td>Alcantarilla/Marco</td>
</tr>
<tr bgcolor="#D4E4F3">
<td>ESPECIFIC</td>
<td>Rango de movilidad de 100 maguas arriba o abajo de las coordenadas reportadas</td>
</tr>
<tr>
<td>AH</td>
<td>1</td>
</tr>
<tr bgcolor="#D4E4F3">
<td>ZH</td>
<td>15</td>
</tr>
<tr>
<td>SZH</td>
<td>1508</td>
</tr>
<tr bgcolor="#D4E4F3">
<td>N_NV_SUB</td>
<td>Arroyo Pehepih</td>
</tr>
<tr>
<td>C_NV_SUB</td>
<td>1508-2</td>
</tr>
<tr bgcolor="#D4E4F3">
<td>N_MIC_CUE</td>
<td>Arroyo Kamushipaa</td>
</tr>
<tr>
<td>C_MIC_CUE</td>
<td>1508-2-2</td>
</tr>
<tr bgcolor="#D4E4F3">
<td>OBSERV</td>
<td>&lt;Null&gt;</td>
</tr>
<tr>
<td>COTA</td>
<td>9</td>
</tr>
<tr bgcolor="#D4E4F3">
<td>COOR_ESTE</td>
<td>5106505,6035</td>
</tr>
<tr>
<td>COOR_NORTE</td>
<td>2840021,4886</td>
</tr>
</table>
</td>
</tr>
</table>
</body><script type="text/javascript">
				function changeImage(attElement, nameElement) {
				document.getElementById('imageAttachment').src = attElement;
				document.getElementById('imageName').innerHTML = nameElement;}
			</script></html>
]]></description>
      <Point>
        <extrude>0</extrude><altitudeMode>clampToGround</altitudeMode>
        <coordinates> -72.02268974014788,11.59981352851254,0</coordinates>
      </Point>
    </Placemark>
    <Placemark id="ID_00040">
      <name>OC_40</name>
      <snippet></snippet>
      <description><![CDATA[<html xmlns:fo="http://www.w3.org/1999/XSL/Format" xmlns:msxsl="urn:schemas-microsoft-com:xslt">
<head>
<META http-equiv="Content-Type" content="text/html">
<meta http-equiv="content-type" content="text/html; charset=UTF-8">
</head>
<body style="margin:0px 0px 0px 0px;overflow:auto;background:#FFFFFF;">
<table style="font-family:Arial,Verdana,Times;font-size:12px;text-align:left;width:100%;border-collapse:collapse;padding:3px 3px 3px 3px">
<tr style="text-align:center;font-weight:bold;background:#9CBCE2">
<td>LAV0029-00-2019</td>
</tr>
<tr>
<td>
<table style="font-family:Arial,Verdana,Times;font-size:12px;text-align:left;width:100%;border-spacing:0px; padding:3px 3px 3px 3px">
<tr>
<td>SHAPE</td>
<td>Point</td>
</tr>
<tr bgcolor="#D4E4F3">
<td>EXPEDIENTE</td>
<td>LAV0029-00-2019</td>
</tr>
<tr>
<td>OPERADOR</td>
<td>WIND AUTOGENERACIÓN S.A.S.</td>
</tr>
<tr bgcolor="#D4E4F3">
<td>PROYECTO</td>
<td>PARQUE EÓLICO WINDPESHI</td>
</tr>
<tr>
<td>NUM_ACT_AD</td>
<td>261</td>
</tr>
<tr bgcolor="#D4E4F3">
<td>FEC_ACT_AD</td>
<td>13/02/2020</td>
</tr>
<tr>
<td>ART_ACT_AD</td>
<td>Articulo sexto</td>
</tr>
<tr bgcolor="#D4E4F3">
<td>VEREDA</td>
<td>Utkap</td>
</tr>
<tr>
<td>MUNICIPIO</td>
<td>44430</td>
</tr>
<tr bgcolor="#D4E4F3">
<td>DEPTO</td>
<td>44</td>
</tr>
<tr>
<td>CAR</td>
<td>1021</td>
</tr>
<tr bgcolor="#D4E4F3">
<td>NOMBRE</td>
<td>OC_40</td>
</tr>
<tr>
<td>ID_OCU_CAU</td>
<td>OC_40</td>
</tr>
<tr bgcolor="#D4E4F3">
<td>NOM_C_AG</td>
<td>Arroyo no identificado</td>
</tr>
<tr>
<td>ESTADO_OC</td>
<td>2001</td>
</tr>
<tr bgcolor="#D4E4F3">
<td>MARGEN</td>
<td>2011</td>
</tr>
<tr>
<td>T_CAUDAL</td>
<td>2120</td>
</tr>
<tr bgcolor="#D4E4F3">
<td>T_FUE_SUP</td>
<td>2212</td>
</tr>
<tr>
<td>TIPO_OCUP</td>
<td>Alcantarilla</td>
</tr>
<tr bgcolor="#D4E4F3">
<td>ESPECIFIC</td>
<td>Rango de movilidad de 100 maguas arriba o abajo de las coordenadas reportadas</td>
</tr>
<tr>
<td>AH</td>
<td>1</td>
</tr>
<tr bgcolor="#D4E4F3">
<td>ZH</td>
<td>15</td>
</tr>
<tr>
<td>SZH</td>
<td>1508</td>
</tr>
<tr bgcolor="#D4E4F3">
<td>N_NV_SUB</td>
<td>Arroyo Kaliye</td>
</tr>
<tr>
<td>C_NV_SUB</td>
<td>1508-1</td>
</tr>
<tr bgcolor="#D4E4F3">
<td>N_MIC_CUE</td>
<td>Arroyo Maliche</td>
</tr>
<tr>
<td>C_MIC_CUE</td>
<td>1508-1-1</td>
</tr>
<tr bgcolor="#D4E4F3">
<td>OBSERV</td>
<td>&lt;Null&gt;</td>
</tr>
<tr>
<td>COTA</td>
<td>5</td>
</tr>
<tr bgcolor="#D4E4F3">
<td>COOR_ESTE</td>
<td>5108376,3625</td>
</tr>
<tr>
<td>COOR_NORTE</td>
<td>2838456,3075</td>
</tr>
</table>
</td>
</tr>
</table>
</body><script type="text/javascript">
				function changeImage(attElement, nameElement) {
				document.getElementById('imageAttachment').src = attElement;
				document.getElementById('imageName').innerHTML = nameElement;}
			</script></html>
]]></description>
      <Point>
        <extrude>0</extrude><altitudeMode>clampToGround</altitudeMode>
        <coordinates> -72.00557527523372,11.58559650864531,0</coordinates>
      </Point>
    </Placemark>
    <Placemark id="ID_00041">
      <name>OC_39</name>
      <snippet></snippet>
      <description><![CDATA[<html xmlns:fo="http://www.w3.org/1999/XSL/Format" xmlns:msxsl="urn:schemas-microsoft-com:xslt">
<head>
<META http-equiv="Content-Type" content="text/html">
<meta http-equiv="content-type" content="text/html; charset=UTF-8">
</head>
<body style="margin:0px 0px 0px 0px;overflow:auto;background:#FFFFFF;">
<table style="font-family:Arial,Verdana,Times;font-size:12px;text-align:left;width:100%;border-collapse:collapse;padding:3px 3px 3px 3px">
<tr style="text-align:center;font-weight:bold;background:#9CBCE2">
<td>LAV0029-00-2019</td>
</tr>
<tr>
<td>
<table style="font-family:Arial,Verdana,Times;font-size:12px;text-align:left;width:100%;border-spacing:0px; padding:3px 3px 3px 3px">
<tr>
<td>SHAPE</td>
<td>Point</td>
</tr>
<tr bgcolor="#D4E4F3">
<td>EXPEDIENTE</td>
<td>LAV0029-00-2019</td>
</tr>
<tr>
<td>OPERADOR</td>
<td>WIND AUTOGENERACIÓN S.A.S.</td>
</tr>
<tr bgcolor="#D4E4F3">
<td>PROYECTO</td>
<td>PARQUE EÓLICO WINDPESHI</td>
</tr>
<tr>
<td>NUM_ACT_AD</td>
<td>261</td>
</tr>
<tr bgcolor="#D4E4F3">
<td>FEC_ACT_AD</td>
<td>13/02/2020</td>
</tr>
<tr>
<td>ART_ACT_AD</td>
<td>Articulo sexto</td>
</tr>
<tr bgcolor="#D4E4F3">
<td>VEREDA</td>
<td>Utkap</td>
</tr>
<tr>
<td>MUNICIPIO</td>
<td>44430</td>
</tr>
<tr bgcolor="#D4E4F3">
<td>DEPTO</td>
<td>44</td>
</tr>
<tr>
<td>CAR</td>
<td>1021</td>
</tr>
<tr bgcolor="#D4E4F3">
<td>NOMBRE</td>
<td>OC_39</td>
</tr>
<tr>
<td>ID_OCU_CAU</td>
<td>OC_39</td>
</tr>
<tr bgcolor="#D4E4F3">
<td>NOM_C_AG</td>
<td>Arroyo no identificado</td>
</tr>
<tr>
<td>ESTADO_OC</td>
<td>2001</td>
</tr>
<tr bgcolor="#D4E4F3">
<td>MARGEN</td>
<td>2011</td>
</tr>
<tr>
<td>T_CAUDAL</td>
<td>2120</td>
</tr>
<tr bgcolor="#D4E4F3">
<td>T_FUE_SUP</td>
<td>2212</td>
</tr>
<tr>
<td>TIPO_OCUP</td>
<td>Alcantarilla</td>
</tr>
<tr bgcolor="#D4E4F3">
<td>ESPECIFIC</td>
<td>Rango de movilidad de 100 maguas arriba o abajo de las coordenadas reportadas</td>
</tr>
<tr>
<td>AH</td>
<td>1</td>
</tr>
<tr bgcolor="#D4E4F3">
<td>ZH</td>
<td>15</td>
</tr>
<tr>
<td>SZH</td>
<td>1508</td>
</tr>
<tr bgcolor="#D4E4F3">
<td>N_NV_SUB</td>
<td>Arroyo Kaliye</td>
</tr>
<tr>
<td>C_NV_SUB</td>
<td>1508-1</td>
</tr>
<tr bgcolor="#D4E4F3">
<td>N_MIC_CUE</td>
<td>Arroyo Maliche</td>
</tr>
<tr>
<td>C_MIC_CUE</td>
<td>1508-1-1</td>
</tr>
<tr bgcolor="#D4E4F3">
<td>OBSERV</td>
<td>&lt;Null&gt;</td>
</tr>
<tr>
<td>COTA</td>
<td>4</td>
</tr>
<tr bgcolor="#D4E4F3">
<td>COOR_ESTE</td>
<td>5108473,1851</td>
</tr>
<tr>
<td>COOR_NORTE</td>
<td>2838682,9748</td>
</tr>
</table>
</td>
</tr>
</table>
</body><script type="text/javascript">
				function changeImage(attElement, nameElement) {
				document.getElementById('imageAttachment').src = attElement;
				document.getElementById('imageName').innerHTML = nameElement;}
			</script></html>
]]></description>
      <Point>
        <extrude>0</extrude><altitudeMode>clampToGround</altitudeMode>
        <coordinates> -72.00467970076238,11.58764386288078,0</coordinates>
      </Point>
    </Placemark>
    <Placemark id="ID_00042">
      <name>OC_66</name>
      <snippet></snippet>
      <description><![CDATA[<html xmlns:fo="http://www.w3.org/1999/XSL/Format" xmlns:msxsl="urn:schemas-microsoft-com:xslt">
<head>
<META http-equiv="Content-Type" content="text/html">
<meta http-equiv="content-type" content="text/html; charset=UTF-8">
</head>
<body style="margin:0px 0px 0px 0px;overflow:auto;background:#FFFFFF;">
<table style="font-family:Arial,Verdana,Times;font-size:12px;text-align:left;width:100%;border-collapse:collapse;padding:3px 3px 3px 3px">
<tr style="text-align:center;font-weight:bold;background:#9CBCE2">
<td>LAV0029-00-2019</td>
</tr>
<tr>
<td>
<table style="font-family:Arial,Verdana,Times;font-size:12px;text-align:left;width:100%;border-spacing:0px; padding:3px 3px 3px 3px">
<tr>
<td>SHAPE</td>
<td>Point</td>
</tr>
<tr bgcolor="#D4E4F3">
<td>EXPEDIENTE</td>
<td>LAV0029-00-2019</td>
</tr>
<tr>
<td>OPERADOR</td>
<td>WIND AUTOGENERACIÓN S.A.S.</td>
</tr>
<tr bgcolor="#D4E4F3">
<td>PROYECTO</td>
<td>PARQUE EÓLICO WINDPESHI</td>
</tr>
<tr>
<td>NUM_ACT_AD</td>
<td>261</td>
</tr>
<tr bgcolor="#D4E4F3">
<td>FEC_ACT_AD</td>
<td>13/02/2020</td>
</tr>
<tr>
<td>ART_ACT_AD</td>
<td>Articulo sexto</td>
</tr>
<tr bgcolor="#D4E4F3">
<td>VEREDA</td>
<td>Utkap</td>
</tr>
<tr>
<td>MUNICIPIO</td>
<td>44430</td>
</tr>
<tr bgcolor="#D4E4F3">
<td>DEPTO</td>
<td>44</td>
</tr>
<tr>
<td>CAR</td>
<td>1021</td>
</tr>
<tr bgcolor="#D4E4F3">
<td>NOMBRE</td>
<td>OC_66</td>
</tr>
<tr>
<td>ID_OCU_CAU</td>
<td>OC_66</td>
</tr>
<tr bgcolor="#D4E4F3">
<td>NOM_C_AG</td>
<td>Arroyo Kaliye</td>
</tr>
<tr>
<td>ESTADO_OC</td>
<td>2001</td>
</tr>
<tr bgcolor="#D4E4F3">
<td>MARGEN</td>
<td>2011</td>
</tr>
<tr>
<td>T_CAUDAL</td>
<td>2120</td>
</tr>
<tr bgcolor="#D4E4F3">
<td>T_FUE_SUP</td>
<td>2212</td>
</tr>
<tr>
<td>TIPO_OCUP</td>
<td>Marco</td>
</tr>
<tr bgcolor="#D4E4F3">
<td>ESPECIFIC</td>
<td>Rango de movilidad de 100 maguas arriba o abajo de las coordenadas reportadas</td>
</tr>
<tr>
<td>AH</td>
<td>1</td>
</tr>
<tr bgcolor="#D4E4F3">
<td>ZH</td>
<td>15</td>
</tr>
<tr>
<td>SZH</td>
<td>1508</td>
</tr>
<tr bgcolor="#D4E4F3">
<td>N_NV_SUB</td>
<td>Arroyo Kaliye</td>
</tr>
<tr>
<td>C_NV_SUB</td>
<td>1508-1</td>
</tr>
<tr bgcolor="#D4E4F3">
<td>N_MIC_CUE</td>
<td>Arroyo Kaliye</td>
</tr>
<tr>
<td>C_MIC_CUE</td>
<td>1508-1</td>
</tr>
<tr bgcolor="#D4E4F3">
<td>OBSERV</td>
<td>&lt;Null&gt;</td>
</tr>
<tr>
<td>COTA</td>
<td>2</td>
</tr>
<tr bgcolor="#D4E4F3">
<td>COOR_ESTE</td>
<td>5108750,1375</td>
</tr>
<tr>
<td>COOR_NORTE</td>
<td>2839331,3403</td>
</tr>
</table>
</td>
</tr>
</table>
</body><script type="text/javascript">
				function changeImage(attElement, nameElement) {
				document.getElementById('imageAttachment').src = attElement;
				document.getElementById('imageName').innerHTML = nameElement;}
			</script></html>
]]></description>
      <Point>
        <extrude>0</extrude><altitudeMode>clampToGround</altitudeMode>
        <coordinates> -72.00211791214414,11.59350014957192,0</coordinates>
      </Point>
    </Placemark>
    <Placemark id="ID_00043">
      <name>OC_79</name>
      <snippet></snippet>
      <description><![CDATA[<html xmlns:fo="http://www.w3.org/1999/XSL/Format" xmlns:msxsl="urn:schemas-microsoft-com:xslt">
<head>
<META http-equiv="Content-Type" content="text/html">
<meta http-equiv="content-type" content="text/html; charset=UTF-8">
</head>
<body style="margin:0px 0px 0px 0px;overflow:auto;background:#FFFFFF;">
<table style="font-family:Arial,Verdana,Times;font-size:12px;text-align:left;width:100%;border-collapse:collapse;padding:3px 3px 3px 3px">
<tr style="text-align:center;font-weight:bold;background:#9CBCE2">
<td>LAV0029-00-2019</td>
</tr>
<tr>
<td>
<table style="font-family:Arial,Verdana,Times;font-size:12px;text-align:left;width:100%;border-spacing:0px; padding:3px 3px 3px 3px">
<tr>
<td>SHAPE</td>
<td>Point</td>
</tr>
<tr bgcolor="#D4E4F3">
<td>EXPEDIENTE</td>
<td>LAV0029-00-2019</td>
</tr>
<tr>
<td>OPERADOR</td>
<td>WIND AUTOGENERACIÓN S.A.S.</td>
</tr>
<tr bgcolor="#D4E4F3">
<td>PROYECTO</td>
<td>PARQUE EÓLICO WINDPESHI</td>
</tr>
<tr>
<td>NUM_ACT_AD</td>
<td>261</td>
</tr>
<tr bgcolor="#D4E4F3">
<td>FEC_ACT_AD</td>
<td>13/02/2020</td>
</tr>
<tr>
<td>ART_ACT_AD</td>
<td>Articulo sexto</td>
</tr>
<tr bgcolor="#D4E4F3">
<td>VEREDA</td>
<td>Utkap</td>
</tr>
<tr>
<td>MUNICIPIO</td>
<td>44430</td>
</tr>
<tr bgcolor="#D4E4F3">
<td>DEPTO</td>
<td>44</td>
</tr>
<tr>
<td>CAR</td>
<td>1021</td>
</tr>
<tr bgcolor="#D4E4F3">
<td>NOMBRE</td>
<td>OC_79</td>
</tr>
<tr>
<td>ID_OCU_CAU</td>
<td>OC_79</td>
</tr>
<tr bgcolor="#D4E4F3">
<td>NOM_C_AG</td>
<td>Arroyo no identificado</td>
</tr>
<tr>
<td>ESTADO_OC</td>
<td>2001</td>
</tr>
<tr bgcolor="#D4E4F3">
<td>MARGEN</td>
<td>2011</td>
</tr>
<tr>
<td>T_CAUDAL</td>
<td>2120</td>
</tr>
<tr bgcolor="#D4E4F3">
<td>T_FUE_SUP</td>
<td>2212</td>
</tr>
<tr>
<td>TIPO_OCUP</td>
<td>Alcantarilla</td>
</tr>
<tr bgcolor="#D4E4F3">
<td>ESPECIFIC</td>
<td>Rango de movilidad de 100 maguas arriba o abajo de las coordenadas reportadas</td>
</tr>
<tr>
<td>AH</td>
<td>1</td>
</tr>
<tr bgcolor="#D4E4F3">
<td>ZH</td>
<td>15</td>
</tr>
<tr>
<td>SZH</td>
<td>1508</td>
</tr>
<tr bgcolor="#D4E4F3">
<td>N_NV_SUB</td>
<td>Arroyo Kaliye</td>
</tr>
<tr>
<td>C_NV_SUB</td>
<td>1508-1</td>
</tr>
<tr bgcolor="#D4E4F3">
<td>N_MIC_CUE</td>
<td>Arroyo Maliche</td>
</tr>
<tr>
<td>C_MIC_CUE</td>
<td>1508-1-1</td>
</tr>
<tr bgcolor="#D4E4F3">
<td>OBSERV</td>
<td>&lt;Null&gt;</td>
</tr>
<tr>
<td>COTA</td>
<td>4</td>
</tr>
<tr bgcolor="#D4E4F3">
<td>COOR_ESTE</td>
<td>5107871,5361</td>
</tr>
<tr>
<td>COOR_NORTE</td>
<td>2838305,0076</td>
</tr>
</table>
</td>
</tr>
</table>
</body><script type="text/javascript">
				function changeImage(attElement, nameElement) {
				document.getElementById('imageAttachment').src = attElement;
				document.getElementById('imageName').innerHTML = nameElement;}
			</script></html>
]]></description>
      <Point>
        <extrude>0</extrude><altitudeMode>clampToGround</altitudeMode>
        <coordinates> -72.01021172377742,11.58424374512915,0</coordinates>
      </Point>
    </Placemark>
    <Placemark id="ID_00044">
      <name>OC_81</name>
      <snippet></snippet>
      <description><![CDATA[<html xmlns:fo="http://www.w3.org/1999/XSL/Format" xmlns:msxsl="urn:schemas-microsoft-com:xslt">
<head>
<META http-equiv="Content-Type" content="text/html">
<meta http-equiv="content-type" content="text/html; charset=UTF-8">
</head>
<body style="margin:0px 0px 0px 0px;overflow:auto;background:#FFFFFF;">
<table style="font-family:Arial,Verdana,Times;font-size:12px;text-align:left;width:100%;border-collapse:collapse;padding:3px 3px 3px 3px">
<tr style="text-align:center;font-weight:bold;background:#9CBCE2">
<td>LAV0029-00-2019</td>
</tr>
<tr>
<td>
<table style="font-family:Arial,Verdana,Times;font-size:12px;text-align:left;width:100%;border-spacing:0px; padding:3px 3px 3px 3px">
<tr>
<td>SHAPE</td>
<td>Point</td>
</tr>
<tr bgcolor="#D4E4F3">
<td>EXPEDIENTE</td>
<td>LAV0029-00-2019</td>
</tr>
<tr>
<td>OPERADOR</td>
<td>WIND AUTOGENERACIÓN S.A.S.</td>
</tr>
<tr bgcolor="#D4E4F3">
<td>PROYECTO</td>
<td>PARQUE EÓLICO WINDPESHI</td>
</tr>
<tr>
<td>NUM_ACT_AD</td>
<td>261</td>
</tr>
<tr bgcolor="#D4E4F3">
<td>FEC_ACT_AD</td>
<td>13/02/2020</td>
</tr>
<tr>
<td>ART_ACT_AD</td>
<td>Articulo sexto</td>
</tr>
<tr bgcolor="#D4E4F3">
<td>VEREDA</td>
<td>Utkap</td>
</tr>
<tr>
<td>MUNICIPIO</td>
<td>44430</td>
</tr>
<tr bgcolor="#D4E4F3">
<td>DEPTO</td>
<td>44</td>
</tr>
<tr>
<td>CAR</td>
<td>1021</td>
</tr>
<tr bgcolor="#D4E4F3">
<td>NOMBRE</td>
<td>OC_81</td>
</tr>
<tr>
<td>ID_OCU_CAU</td>
<td>OC_81</td>
</tr>
<tr bgcolor="#D4E4F3">
<td>NOM_C_AG</td>
<td>Arroyo no identificado</td>
</tr>
<tr>
<td>ESTADO_OC</td>
<td>2001</td>
</tr>
<tr bgcolor="#D4E4F3">
<td>MARGEN</td>
<td>2011</td>
</tr>
<tr>
<td>T_CAUDAL</td>
<td>2120</td>
</tr>
<tr bgcolor="#D4E4F3">
<td>T_FUE_SUP</td>
<td>2212</td>
</tr>
<tr>
<td>TIPO_OCUP</td>
<td>Alcantarilla</td>
</tr>
<tr bgcolor="#D4E4F3">
<td>ESPECIFIC</td>
<td>Rango de movilidad de 100 maguas arriba o abajo de las coordenadas reportadas</td>
</tr>
<tr>
<td>AH</td>
<td>1</td>
</tr>
<tr bgcolor="#D4E4F3">
<td>ZH</td>
<td>15</td>
</tr>
<tr>
<td>SZH</td>
<td>1508</td>
</tr>
<tr bgcolor="#D4E4F3">
<td>N_NV_SUB</td>
<td>Arroyo Kaliye</td>
</tr>
<tr>
<td>C_NV_SUB</td>
<td>1508-1</td>
</tr>
<tr bgcolor="#D4E4F3">
<td>N_MIC_CUE</td>
<td>Arroyo Kaliye</td>
</tr>
<tr>
<td>C_MIC_CUE</td>
<td>1508-1</td>
</tr>
<tr bgcolor="#D4E4F3">
<td>OBSERV</td>
<td>&lt;Null&gt;</td>
</tr>
<tr>
<td>COTA</td>
<td>8</td>
</tr>
<tr bgcolor="#D4E4F3">
<td>COOR_ESTE</td>
<td>5108706,0695</td>
</tr>
<tr>
<td>COOR_NORTE</td>
<td>2839228,1736</td>
</tr>
</table>
</td>
</tr>
</table>
</body><script type="text/javascript">
				function changeImage(attElement, nameElement) {
				document.getElementById('imageAttachment').src = attElement;
				document.getElementById('imageName').innerHTML = nameElement;}
			</script></html>
]]></description>
      <Point>
        <extrude>0</extrude><altitudeMode>clampToGround</altitudeMode>
        <coordinates> -72.00252554550607,11.59256831049693,0</coordinates>
      </Point>
    </Placemark>
    <Placemark id="ID_00045">
      <name>OC_1</name>
      <snippet></snippet>
      <description><![CDATA[<html xmlns:fo="http://www.w3.org/1999/XSL/Format" xmlns:msxsl="urn:schemas-microsoft-com:xslt">
<head>
<META http-equiv="Content-Type" content="text/html">
<meta http-equiv="content-type" content="text/html; charset=UTF-8">
</head>
<body style="margin:0px 0px 0px 0px;overflow:auto;background:#FFFFFF;">
<table style="font-family:Arial,Verdana,Times;font-size:12px;text-align:left;width:100%;border-collapse:collapse;padding:3px 3px 3px 3px">
<tr style="text-align:center;font-weight:bold;background:#9CBCE2">
<td>LAV0029-00-2019</td>
</tr>
<tr>
<td>
<table style="font-family:Arial,Verdana,Times;font-size:12px;text-align:left;width:100%;border-spacing:0px; padding:3px 3px 3px 3px">
<tr>
<td>SHAPE</td>
<td>Point</td>
</tr>
<tr bgcolor="#D4E4F3">
<td>EXPEDIENTE</td>
<td>LAV0029-00-2019</td>
</tr>
<tr>
<td>OPERADOR</td>
<td>WIND AUTOGENERACIÓN S.A.S.</td>
</tr>
<tr bgcolor="#D4E4F3">
<td>PROYECTO</td>
<td>PARQUE EÓLICO WINDPESHI</td>
</tr>
<tr>
<td>NUM_ACT_AD</td>
<td>261</td>
</tr>
<tr bgcolor="#D4E4F3">
<td>FEC_ACT_AD</td>
<td>13/02/2020</td>
</tr>
<tr>
<td>ART_ACT_AD</td>
<td>Articulo sexto</td>
</tr>
<tr bgcolor="#D4E4F3">
<td>VEREDA</td>
<td>Romana</td>
</tr>
<tr>
<td>MUNICIPIO</td>
<td>44430</td>
</tr>
<tr bgcolor="#D4E4F3">
<td>DEPTO</td>
<td>44</td>
</tr>
<tr>
<td>CAR</td>
<td>1021</td>
</tr>
<tr bgcolor="#D4E4F3">
<td>NOMBRE</td>
<td>OC_1</td>
</tr>
<tr>
<td>ID_OCU_CAU</td>
<td>OC_1</td>
</tr>
<tr bgcolor="#D4E4F3">
<td>NOM_C_AG</td>
<td>Arroyo no identificado</td>
</tr>
<tr>
<td>ESTADO_OC</td>
<td>2001</td>
</tr>
<tr bgcolor="#D4E4F3">
<td>MARGEN</td>
<td>2011</td>
</tr>
<tr>
<td>T_CAUDAL</td>
<td>2110</td>
</tr>
<tr bgcolor="#D4E4F3">
<td>T_FUE_SUP</td>
<td>2212</td>
</tr>
<tr>
<td>TIPO_OCUP</td>
<td>Alcantarilla</td>
</tr>
<tr bgcolor="#D4E4F3">
<td>ESPECIFIC</td>
<td>Rango de movilidad de 100 maguas arriba o abajo de las coordenadas reportadas</td>
</tr>
<tr>
<td>AH</td>
<td>1</td>
</tr>
<tr bgcolor="#D4E4F3">
<td>ZH</td>
<td>15</td>
</tr>
<tr>
<td>SZH</td>
<td>1508</td>
</tr>
<tr bgcolor="#D4E4F3">
<td>N_NV_SUB</td>
<td>Arroyo Pehepih</td>
</tr>
<tr>
<td>C_NV_SUB</td>
<td>1508-2</td>
</tr>
<tr bgcolor="#D4E4F3">
<td>N_MIC_CUE</td>
<td>Arroyo Windpeshi</td>
</tr>
<tr>
<td>C_MIC_CUE</td>
<td>1508-2-1</td>
</tr>
<tr bgcolor="#D4E4F3">
<td>OBSERV</td>
<td>&lt;Null&gt;</td>
</tr>
<tr>
<td>COTA</td>
<td>7</td>
</tr>
<tr bgcolor="#D4E4F3">
<td>COOR_ESTE</td>
<td>5104112,5787</td>
</tr>
<tr>
<td>COOR_NORTE</td>
<td>2836855,381</td>
</tr>
</table>
</td>
</tr>
</table>
</body><script type="text/javascript">
				function changeImage(attElement, nameElement) {
				document.getElementById('imageAttachment').src = attElement;
				document.getElementById('imageName').innerHTML = nameElement;}
			</script></html>
]]></description>
      <Point>
        <extrude>0</extrude><altitudeMode>clampToGround</altitudeMode>
        <coordinates> -72.04474359262586,11.5712463228814,0</coordinates>
      </Point>
    </Placemark>
    <Placemark id="ID_00046">
      <name>OC_127</name>
      <snippet></snippet>
      <description><![CDATA[<html xmlns:fo="http://www.w3.org/1999/XSL/Format" xmlns:msxsl="urn:schemas-microsoft-com:xslt">
<head>
<META http-equiv="Content-Type" content="text/html">
<meta http-equiv="content-type" content="text/html; charset=UTF-8">
</head>
<body style="margin:0px 0px 0px 0px;overflow:auto;background:#FFFFFF;">
<table style="font-family:Arial,Verdana,Times;font-size:12px;text-align:left;width:100%;border-collapse:collapse;padding:3px 3px 3px 3px">
<tr style="text-align:center;font-weight:bold;background:#9CBCE2">
<td>LAV0029-00-2019</td>
</tr>
<tr>
<td>
<table style="font-family:Arial,Verdana,Times;font-size:12px;text-align:left;width:100%;border-spacing:0px; padding:3px 3px 3px 3px">
<tr>
<td>SHAPE</td>
<td>Point</td>
</tr>
<tr bgcolor="#D4E4F3">
<td>EXPEDIENTE</td>
<td>LAV0029-00-2019</td>
</tr>
<tr>
<td>OPERADOR</td>
<td>WIND AUTOGENERACIÓN S.A.S.</td>
</tr>
<tr bgcolor="#D4E4F3">
<td>PROYECTO</td>
<td>PARQUE EÓLICO WINDPESHI</td>
</tr>
<tr>
<td>NUM_ACT_AD</td>
<td>261</td>
</tr>
<tr bgcolor="#D4E4F3">
<td>FEC_ACT_AD</td>
<td>13/02/2020</td>
</tr>
<tr>
<td>ART_ACT_AD</td>
<td>Articulo sexto</td>
</tr>
<tr bgcolor="#D4E4F3">
<td>VEREDA</td>
<td>Kamushipa</td>
</tr>
<tr>
<td>MUNICIPIO</td>
<td>44430</td>
</tr>
<tr bgcolor="#D4E4F3">
<td>DEPTO</td>
<td>44</td>
</tr>
<tr>
<td>CAR</td>
<td>1021</td>
</tr>
<tr bgcolor="#D4E4F3">
<td>NOMBRE</td>
<td>OC_127</td>
</tr>
<tr>
<td>ID_OCU_CAU</td>
<td>OC_127</td>
</tr>
<tr bgcolor="#D4E4F3">
<td>NOM_C_AG</td>
<td>Arroyo no identificado</td>
</tr>
<tr>
<td>ESTADO_OC</td>
<td>2001</td>
</tr>
<tr bgcolor="#D4E4F3">
<td>MARGEN</td>
<td>2011</td>
</tr>
<tr>
<td>T_CAUDAL</td>
<td>2120</td>
</tr>
<tr bgcolor="#D4E4F3">
<td>T_FUE_SUP</td>
<td>2212</td>
</tr>
<tr>
<td>TIPO_OCUP</td>
<td>Alcantarilla</td>
</tr>
<tr bgcolor="#D4E4F3">
<td>ESPECIFIC</td>
<td>Rango de movilidad de 100 maguas arriba o abajo de las coordenadas reportadas</td>
</tr>
<tr>
<td>AH</td>
<td>1</td>
</tr>
<tr bgcolor="#D4E4F3">
<td>ZH</td>
<td>15</td>
</tr>
<tr>
<td>SZH</td>
<td>1508</td>
</tr>
<tr bgcolor="#D4E4F3">
<td>N_NV_SUB</td>
<td>Arroyo Pehepih</td>
</tr>
<tr>
<td>C_NV_SUB</td>
<td>1508-2</td>
</tr>
<tr bgcolor="#D4E4F3">
<td>N_MIC_CUE</td>
<td>Arroyo Kamushipaa</td>
</tr>
<tr>
<td>C_MIC_CUE</td>
<td>1508-2-2</td>
</tr>
<tr bgcolor="#D4E4F3">
<td>OBSERV</td>
<td>&lt;Null&gt;</td>
</tr>
<tr>
<td>COTA</td>
<td>6</td>
</tr>
<tr bgcolor="#D4E4F3">
<td>COOR_ESTE</td>
<td>5107106,5243</td>
</tr>
<tr>
<td>COOR_NORTE</td>
<td>2836950,2622</td>
</tr>
</table>
</td>
</tr>
</table>
</body><script type="text/javascript">
				function changeImage(attElement, nameElement) {
				document.getElementById('imageAttachment').src = attElement;
				document.getElementById('imageName').innerHTML = nameElement;}
			</script></html>
]]></description>
      <Point>
        <extrude>0</extrude><altitudeMode>clampToGround</altitudeMode>
        <coordinates> -72.01727325034201,11.57201272893563,0</coordinates>
      </Point>
    </Placemark>
    <Placemark id="ID_00047">
      <name>OC_128</name>
      <snippet></snippet>
      <description><![CDATA[<html xmlns:fo="http://www.w3.org/1999/XSL/Format" xmlns:msxsl="urn:schemas-microsoft-com:xslt">
<head>
<META http-equiv="Content-Type" content="text/html">
<meta http-equiv="content-type" content="text/html; charset=UTF-8">
</head>
<body style="margin:0px 0px 0px 0px;overflow:auto;background:#FFFFFF;">
<table style="font-family:Arial,Verdana,Times;font-size:12px;text-align:left;width:100%;border-collapse:collapse;padding:3px 3px 3px 3px">
<tr style="text-align:center;font-weight:bold;background:#9CBCE2">
<td>LAV0029-00-2019</td>
</tr>
<tr>
<td>
<table style="font-family:Arial,Verdana,Times;font-size:12px;text-align:left;width:100%;border-spacing:0px; padding:3px 3px 3px 3px">
<tr>
<td>SHAPE</td>
<td>Point</td>
</tr>
<tr bgcolor="#D4E4F3">
<td>EXPEDIENTE</td>
<td>LAV0029-00-2019</td>
</tr>
<tr>
<td>OPERADOR</td>
<td>WIND AUTOGENERACIÓN S.A.S.</td>
</tr>
<tr bgcolor="#D4E4F3">
<td>PROYECTO</td>
<td>PARQUE EÓLICO WINDPESHI</td>
</tr>
<tr>
<td>NUM_ACT_AD</td>
<td>261</td>
</tr>
<tr bgcolor="#D4E4F3">
<td>FEC_ACT_AD</td>
<td>13/02/2020</td>
</tr>
<tr>
<td>ART_ACT_AD</td>
<td>Articulo sexto</td>
</tr>
<tr bgcolor="#D4E4F3">
<td>VEREDA</td>
<td>Kamushipa</td>
</tr>
<tr>
<td>MUNICIPIO</td>
<td>44430</td>
</tr>
<tr bgcolor="#D4E4F3">
<td>DEPTO</td>
<td>44</td>
</tr>
<tr>
<td>CAR</td>
<td>1021</td>
</tr>
<tr bgcolor="#D4E4F3">
<td>NOMBRE</td>
<td>OC_128</td>
</tr>
<tr>
<td>ID_OCU_CAU</td>
<td>OC_128</td>
</tr>
<tr bgcolor="#D4E4F3">
<td>NOM_C_AG</td>
<td>Arroyo no identificado</td>
</tr>
<tr>
<td>ESTADO_OC</td>
<td>2001</td>
</tr>
<tr bgcolor="#D4E4F3">
<td>MARGEN</td>
<td>2011</td>
</tr>
<tr>
<td>T_CAUDAL</td>
<td>2120</td>
</tr>
<tr bgcolor="#D4E4F3">
<td>T_FUE_SUP</td>
<td>2212</td>
</tr>
<tr>
<td>TIPO_OCUP</td>
<td>Marco</td>
</tr>
<tr bgcolor="#D4E4F3">
<td>ESPECIFIC</td>
<td>Rango de movilidad de 100 maguas arriba o abajo de las coordenadas reportadas</td>
</tr>
<tr>
<td>AH</td>
<td>1</td>
</tr>
<tr bgcolor="#D4E4F3">
<td>ZH</td>
<td>15</td>
</tr>
<tr>
<td>SZH</td>
<td>1508</td>
</tr>
<tr bgcolor="#D4E4F3">
<td>N_NV_SUB</td>
<td>Arroyo Pehepih</td>
</tr>
<tr>
<td>C_NV_SUB</td>
<td>1508-2</td>
</tr>
<tr bgcolor="#D4E4F3">
<td>N_MIC_CUE</td>
<td>Arroyo Kamushipaa</td>
</tr>
<tr>
<td>C_MIC_CUE</td>
<td>1508-2-2</td>
</tr>
<tr bgcolor="#D4E4F3">
<td>OBSERV</td>
<td>&lt;Null&gt;</td>
</tr>
<tr>
<td>COTA</td>
<td>32</td>
</tr>
<tr bgcolor="#D4E4F3">
<td>COOR_ESTE</td>
<td>5105824,2463</td>
</tr>
<tr>
<td>COOR_NORTE</td>
<td>2836827,7538</td>
</tr>
</table>
</td>
</tr>
</table>
</body><script type="text/javascript">
				function changeImage(attElement, nameElement) {
				document.getElementById('imageAttachment').src = attElement;
				document.getElementById('imageName').innerHTML = nameElement;}
			</script></html>
]]></description>
      <Point>
        <extrude>0</extrude><altitudeMode>clampToGround</altitudeMode>
        <coordinates> -72.02904107821252,11.57094419603849,0</coordinates>
      </Point>
    </Placemark>
    <Placemark id="ID_00048">
      <name>OC_129</name>
      <snippet></snippet>
      <description><![CDATA[<html xmlns:fo="http://www.w3.org/1999/XSL/Format" xmlns:msxsl="urn:schemas-microsoft-com:xslt">
<head>
<META http-equiv="Content-Type" content="text/html">
<meta http-equiv="content-type" content="text/html; charset=UTF-8">
</head>
<body style="margin:0px 0px 0px 0px;overflow:auto;background:#FFFFFF;">
<table style="font-family:Arial,Verdana,Times;font-size:12px;text-align:left;width:100%;border-collapse:collapse;padding:3px 3px 3px 3px">
<tr style="text-align:center;font-weight:bold;background:#9CBCE2">
<td>LAV0029-00-2019</td>
</tr>
<tr>
<td>
<table style="font-family:Arial,Verdana,Times;font-size:12px;text-align:left;width:100%;border-spacing:0px; padding:3px 3px 3px 3px">
<tr>
<td>SHAPE</td>
<td>Point</td>
</tr>
<tr bgcolor="#D4E4F3">
<td>EXPEDIENTE</td>
<td>LAV0029-00-2019</td>
</tr>
<tr>
<td>OPERADOR</td>
<td>WIND AUTOGENERACIÓN S.A.S.</td>
</tr>
<tr bgcolor="#D4E4F3">
<td>PROYECTO</td>
<td>PARQUE EÓLICO WINDPESHI</td>
</tr>
<tr>
<td>NUM_ACT_AD</td>
<td>261</td>
</tr>
<tr bgcolor="#D4E4F3">
<td>FEC_ACT_AD</td>
<td>13/02/2020</td>
</tr>
<tr>
<td>ART_ACT_AD</td>
<td>Articulo sexto</td>
</tr>
<tr bgcolor="#D4E4F3">
<td>VEREDA</td>
<td>Kamushipa</td>
</tr>
<tr>
<td>MUNICIPIO</td>
<td>44430</td>
</tr>
<tr bgcolor="#D4E4F3">
<td>DEPTO</td>
<td>44</td>
</tr>
<tr>
<td>CAR</td>
<td>1021</td>
</tr>
<tr bgcolor="#D4E4F3">
<td>NOMBRE</td>
<td>OC_129</td>
</tr>
<tr>
<td>ID_OCU_CAU</td>
<td>OC_129</td>
</tr>
<tr bgcolor="#D4E4F3">
<td>NOM_C_AG</td>
<td>Arroyo no identificado</td>
</tr>
<tr>
<td>ESTADO_OC</td>
<td>2001</td>
</tr>
<tr bgcolor="#D4E4F3">
<td>MARGEN</td>
<td>2011</td>
</tr>
<tr>
<td>T_CAUDAL</td>
<td>2120</td>
</tr>
<tr bgcolor="#D4E4F3">
<td>T_FUE_SUP</td>
<td>2212</td>
</tr>
<tr>
<td>TIPO_OCUP</td>
<td>Alcantarilla</td>
</tr>
<tr bgcolor="#D4E4F3">
<td>ESPECIFIC</td>
<td>Rango de movilidad de 100 maguas arriba o abajo de las coordenadas reportadas</td>
</tr>
<tr>
<td>AH</td>
<td>1</td>
</tr>
<tr bgcolor="#D4E4F3">
<td>ZH</td>
<td>15</td>
</tr>
<tr>
<td>SZH</td>
<td>1508</td>
</tr>
<tr bgcolor="#D4E4F3">
<td>N_NV_SUB</td>
<td>Arroyo Pehepih</td>
</tr>
<tr>
<td>C_NV_SUB</td>
<td>1508-2</td>
</tr>
<tr bgcolor="#D4E4F3">
<td>N_MIC_CUE</td>
<td>Arroyo Kamushipaa</td>
</tr>
<tr>
<td>C_MIC_CUE</td>
<td>1508-2-2</td>
</tr>
<tr bgcolor="#D4E4F3">
<td>OBSERV</td>
<td>&lt;Null&gt;</td>
</tr>
<tr>
<td>COTA</td>
<td>8</td>
</tr>
<tr bgcolor="#D4E4F3">
<td>COOR_ESTE</td>
<td>5105676,306</td>
</tr>
<tr>
<td>COOR_NORTE</td>
<td>2836799,9705</td>
</tr>
</table>
</td>
</tr>
</table>
</body><script type="text/javascript">
				function changeImage(attElement, nameElement) {
				document.getElementById('imageAttachment').src = attElement;
				document.getElementById('imageName').innerHTML = nameElement;}
			</script></html>
]]></description>
      <Point>
        <extrude>0</extrude><altitudeMode>clampToGround</altitudeMode>
        <coordinates> -72.03039919005565,11.57069741518325,0</coordinates>
      </Point>
    </Placemark>
    <Placemark id="ID_00049">
      <name>OC_130</name>
      <snippet></snippet>
      <description><![CDATA[<html xmlns:fo="http://www.w3.org/1999/XSL/Format" xmlns:msxsl="urn:schemas-microsoft-com:xslt">
<head>
<META http-equiv="Content-Type" content="text/html">
<meta http-equiv="content-type" content="text/html; charset=UTF-8">
</head>
<body style="margin:0px 0px 0px 0px;overflow:auto;background:#FFFFFF;">
<table style="font-family:Arial,Verdana,Times;font-size:12px;text-align:left;width:100%;border-collapse:collapse;padding:3px 3px 3px 3px">
<tr style="text-align:center;font-weight:bold;background:#9CBCE2">
<td>LAV0029-00-2019</td>
</tr>
<tr>
<td>
<table style="font-family:Arial,Verdana,Times;font-size:12px;text-align:left;width:100%;border-spacing:0px; padding:3px 3px 3px 3px">
<tr>
<td>SHAPE</td>
<td>Point</td>
</tr>
<tr bgcolor="#D4E4F3">
<td>EXPEDIENTE</td>
<td>LAV0029-00-2019</td>
</tr>
<tr>
<td>OPERADOR</td>
<td>WIND AUTOGENERACIÓN S.A.S.</td>
</tr>
<tr bgcolor="#D4E4F3">
<td>PROYECTO</td>
<td>PARQUE EÓLICO WINDPESHI</td>
</tr>
<tr>
<td>NUM_ACT_AD</td>
<td>261</td>
</tr>
<tr bgcolor="#D4E4F3">
<td>FEC_ACT_AD</td>
<td>13/02/2020</td>
</tr>
<tr>
<td>ART_ACT_AD</td>
<td>Articulo sexto</td>
</tr>
<tr bgcolor="#D4E4F3">
<td>VEREDA</td>
<td>Romana</td>
</tr>
<tr>
<td>MUNICIPIO</td>
<td>44430</td>
</tr>
<tr bgcolor="#D4E4F3">
<td>DEPTO</td>
<td>44</td>
</tr>
<tr>
<td>CAR</td>
<td>1021</td>
</tr>
<tr bgcolor="#D4E4F3">
<td>NOMBRE</td>
<td>OC_130</td>
</tr>
<tr>
<td>ID_OCU_CAU</td>
<td>OC_130</td>
</tr>
<tr bgcolor="#D4E4F3">
<td>NOM_C_AG</td>
<td>Arroyo no identificado</td>
</tr>
<tr>
<td>ESTADO_OC</td>
<td>2001</td>
</tr>
<tr bgcolor="#D4E4F3">
<td>MARGEN</td>
<td>2011</td>
</tr>
<tr>
<td>T_CAUDAL</td>
<td>2110</td>
</tr>
<tr bgcolor="#D4E4F3">
<td>T_FUE_SUP</td>
<td>2212</td>
</tr>
<tr>
<td>TIPO_OCUP</td>
<td>Alcantarilla</td>
</tr>
<tr bgcolor="#D4E4F3">
<td>ESPECIFIC</td>
<td>Rango de movilidad de 100 maguas arriba o abajo de las coordenadas reportadas</td>
</tr>
<tr>
<td>AH</td>
<td>1</td>
</tr>
<tr bgcolor="#D4E4F3">
<td>ZH</td>
<td>15</td>
</tr>
<tr>
<td>SZH</td>
<td>1508</td>
</tr>
<tr bgcolor="#D4E4F3">
<td>N_NV_SUB</td>
<td>Arroyo Pehepih</td>
</tr>
<tr>
<td>C_NV_SUB</td>
<td>1508-2</td>
</tr>
<tr bgcolor="#D4E4F3">
<td>N_MIC_CUE</td>
<td>Arroyo Kamushipaa</td>
</tr>
<tr>
<td>C_MIC_CUE</td>
<td>1508-2-2</td>
</tr>
<tr bgcolor="#D4E4F3">
<td>OBSERV</td>
<td>&lt;Null&gt;</td>
</tr>
<tr>
<td>COTA</td>
<td>5</td>
</tr>
<tr bgcolor="#D4E4F3">
<td>COOR_ESTE</td>
<td>5104874,403</td>
</tr>
<tr>
<td>COOR_NORTE</td>
<td>2836626,8741</td>
</tr>
</table>
</td>
</tr>
</table>
</body><script type="text/javascript">
				function changeImage(attElement, nameElement) {
				document.getElementById('imageAttachment').src = attElement;
				document.getElementById('imageName').innerHTML = nameElement;}
			</script></html>
]]></description>
      <Point>
        <extrude>0</extrude><altitudeMode>clampToGround</altitudeMode>
        <coordinates> -72.03776143007602,11.56915611713925,0</coordinates>
      </Point>
    </Placemark>
    <Placemark id="ID_00050">
      <name>OC_77</name>
      <snippet></snippet>
      <description><![CDATA[<html xmlns:fo="http://www.w3.org/1999/XSL/Format" xmlns:msxsl="urn:schemas-microsoft-com:xslt">
<head>
<META http-equiv="Content-Type" content="text/html">
<meta http-equiv="content-type" content="text/html; charset=UTF-8">
</head>
<body style="margin:0px 0px 0px 0px;overflow:auto;background:#FFFFFF;">
<table style="font-family:Arial,Verdana,Times;font-size:12px;text-align:left;width:100%;border-collapse:collapse;padding:3px 3px 3px 3px">
<tr style="text-align:center;font-weight:bold;background:#9CBCE2">
<td>LAV0029-00-2019</td>
</tr>
<tr>
<td>
<table style="font-family:Arial,Verdana,Times;font-size:12px;text-align:left;width:100%;border-spacing:0px; padding:3px 3px 3px 3px">
<tr>
<td>SHAPE</td>
<td>Point</td>
</tr>
<tr bgcolor="#D4E4F3">
<td>EXPEDIENTE</td>
<td>LAV0029-00-2019</td>
</tr>
<tr>
<td>OPERADOR</td>
<td>WIND AUTOGENERACIÓN S.A.S.</td>
</tr>
<tr bgcolor="#D4E4F3">
<td>PROYECTO</td>
<td>PARQUE EÓLICO WINDPESHI</td>
</tr>
<tr>
<td>NUM_ACT_AD</td>
<td>261</td>
</tr>
<tr bgcolor="#D4E4F3">
<td>FEC_ACT_AD</td>
<td>13/02/2020</td>
</tr>
<tr>
<td>ART_ACT_AD</td>
<td>Articulo sexto</td>
</tr>
<tr bgcolor="#D4E4F3">
<td>VEREDA</td>
<td>Kamushipa</td>
</tr>
<tr>
<td>MUNICIPIO</td>
<td>44430</td>
</tr>
<tr bgcolor="#D4E4F3">
<td>DEPTO</td>
<td>44</td>
</tr>
<tr>
<td>CAR</td>
<td>1021</td>
</tr>
<tr bgcolor="#D4E4F3">
<td>NOMBRE</td>
<td>OC_77</td>
</tr>
<tr>
<td>ID_OCU_CAU</td>
<td>OC_77</td>
</tr>
<tr bgcolor="#D4E4F3">
<td>NOM_C_AG</td>
<td>Arroyo Guayabo</td>
</tr>
<tr>
<td>ESTADO_OC</td>
<td>2001</td>
</tr>
<tr bgcolor="#D4E4F3">
<td>MARGEN</td>
<td>2011</td>
</tr>
<tr>
<td>T_CAUDAL</td>
<td>2120</td>
</tr>
<tr bgcolor="#D4E4F3">
<td>T_FUE_SUP</td>
<td>2212</td>
</tr>
<tr>
<td>TIPO_OCUP</td>
<td>Marco</td>
</tr>
<tr bgcolor="#D4E4F3">
<td>ESPECIFIC</td>
<td>Rango de movilidad de 100 maguas arriba o abajo de las coordenadas reportadas</td>
</tr>
<tr>
<td>AH</td>
<td>1</td>
</tr>
<tr bgcolor="#D4E4F3">
<td>ZH</td>
<td>15</td>
</tr>
<tr>
<td>SZH</td>
<td>1508</td>
</tr>
<tr bgcolor="#D4E4F3">
<td>N_NV_SUB</td>
<td>Arroyo Pehepih</td>
</tr>
<tr>
<td>C_NV_SUB</td>
<td>1508-2</td>
</tr>
<tr bgcolor="#D4E4F3">
<td>N_MIC_CUE</td>
<td>Arroyo Kamushipaa</td>
</tr>
<tr>
<td>C_MIC_CUE</td>
<td>1508-2-2</td>
</tr>
<tr bgcolor="#D4E4F3">
<td>OBSERV</td>
<td>&lt;Null&gt;</td>
</tr>
<tr>
<td>COTA</td>
<td>5</td>
</tr>
<tr bgcolor="#D4E4F3">
<td>COOR_ESTE</td>
<td>5105454,5973</td>
</tr>
<tr>
<td>COOR_NORTE</td>
<td>2836148,5778</td>
</tr>
</table>
</td>
</tr>
</table>
</body><script type="text/javascript">
				function changeImage(attElement, nameElement) {
				document.getElementById('imageAttachment').src = attElement;
				document.getElementById('imageName').innerHTML = nameElement;}
			</script></html>
]]></description>
      <Point>
        <extrude>0</extrude><altitudeMode>clampToGround</altitudeMode>
        <coordinates> -72.03245344675598,11.56481172883146,0</coordinates>
      </Point>
    </Placemark>
    <Placemark id="ID_00051">
      <name>OC_78</name>
      <snippet></snippet>
      <description><![CDATA[<html xmlns:fo="http://www.w3.org/1999/XSL/Format" xmlns:msxsl="urn:schemas-microsoft-com:xslt">
<head>
<META http-equiv="Content-Type" content="text/html">
<meta http-equiv="content-type" content="text/html; charset=UTF-8">
</head>
<body style="margin:0px 0px 0px 0px;overflow:auto;background:#FFFFFF;">
<table style="font-family:Arial,Verdana,Times;font-size:12px;text-align:left;width:100%;border-collapse:collapse;padding:3px 3px 3px 3px">
<tr style="text-align:center;font-weight:bold;background:#9CBCE2">
<td>LAV0029-00-2019</td>
</tr>
<tr>
<td>
<table style="font-family:Arial,Verdana,Times;font-size:12px;text-align:left;width:100%;border-spacing:0px; padding:3px 3px 3px 3px">
<tr>
<td>SHAPE</td>
<td>Point</td>
</tr>
<tr bgcolor="#D4E4F3">
<td>EXPEDIENTE</td>
<td>LAV0029-00-2019</td>
</tr>
<tr>
<td>OPERADOR</td>
<td>WIND AUTOGENERACIÓN S.A.S.</td>
</tr>
<tr bgcolor="#D4E4F3">
<td>PROYECTO</td>
<td>PARQUE EÓLICO WINDPESHI</td>
</tr>
<tr>
<td>NUM_ACT_AD</td>
<td>261</td>
</tr>
<tr bgcolor="#D4E4F3">
<td>FEC_ACT_AD</td>
<td>13/02/2020</td>
</tr>
<tr>
<td>ART_ACT_AD</td>
<td>Articulo sexto</td>
</tr>
<tr bgcolor="#D4E4F3">
<td>VEREDA</td>
<td>Romana</td>
</tr>
<tr>
<td>MUNICIPIO</td>
<td>44430</td>
</tr>
<tr bgcolor="#D4E4F3">
<td>DEPTO</td>
<td>44</td>
</tr>
<tr>
<td>CAR</td>
<td>1021</td>
</tr>
<tr bgcolor="#D4E4F3">
<td>NOMBRE</td>
<td>OC_78</td>
</tr>
<tr>
<td>ID_OCU_CAU</td>
<td>OC_78</td>
</tr>
<tr bgcolor="#D4E4F3">
<td>NOM_C_AG</td>
<td>Arroyo no identificado</td>
</tr>
<tr>
<td>ESTADO_OC</td>
<td>2003</td>
</tr>
<tr bgcolor="#D4E4F3">
<td>MARGEN</td>
<td>2011</td>
</tr>
<tr>
<td>T_CAUDAL</td>
<td>2120</td>
</tr>
<tr bgcolor="#D4E4F3">
<td>T_FUE_SUP</td>
<td>2212</td>
</tr>
<tr>
<td>TIPO_OCUP</td>
<td>Alcantarilla</td>
</tr>
<tr bgcolor="#D4E4F3">
<td>ESPECIFIC</td>
<td>Rango de movilidad de 100 maguas arriba o abajo de las coordenadas reportadas</td>
</tr>
<tr>
<td>AH</td>
<td>1</td>
</tr>
<tr bgcolor="#D4E4F3">
<td>ZH</td>
<td>15</td>
</tr>
<tr>
<td>SZH</td>
<td>1508</td>
</tr>
<tr bgcolor="#D4E4F3">
<td>N_NV_SUB</td>
<td>Arroyo Pehepih</td>
</tr>
<tr>
<td>C_NV_SUB</td>
<td>1508-2</td>
</tr>
<tr bgcolor="#D4E4F3">
<td>N_MIC_CUE</td>
<td>Arroyo Windpeshi</td>
</tr>
<tr>
<td>C_MIC_CUE</td>
<td>1508-2-1</td>
</tr>
<tr bgcolor="#D4E4F3">
<td>OBSERV</td>
<td>Finalizada ICA 5</td>
</tr>
<tr>
<td>COTA</td>
<td>3</td>
</tr>
<tr bgcolor="#D4E4F3">
<td>COOR_ESTE</td>
<td>5104461,0766</td>
</tr>
<tr>
<td>COOR_NORTE</td>
<td>2835257,3496</td>
</tr>
</table>
</td>
</tr>
</table>
</body><script type="text/javascript">
				function changeImage(attElement, nameElement) {
				document.getElementById('imageAttachment').src = attElement;
				document.getElementById('imageName').innerHTML = nameElement;}
			</script></html>
]]></description>
      <Point>
        <extrude>0</extrude><altitudeMode>clampToGround</altitudeMode>
        <coordinates> -72.04159552280115,11.5567799536095,0</coordinates>
      </Point>
    </Placemark>
    <Placemark id="ID_00052">
      <name>OC_142</name>
      <snippet></snippet>
      <description><![CDATA[<html xmlns:fo="http://www.w3.org/1999/XSL/Format" xmlns:msxsl="urn:schemas-microsoft-com:xslt">
<head>
<META http-equiv="Content-Type" content="text/html">
<meta http-equiv="content-type" content="text/html; charset=UTF-8">
</head>
<body style="margin:0px 0px 0px 0px;overflow:auto;background:#FFFFFF;">
<table style="font-family:Arial,Verdana,Times;font-size:12px;text-align:left;width:100%;border-collapse:collapse;padding:3px 3px 3px 3px">
<tr style="text-align:center;font-weight:bold;background:#9CBCE2">
<td>LAV0029-00-2019</td>
</tr>
<tr>
<td>
<table style="font-family:Arial,Verdana,Times;font-size:12px;text-align:left;width:100%;border-spacing:0px; padding:3px 3px 3px 3px">
<tr>
<td>SHAPE</td>
<td>Point</td>
</tr>
<tr bgcolor="#D4E4F3">
<td>EXPEDIENTE</td>
<td>LAV0029-00-2019</td>
</tr>
<tr>
<td>OPERADOR</td>
<td>WIND AUTOGENERACIÓN S.A.S.</td>
</tr>
<tr bgcolor="#D4E4F3">
<td>PROYECTO</td>
<td>PARQUE EÓLICO WINDPESHI</td>
</tr>
<tr>
<td>NUM_ACT_AD</td>
<td>283</td>
</tr>
<tr bgcolor="#D4E4F3">
<td>FEC_ACT_AD</td>
<td>31/01/2022</td>
</tr>
<tr>
<td>ART_ACT_AD</td>
<td>Articulo tercero</td>
</tr>
<tr bgcolor="#D4E4F3">
<td>VEREDA</td>
<td>Paljiyawain</td>
</tr>
<tr>
<td>MUNICIPIO</td>
<td>44430</td>
</tr>
<tr bgcolor="#D4E4F3">
<td>DEPTO</td>
<td>44</td>
</tr>
<tr>
<td>CAR</td>
<td>1021</td>
</tr>
<tr bgcolor="#D4E4F3">
<td>NOMBRE</td>
<td>OC_142</td>
</tr>
<tr>
<td>ID_OCU_CAU</td>
<td>OC_142</td>
</tr>
<tr bgcolor="#D4E4F3">
<td>NOM_C_AG</td>
<td>NN</td>
</tr>
<tr>
<td>ESTADO_OC</td>
<td>2001</td>
</tr>
<tr bgcolor="#D4E4F3">
<td>MARGEN</td>
<td>2011</td>
</tr>
<tr>
<td>T_CAUDAL</td>
<td>2120</td>
</tr>
<tr bgcolor="#D4E4F3">
<td>T_FUE_SUP</td>
<td>2212</td>
</tr>
<tr>
<td>TIPO_OCUP</td>
<td>Baden</td>
</tr>
<tr bgcolor="#D4E4F3">
<td>ESPECIFIC</td>
<td>Rango de movilidad de 100 maguas arriba o abajo de las coordenadas reportadas</td>
</tr>
<tr>
<td>AH</td>
<td>1</td>
</tr>
<tr bgcolor="#D4E4F3">
<td>ZH</td>
<td>15</td>
</tr>
<tr>
<td>SZH</td>
<td>1508</td>
</tr>
<tr bgcolor="#D4E4F3">
<td>N_NV_SUB</td>
<td>Arroyo Kaliye</td>
</tr>
<tr>
<td>C_NV_SUB</td>
<td>1508-1</td>
</tr>
<tr bgcolor="#D4E4F3">
<td>N_MIC_CUE</td>
<td>Arroyo Matajuna</td>
</tr>
<tr>
<td>C_MIC_CUE</td>
<td>1508-1-3</td>
</tr>
<tr bgcolor="#D4E4F3">
<td>OBSERV</td>
<td>&lt;Null&gt;</td>
</tr>
<tr>
<td>COTA</td>
<td>20</td>
</tr>
<tr bgcolor="#D4E4F3">
<td>COOR_ESTE</td>
<td>5107898,3253</td>
</tr>
<tr>
<td>COOR_NORTE</td>
<td>2844829,4857</td>
</tr>
</table>
</td>
</tr>
</table>
</body><script type="text/javascript">
				function changeImage(attElement, nameElement) {
				document.getElementById('imageAttachment').src = attElement;
				document.getElementById('imageName').innerHTML = nameElement;}
			</script></html>
]]></description>
      <Point>
        <extrude>0</extrude><altitudeMode>clampToGround</altitudeMode>
        <coordinates> -72.00975765072334,11.64326263615743,0</coordinates>
      </Point>
    </Placemark>
    <Placemark id="ID_00053">
      <name>OC_143</name>
      <snippet></snippet>
      <description><![CDATA[<html xmlns:fo="http://www.w3.org/1999/XSL/Format" xmlns:msxsl="urn:schemas-microsoft-com:xslt">
<head>
<META http-equiv="Content-Type" content="text/html">
<meta http-equiv="content-type" content="text/html; charset=UTF-8">
</head>
<body style="margin:0px 0px 0px 0px;overflow:auto;background:#FFFFFF;">
<table style="font-family:Arial,Verdana,Times;font-size:12px;text-align:left;width:100%;border-collapse:collapse;padding:3px 3px 3px 3px">
<tr style="text-align:center;font-weight:bold;background:#9CBCE2">
<td>LAV0029-00-2019</td>
</tr>
<tr>
<td>
<table style="font-family:Arial,Verdana,Times;font-size:12px;text-align:left;width:100%;border-spacing:0px; padding:3px 3px 3px 3px">
<tr>
<td>SHAPE</td>
<td>Point</td>
</tr>
<tr bgcolor="#D4E4F3">
<td>EXPEDIENTE</td>
<td>LAV0029-00-2019</td>
</tr>
<tr>
<td>OPERADOR</td>
<td>WIND AUTOGENERACIÓN S.A.S.</td>
</tr>
<tr bgcolor="#D4E4F3">
<td>PROYECTO</td>
<td>PARQUE EÓLICO WINDPESHI</td>
</tr>
<tr>
<td>NUM_ACT_AD</td>
<td>283</td>
</tr>
<tr bgcolor="#D4E4F3">
<td>FEC_ACT_AD</td>
<td>31/01/2022</td>
</tr>
<tr>
<td>ART_ACT_AD</td>
<td>Articulo tercero</td>
</tr>
<tr bgcolor="#D4E4F3">
<td>VEREDA</td>
<td>Paljiyawain</td>
</tr>
<tr>
<td>MUNICIPIO</td>
<td>44430</td>
</tr>
<tr bgcolor="#D4E4F3">
<td>DEPTO</td>
<td>44</td>
</tr>
<tr>
<td>CAR</td>
<td>1021</td>
</tr>
<tr bgcolor="#D4E4F3">
<td>NOMBRE</td>
<td>OC_143</td>
</tr>
<tr>
<td>ID_OCU_CAU</td>
<td>OC_143</td>
</tr>
<tr bgcolor="#D4E4F3">
<td>NOM_C_AG</td>
<td>NN</td>
</tr>
<tr>
<td>ESTADO_OC</td>
<td>2001</td>
</tr>
<tr bgcolor="#D4E4F3">
<td>MARGEN</td>
<td>2011</td>
</tr>
<tr>
<td>T_CAUDAL</td>
<td>2120</td>
</tr>
<tr bgcolor="#D4E4F3">
<td>T_FUE_SUP</td>
<td>2212</td>
</tr>
<tr>
<td>TIPO_OCUP</td>
<td>Baden</td>
</tr>
<tr bgcolor="#D4E4F3">
<td>ESPECIFIC</td>
<td>Rango de movilidad de 100 maguas arriba o abajo de las coordenadas reportadas</td>
</tr>
<tr>
<td>AH</td>
<td>1</td>
</tr>
<tr bgcolor="#D4E4F3">
<td>ZH</td>
<td>15</td>
</tr>
<tr>
<td>SZH</td>
<td>1508</td>
</tr>
<tr bgcolor="#D4E4F3">
<td>N_NV_SUB</td>
<td>Arroyo Kaliye</td>
</tr>
<tr>
<td>C_NV_SUB</td>
<td>1508-1</td>
</tr>
<tr bgcolor="#D4E4F3">
<td>N_MIC_CUE</td>
<td>Arroyo Matajuna</td>
</tr>
<tr>
<td>C_MIC_CUE</td>
<td>1508-1-3</td>
</tr>
<tr bgcolor="#D4E4F3">
<td>OBSERV</td>
<td>&lt;Null&gt;</td>
</tr>
<tr>
<td>COTA</td>
<td>17</td>
</tr>
<tr bgcolor="#D4E4F3">
<td>COOR_ESTE</td>
<td>5108073,2295</td>
</tr>
<tr>
<td>COOR_NORTE</td>
<td>2844990,2249</td>
</tr>
</table>
</td>
</tr>
</table>
</body><script type="text/javascript">
				function changeImage(attElement, nameElement) {
				document.getElementById('imageAttachment').src = attElement;
				document.getElementById('imageName').innerHTML = nameElement;}
			</script></html>
]]></description>
      <Point>
        <extrude>0</extrude><altitudeMode>clampToGround</altitudeMode>
        <coordinates> -72.00814747214439,11.64471113836544,0</coordinates>
      </Point>
    </Placemark>
    <Placemark id="ID_00054">
      <name>OC_134</name>
      <snippet></snippet>
      <description><![CDATA[<html xmlns:fo="http://www.w3.org/1999/XSL/Format" xmlns:msxsl="urn:schemas-microsoft-com:xslt">
<head>
<META http-equiv="Content-Type" content="text/html">
<meta http-equiv="content-type" content="text/html; charset=UTF-8">
</head>
<body style="margin:0px 0px 0px 0px;overflow:auto;background:#FFFFFF;">
<table style="font-family:Arial,Verdana,Times;font-size:12px;text-align:left;width:100%;border-collapse:collapse;padding:3px 3px 3px 3px">
<tr style="text-align:center;font-weight:bold;background:#9CBCE2">
<td>LAV0029-00-2019</td>
</tr>
<tr>
<td>
<table style="font-family:Arial,Verdana,Times;font-size:12px;text-align:left;width:100%;border-spacing:0px; padding:3px 3px 3px 3px">
<tr>
<td>SHAPE</td>
<td>Point</td>
</tr>
<tr bgcolor="#D4E4F3">
<td>EXPEDIENTE</td>
<td>LAV0029-00-2019</td>
</tr>
<tr>
<td>OPERADOR</td>
<td>WIND AUTOGENERACIÓN S.A.S.</td>
</tr>
<tr bgcolor="#D4E4F3">
<td>PROYECTO</td>
<td>PARQUE EÓLICO WINDPESHI</td>
</tr>
<tr>
<td>NUM_ACT_AD</td>
<td>283</td>
</tr>
<tr bgcolor="#D4E4F3">
<td>FEC_ACT_AD</td>
<td>31/01/2022</td>
</tr>
<tr>
<td>ART_ACT_AD</td>
<td>Articulo tercero</td>
</tr>
<tr bgcolor="#D4E4F3">
<td>VEREDA</td>
<td>Utkap</td>
</tr>
<tr>
<td>MUNICIPIO</td>
<td>44430</td>
</tr>
<tr bgcolor="#D4E4F3">
<td>DEPTO</td>
<td>44</td>
</tr>
<tr>
<td>CAR</td>
<td>1021</td>
</tr>
<tr bgcolor="#D4E4F3">
<td>NOMBRE</td>
<td>OC_134</td>
</tr>
<tr>
<td>ID_OCU_CAU</td>
<td>OC_134</td>
</tr>
<tr bgcolor="#D4E4F3">
<td>NOM_C_AG</td>
<td>NN</td>
</tr>
<tr>
<td>ESTADO_OC</td>
<td>2001</td>
</tr>
<tr bgcolor="#D4E4F3">
<td>MARGEN</td>
<td>2011</td>
</tr>
<tr>
<td>T_CAUDAL</td>
<td>2120</td>
</tr>
<tr bgcolor="#D4E4F3">
<td>T_FUE_SUP</td>
<td>2212</td>
</tr>
<tr>
<td>TIPO_OCUP</td>
<td>Alcantarilla</td>
</tr>
<tr bgcolor="#D4E4F3">
<td>ESPECIFIC</td>
<td>Rango de movilidad de 100 maguas arriba o abajo de las coordenadas reportadas</td>
</tr>
<tr>
<td>AH</td>
<td>1</td>
</tr>
<tr bgcolor="#D4E4F3">
<td>ZH</td>
<td>15</td>
</tr>
<tr>
<td>SZH</td>
<td>1508</td>
</tr>
<tr bgcolor="#D4E4F3">
<td>N_NV_SUB</td>
<td>Arroyo Kaliye</td>
</tr>
<tr>
<td>C_NV_SUB</td>
<td>1508-1</td>
</tr>
<tr bgcolor="#D4E4F3">
<td>N_MIC_CUE</td>
<td>Arroyo Maliche</td>
</tr>
<tr>
<td>C_MIC_CUE</td>
<td>1508-1-1</td>
</tr>
<tr bgcolor="#D4E4F3">
<td>OBSERV</td>
<td>&lt;Null&gt;</td>
</tr>
<tr>
<td>COTA</td>
<td>10</td>
</tr>
<tr bgcolor="#D4E4F3">
<td>COOR_ESTE</td>
<td>5107778,9962</td>
</tr>
<tr>
<td>COOR_NORTE</td>
<td>2840326,8922</td>
</tr>
</table>
</td>
</tr>
</table>
</body><script type="text/javascript">
				function changeImage(attElement, nameElement) {
				document.getElementById('imageAttachment').src = attElement;
				document.getElementById('imageName').innerHTML = nameElement;}
			</script></html>
]]></description>
      <Point>
        <extrude>0</extrude><altitudeMode>clampToGround</altitudeMode>
        <coordinates> -72.01099639092146,11.60253643238433,0</coordinates>
      </Point>
    </Placemark>
    <Placemark id="ID_00055">
      <name>OC_141</name>
      <snippet></snippet>
      <description><![CDATA[<html xmlns:fo="http://www.w3.org/1999/XSL/Format" xmlns:msxsl="urn:schemas-microsoft-com:xslt">
<head>
<META http-equiv="Content-Type" content="text/html">
<meta http-equiv="content-type" content="text/html; charset=UTF-8">
</head>
<body style="margin:0px 0px 0px 0px;overflow:auto;background:#FFFFFF;">
<table style="font-family:Arial,Verdana,Times;font-size:12px;text-align:left;width:100%;border-collapse:collapse;padding:3px 3px 3px 3px">
<tr style="text-align:center;font-weight:bold;background:#9CBCE2">
<td>LAV0029-00-2019</td>
</tr>
<tr>
<td>
<table style="font-family:Arial,Verdana,Times;font-size:12px;text-align:left;width:100%;border-spacing:0px; padding:3px 3px 3px 3px">
<tr>
<td>SHAPE</td>
<td>Point</td>
</tr>
<tr bgcolor="#D4E4F3">
<td>EXPEDIENTE</td>
<td>LAV0029-00-2019</td>
</tr>
<tr>
<td>OPERADOR</td>
<td>WIND AUTOGENERACIÓN S.A.S.</td>
</tr>
<tr bgcolor="#D4E4F3">
<td>PROYECTO</td>
<td>PARQUE EÓLICO WINDPESHI</td>
</tr>
<tr>
<td>NUM_ACT_AD</td>
<td>283</td>
</tr>
<tr bgcolor="#D4E4F3">
<td>FEC_ACT_AD</td>
<td>31/01/2022</td>
</tr>
<tr>
<td>ART_ACT_AD</td>
<td>Articulo tercero</td>
</tr>
<tr bgcolor="#D4E4F3">
<td>VEREDA</td>
<td>Paljiyawain</td>
</tr>
<tr>
<td>MUNICIPIO</td>
<td>44430</td>
</tr>
<tr bgcolor="#D4E4F3">
<td>DEPTO</td>
<td>44</td>
</tr>
<tr>
<td>CAR</td>
<td>1021</td>
</tr>
<tr bgcolor="#D4E4F3">
<td>NOMBRE</td>
<td>OC_141</td>
</tr>
<tr>
<td>ID_OCU_CAU</td>
<td>OC_141</td>
</tr>
<tr bgcolor="#D4E4F3">
<td>NOM_C_AG</td>
<td>NN</td>
</tr>
<tr>
<td>ESTADO_OC</td>
<td>2001</td>
</tr>
<tr bgcolor="#D4E4F3">
<td>MARGEN</td>
<td>2011</td>
</tr>
<tr>
<td>T_CAUDAL</td>
<td>2120</td>
</tr>
<tr bgcolor="#D4E4F3">
<td>T_FUE_SUP</td>
<td>2212</td>
</tr>
<tr>
<td>TIPO_OCUP</td>
<td>Alcantarilla</td>
</tr>
<tr bgcolor="#D4E4F3">
<td>ESPECIFIC</td>
<td>Rango de movilidad de 100 maguas arriba o abajo de las coordenadas reportadas</td>
</tr>
<tr>
<td>AH</td>
<td>1</td>
</tr>
<tr bgcolor="#D4E4F3">
<td>ZH</td>
<td>15</td>
</tr>
<tr>
<td>SZH</td>
<td>1508</td>
</tr>
<tr bgcolor="#D4E4F3">
<td>N_NV_SUB</td>
<td>Arroyo Kaliye</td>
</tr>
<tr>
<td>C_NV_SUB</td>
<td>1508-1</td>
</tr>
<tr bgcolor="#D4E4F3">
<td>N_MIC_CUE</td>
<td>Arroyo Matajuna</td>
</tr>
<tr>
<td>C_MIC_CUE</td>
<td>1508-1-3</td>
</tr>
<tr bgcolor="#D4E4F3">
<td>OBSERV</td>
<td>&lt;Null&gt;</td>
</tr>
<tr>
<td>COTA</td>
<td>18</td>
</tr>
<tr bgcolor="#D4E4F3">
<td>COOR_ESTE</td>
<td>5107783,097</td>
</tr>
<tr>
<td>COOR_NORTE</td>
<td>2844621,8454</td>
</tr>
</table>
</td>
</tr>
</table>
</body><script type="text/javascript">
				function changeImage(attElement, nameElement) {
				document.getElementById('imageAttachment').src = attElement;
				document.getElementById('imageName').innerHTML = nameElement;}
			</script></html>
]]></description>
      <Point>
        <extrude>0</extrude><altitudeMode>clampToGround</altitudeMode>
        <coordinates> -72.0108216933959,11.64138798147724,0</coordinates>
      </Point>
    </Placemark>
    <Placemark id="ID_00056">
      <name>OC_133</name>
      <snippet></snippet>
      <description><![CDATA[<html xmlns:fo="http://www.w3.org/1999/XSL/Format" xmlns:msxsl="urn:schemas-microsoft-com:xslt">
<head>
<META http-equiv="Content-Type" content="text/html">
<meta http-equiv="content-type" content="text/html; charset=UTF-8">
</head>
<body style="margin:0px 0px 0px 0px;overflow:auto;background:#FFFFFF;">
<table style="font-family:Arial,Verdana,Times;font-size:12px;text-align:left;width:100%;border-collapse:collapse;padding:3px 3px 3px 3px">
<tr style="text-align:center;font-weight:bold;background:#9CBCE2">
<td>LAV0029-00-2019</td>
</tr>
<tr>
<td>
<table style="font-family:Arial,Verdana,Times;font-size:12px;text-align:left;width:100%;border-spacing:0px; padding:3px 3px 3px 3px">
<tr>
<td>SHAPE</td>
<td>Point</td>
</tr>
<tr bgcolor="#D4E4F3">
<td>EXPEDIENTE</td>
<td>LAV0029-00-2019</td>
</tr>
<tr>
<td>OPERADOR</td>
<td>WIND AUTOGENERACIÓN S.A.S.</td>
</tr>
<tr bgcolor="#D4E4F3">
<td>PROYECTO</td>
<td>PARQUE EÓLICO WINDPESHI</td>
</tr>
<tr>
<td>NUM_ACT_AD</td>
<td>283</td>
</tr>
<tr bgcolor="#D4E4F3">
<td>FEC_ACT_AD</td>
<td>31/01/2022</td>
</tr>
<tr>
<td>ART_ACT_AD</td>
<td>Articulo tercero</td>
</tr>
<tr bgcolor="#D4E4F3">
<td>VEREDA</td>
<td>Utkap</td>
</tr>
<tr>
<td>MUNICIPIO</td>
<td>44430</td>
</tr>
<tr bgcolor="#D4E4F3">
<td>DEPTO</td>
<td>44</td>
</tr>
<tr>
<td>CAR</td>
<td>1021</td>
</tr>
<tr bgcolor="#D4E4F3">
<td>NOMBRE</td>
<td>OC_133</td>
</tr>
<tr>
<td>ID_OCU_CAU</td>
<td>OC_133</td>
</tr>
<tr bgcolor="#D4E4F3">
<td>NOM_C_AG</td>
<td>NN</td>
</tr>
<tr>
<td>ESTADO_OC</td>
<td>2001</td>
</tr>
<tr bgcolor="#D4E4F3">
<td>MARGEN</td>
<td>2011</td>
</tr>
<tr>
<td>T_CAUDAL</td>
<td>2120</td>
</tr>
<tr bgcolor="#D4E4F3">
<td>T_FUE_SUP</td>
<td>2212</td>
</tr>
<tr>
<td>TIPO_OCUP</td>
<td>Alcantarilla</td>
</tr>
<tr bgcolor="#D4E4F3">
<td>ESPECIFIC</td>
<td>Rango de movilidad de 100 maguas arriba o abajo de las coordenadas reportadas</td>
</tr>
<tr>
<td>AH</td>
<td>1</td>
</tr>
<tr bgcolor="#D4E4F3">
<td>ZH</td>
<td>15</td>
</tr>
<tr>
<td>SZH</td>
<td>1508</td>
</tr>
<tr bgcolor="#D4E4F3">
<td>N_NV_SUB</td>
<td>Arroyo Kaliye</td>
</tr>
<tr>
<td>C_NV_SUB</td>
<td>1508-1</td>
</tr>
<tr bgcolor="#D4E4F3">
<td>N_MIC_CUE</td>
<td>Arroyo Maliche</td>
</tr>
<tr>
<td>C_MIC_CUE</td>
<td>1508-1-1</td>
</tr>
<tr bgcolor="#D4E4F3">
<td>OBSERV</td>
<td>&lt;Null&gt;</td>
</tr>
<tr>
<td>COTA</td>
<td>7</td>
</tr>
<tr bgcolor="#D4E4F3">
<td>COOR_ESTE</td>
<td>5107760,7553</td>
</tr>
<tr>
<td>COOR_NORTE</td>
<td>2840139,5254</td>
</tr>
</table>
</td>
</tr>
</table>
</body><script type="text/javascript">
				function changeImage(attElement, nameElement) {
				document.getElementById('imageAttachment').src = attElement;
				document.getElementById('imageName').innerHTML = nameElement;}
			</script></html>
]]></description>
      <Point>
        <extrude>0</extrude><altitudeMode>clampToGround</altitudeMode>
        <coordinates> -72.01116972335252,11.60084210309066,0</coordinates>
      </Point>
    </Placemark>
    <Placemark id="ID_00057">
      <name>OC_135</name>
      <snippet></snippet>
      <description><![CDATA[<html xmlns:fo="http://www.w3.org/1999/XSL/Format" xmlns:msxsl="urn:schemas-microsoft-com:xslt">
<head>
<META http-equiv="Content-Type" content="text/html">
<meta http-equiv="content-type" content="text/html; charset=UTF-8">
</head>
<body style="margin:0px 0px 0px 0px;overflow:auto;background:#FFFFFF;">
<table style="font-family:Arial,Verdana,Times;font-size:12px;text-align:left;width:100%;border-collapse:collapse;padding:3px 3px 3px 3px">
<tr style="text-align:center;font-weight:bold;background:#9CBCE2">
<td>LAV0029-00-2019</td>
</tr>
<tr>
<td>
<table style="font-family:Arial,Verdana,Times;font-size:12px;text-align:left;width:100%;border-spacing:0px; padding:3px 3px 3px 3px">
<tr>
<td>SHAPE</td>
<td>Point</td>
</tr>
<tr bgcolor="#D4E4F3">
<td>EXPEDIENTE</td>
<td>LAV0029-00-2019</td>
</tr>
<tr>
<td>OPERADOR</td>
<td>WIND AUTOGENERACIÓN S.A.S.</td>
</tr>
<tr bgcolor="#D4E4F3">
<td>PROYECTO</td>
<td>PARQUE EÓLICO WINDPESHI</td>
</tr>
<tr>
<td>NUM_ACT_AD</td>
<td>283</td>
</tr>
<tr bgcolor="#D4E4F3">
<td>FEC_ACT_AD</td>
<td>31/01/2022</td>
</tr>
<tr>
<td>ART_ACT_AD</td>
<td>Articulo tercero</td>
</tr>
<tr bgcolor="#D4E4F3">
<td>VEREDA</td>
<td>Patajatamana</td>
</tr>
<tr>
<td>MUNICIPIO</td>
<td>44430</td>
</tr>
<tr bgcolor="#D4E4F3">
<td>DEPTO</td>
<td>44</td>
</tr>
<tr>
<td>CAR</td>
<td>1021</td>
</tr>
<tr bgcolor="#D4E4F3">
<td>NOMBRE</td>
<td>OC_135</td>
</tr>
<tr>
<td>ID_OCU_CAU</td>
<td>OC_135</td>
</tr>
<tr bgcolor="#D4E4F3">
<td>NOM_C_AG</td>
<td>NN</td>
</tr>
<tr>
<td>ESTADO_OC</td>
<td>2001</td>
</tr>
<tr bgcolor="#D4E4F3">
<td>MARGEN</td>
<td>2011</td>
</tr>
<tr>
<td>T_CAUDAL</td>
<td>2120</td>
</tr>
<tr bgcolor="#D4E4F3">
<td>T_FUE_SUP</td>
<td>2212</td>
</tr>
<tr>
<td>TIPO_OCUP</td>
<td>Alcantarilla</td>
</tr>
<tr bgcolor="#D4E4F3">
<td>ESPECIFIC</td>
<td>Rango de movilidad de 100 maguas arriba o abajo de las coordenadas reportadas</td>
</tr>
<tr>
<td>AH</td>
<td>1</td>
</tr>
<tr bgcolor="#D4E4F3">
<td>ZH</td>
<td>15</td>
</tr>
<tr>
<td>SZH</td>
<td>1508</td>
</tr>
<tr bgcolor="#D4E4F3">
<td>N_NV_SUB</td>
<td>Arroyo Kaliye</td>
</tr>
<tr>
<td>C_NV_SUB</td>
<td>1508-1</td>
</tr>
<tr bgcolor="#D4E4F3">
<td>N_MIC_CUE</td>
<td>Arroyo Kaliye</td>
</tr>
<tr>
<td>C_MIC_CUE</td>
<td>1508-1</td>
</tr>
<tr bgcolor="#D4E4F3">
<td>OBSERV</td>
<td>&lt;Null&gt;</td>
</tr>
<tr>
<td>COTA</td>
<td>9</td>
</tr>
<tr bgcolor="#D4E4F3">
<td>COOR_ESTE</td>
<td>5108233,9097</td>
</tr>
<tr>
<td>COOR_NORTE</td>
<td>2841368,2287</td>
</tr>
</table>
</td>
</tr>
</table>
</body><script type="text/javascript">
				function changeImage(attElement, nameElement) {
				document.getElementById('imageAttachment').src = attElement;
				document.getElementById('imageName').innerHTML = nameElement;}
			</script></html>
]]></description>
      <Point>
        <extrude>0</extrude><altitudeMode>clampToGround</altitudeMode>
        <coordinates> -72.00678911440845,11.61194192892071,0</coordinates>
      </Point>
    </Placemark>
    <Placemark id="ID_00058">
      <name>OC_136</name>
      <snippet></snippet>
      <description><![CDATA[<html xmlns:fo="http://www.w3.org/1999/XSL/Format" xmlns:msxsl="urn:schemas-microsoft-com:xslt">
<head>
<META http-equiv="Content-Type" content="text/html">
<meta http-equiv="content-type" content="text/html; charset=UTF-8">
</head>
<body style="margin:0px 0px 0px 0px;overflow:auto;background:#FFFFFF;">
<table style="font-family:Arial,Verdana,Times;font-size:12px;text-align:left;width:100%;border-collapse:collapse;padding:3px 3px 3px 3px">
<tr style="text-align:center;font-weight:bold;background:#9CBCE2">
<td>LAV0029-00-2019</td>
</tr>
<tr>
<td>
<table style="font-family:Arial,Verdana,Times;font-size:12px;text-align:left;width:100%;border-spacing:0px; padding:3px 3px 3px 3px">
<tr>
<td>SHAPE</td>
<td>Point</td>
</tr>
<tr bgcolor="#D4E4F3">
<td>EXPEDIENTE</td>
<td>LAV0029-00-2019</td>
</tr>
<tr>
<td>OPERADOR</td>
<td>WIND AUTOGENERACIÓN S.A.S.</td>
</tr>
<tr bgcolor="#D4E4F3">
<td>PROYECTO</td>
<td>PARQUE EÓLICO WINDPESHI</td>
</tr>
<tr>
<td>NUM_ACT_AD</td>
<td>283</td>
</tr>
<tr bgcolor="#D4E4F3">
<td>FEC_ACT_AD</td>
<td>31/01/2022</td>
</tr>
<tr>
<td>ART_ACT_AD</td>
<td>Articulo tercero</td>
</tr>
<tr bgcolor="#D4E4F3">
<td>VEREDA</td>
<td>Patajatamana</td>
</tr>
<tr>
<td>MUNICIPIO</td>
<td>44430</td>
</tr>
<tr bgcolor="#D4E4F3">
<td>DEPTO</td>
<td>44</td>
</tr>
<tr>
<td>CAR</td>
<td>1021</td>
</tr>
<tr bgcolor="#D4E4F3">
<td>NOMBRE</td>
<td>OC_136</td>
</tr>
<tr>
<td>ID_OCU_CAU</td>
<td>OC_136</td>
</tr>
<tr bgcolor="#D4E4F3">
<td>NOM_C_AG</td>
<td>NN</td>
</tr>
<tr>
<td>ESTADO_OC</td>
<td>2001</td>
</tr>
<tr bgcolor="#D4E4F3">
<td>MARGEN</td>
<td>2011</td>
</tr>
<tr>
<td>T_CAUDAL</td>
<td>2120</td>
</tr>
<tr bgcolor="#D4E4F3">
<td>T_FUE_SUP</td>
<td>2212</td>
</tr>
<tr>
<td>TIPO_OCUP</td>
<td>Alcantarilla</td>
</tr>
<tr bgcolor="#D4E4F3">
<td>ESPECIFIC</td>
<td>Rango de movilidad de 100 maguas arriba o abajo de las coordenadas reportadas</td>
</tr>
<tr>
<td>AH</td>
<td>1</td>
</tr>
<tr bgcolor="#D4E4F3">
<td>ZH</td>
<td>15</td>
</tr>
<tr>
<td>SZH</td>
<td>1508</td>
</tr>
<tr bgcolor="#D4E4F3">
<td>N_NV_SUB</td>
<td>Arroyo Kaliye</td>
</tr>
<tr>
<td>C_NV_SUB</td>
<td>1508-1</td>
</tr>
<tr bgcolor="#D4E4F3">
<td>N_MIC_CUE</td>
<td>Arroyo Jaiwamana</td>
</tr>
<tr>
<td>C_MIC_CUE</td>
<td>1508-1-2</td>
</tr>
<tr bgcolor="#D4E4F3">
<td>OBSERV</td>
<td>&lt;Null&gt;</td>
</tr>
<tr>
<td>COTA</td>
<td>14</td>
</tr>
<tr bgcolor="#D4E4F3">
<td>COOR_ESTE</td>
<td>5108268,5586</td>
</tr>
<tr>
<td>COOR_NORTE</td>
<td>2841984,1595</td>
</tr>
</table>
</td>
</tr>
</table>
</body><script type="text/javascript">
				function changeImage(attElement, nameElement) {
				document.getElementById('imageAttachment').src = attElement;
				document.getElementById('imageName').innerHTML = nameElement;}
			</script></html>
]]></description>
      <Point>
        <extrude>0</extrude><altitudeMode>clampToGround</altitudeMode>
        <coordinates> -72.00645145881224,11.61751247310317,0</coordinates>
      </Point>
    </Placemark>
    <Placemark id="ID_00059">
      <name>OC_137</name>
      <snippet></snippet>
      <description><![CDATA[<html xmlns:fo="http://www.w3.org/1999/XSL/Format" xmlns:msxsl="urn:schemas-microsoft-com:xslt">
<head>
<META http-equiv="Content-Type" content="text/html">
<meta http-equiv="content-type" content="text/html; charset=UTF-8">
</head>
<body style="margin:0px 0px 0px 0px;overflow:auto;background:#FFFFFF;">
<table style="font-family:Arial,Verdana,Times;font-size:12px;text-align:left;width:100%;border-collapse:collapse;padding:3px 3px 3px 3px">
<tr style="text-align:center;font-weight:bold;background:#9CBCE2">
<td>LAV0029-00-2019</td>
</tr>
<tr>
<td>
<table style="font-family:Arial,Verdana,Times;font-size:12px;text-align:left;width:100%;border-spacing:0px; padding:3px 3px 3px 3px">
<tr>
<td>SHAPE</td>
<td>Point</td>
</tr>
<tr bgcolor="#D4E4F3">
<td>EXPEDIENTE</td>
<td>LAV0029-00-2019</td>
</tr>
<tr>
<td>OPERADOR</td>
<td>WIND AUTOGENERACIÓN S.A.S.</td>
</tr>
<tr bgcolor="#D4E4F3">
<td>PROYECTO</td>
<td>PARQUE EÓLICO WINDPESHI</td>
</tr>
<tr>
<td>NUM_ACT_AD</td>
<td>283</td>
</tr>
<tr bgcolor="#D4E4F3">
<td>FEC_ACT_AD</td>
<td>31/01/2022</td>
</tr>
<tr>
<td>ART_ACT_AD</td>
<td>Articulo tercero</td>
</tr>
<tr bgcolor="#D4E4F3">
<td>VEREDA</td>
<td>Matajuna</td>
</tr>
<tr>
<td>MUNICIPIO</td>
<td>44430</td>
</tr>
<tr bgcolor="#D4E4F3">
<td>DEPTO</td>
<td>44</td>
</tr>
<tr>
<td>CAR</td>
<td>1021</td>
</tr>
<tr bgcolor="#D4E4F3">
<td>NOMBRE</td>
<td>OC_137</td>
</tr>
<tr>
<td>ID_OCU_CAU</td>
<td>OC_137</td>
</tr>
<tr bgcolor="#D4E4F3">
<td>NOM_C_AG</td>
<td>NN</td>
</tr>
<tr>
<td>ESTADO_OC</td>
<td>2001</td>
</tr>
<tr bgcolor="#D4E4F3">
<td>MARGEN</td>
<td>2011</td>
</tr>
<tr>
<td>T_CAUDAL</td>
<td>2120</td>
</tr>
<tr bgcolor="#D4E4F3">
<td>T_FUE_SUP</td>
<td>2212</td>
</tr>
<tr>
<td>TIPO_OCUP</td>
<td>Alcantarilla</td>
</tr>
<tr bgcolor="#D4E4F3">
<td>ESPECIFIC</td>
<td>Rango de movilidad de 100 maguas arriba o abajo de las coordenadas reportadas</td>
</tr>
<tr>
<td>AH</td>
<td>1</td>
</tr>
<tr bgcolor="#D4E4F3">
<td>ZH</td>
<td>15</td>
</tr>
<tr>
<td>SZH</td>
<td>1508</td>
</tr>
<tr bgcolor="#D4E4F3">
<td>N_NV_SUB</td>
<td>Arroyo Kaliye</td>
</tr>
<tr>
<td>C_NV_SUB</td>
<td>1508-1</td>
</tr>
<tr bgcolor="#D4E4F3">
<td>N_MIC_CUE</td>
<td>Arroyo Kaliye</td>
</tr>
<tr>
<td>C_MIC_CUE</td>
<td>1508-1</td>
</tr>
<tr bgcolor="#D4E4F3">
<td>OBSERV</td>
<td>&lt;Null&gt;</td>
</tr>
<tr>
<td>COTA</td>
<td>14</td>
</tr>
<tr bgcolor="#D4E4F3">
<td>COOR_ESTE</td>
<td>5110316,6856</td>
</tr>
<tr>
<td>COOR_NORTE</td>
<td>2843033,955</td>
</tr>
</table>
</td>
</tr>
</table>
</body><script type="text/javascript">
				function changeImage(attElement, nameElement) {
				document.getElementById('imageAttachment').src = attElement;
				document.getElementById('imageName').innerHTML = nameElement;}
			</script></html>
]]></description>
      <Point>
        <extrude>0</extrude><altitudeMode>clampToGround</altitudeMode>
        <coordinates> -71.98762413945501,11.62694342534464,0</coordinates>
      </Point>
    </Placemark>
    <Placemark id="ID_00060">
      <name>OC_138</name>
      <snippet></snippet>
      <description><![CDATA[<html xmlns:fo="http://www.w3.org/1999/XSL/Format" xmlns:msxsl="urn:schemas-microsoft-com:xslt">
<head>
<META http-equiv="Content-Type" content="text/html">
<meta http-equiv="content-type" content="text/html; charset=UTF-8">
</head>
<body style="margin:0px 0px 0px 0px;overflow:auto;background:#FFFFFF;">
<table style="font-family:Arial,Verdana,Times;font-size:12px;text-align:left;width:100%;border-collapse:collapse;padding:3px 3px 3px 3px">
<tr style="text-align:center;font-weight:bold;background:#9CBCE2">
<td>LAV0029-00-2019</td>
</tr>
<tr>
<td>
<table style="font-family:Arial,Verdana,Times;font-size:12px;text-align:left;width:100%;border-spacing:0px; padding:3px 3px 3px 3px">
<tr>
<td>SHAPE</td>
<td>Point</td>
</tr>
<tr bgcolor="#D4E4F3">
<td>EXPEDIENTE</td>
<td>LAV0029-00-2019</td>
</tr>
<tr>
<td>OPERADOR</td>
<td>WIND AUTOGENERACIÓN S.A.S.</td>
</tr>
<tr bgcolor="#D4E4F3">
<td>PROYECTO</td>
<td>PARQUE EÓLICO WINDPESHI</td>
</tr>
<tr>
<td>NUM_ACT_AD</td>
<td>283</td>
</tr>
<tr bgcolor="#D4E4F3">
<td>FEC_ACT_AD</td>
<td>31/01/2022</td>
</tr>
<tr>
<td>ART_ACT_AD</td>
<td>Articulo tercero</td>
</tr>
<tr bgcolor="#D4E4F3">
<td>VEREDA</td>
<td>Matajuna</td>
</tr>
<tr>
<td>MUNICIPIO</td>
<td>44430</td>
</tr>
<tr bgcolor="#D4E4F3">
<td>DEPTO</td>
<td>44</td>
</tr>
<tr>
<td>CAR</td>
<td>1021</td>
</tr>
<tr bgcolor="#D4E4F3">
<td>NOMBRE</td>
<td>OC_138</td>
</tr>
<tr>
<td>ID_OCU_CAU</td>
<td>OC_138</td>
</tr>
<tr bgcolor="#D4E4F3">
<td>NOM_C_AG</td>
<td>NN</td>
</tr>
<tr>
<td>ESTADO_OC</td>
<td>2001</td>
</tr>
<tr bgcolor="#D4E4F3">
<td>MARGEN</td>
<td>2011</td>
</tr>
<tr>
<td>T_CAUDAL</td>
<td>2120</td>
</tr>
<tr bgcolor="#D4E4F3">
<td>T_FUE_SUP</td>
<td>2212</td>
</tr>
<tr>
<td>TIPO_OCUP</td>
<td>Alcantarilla</td>
</tr>
<tr bgcolor="#D4E4F3">
<td>ESPECIFIC</td>
<td>Rango de movilidad de 100 maguas arriba o abajo de las coordenadas reportadas</td>
</tr>
<tr>
<td>AH</td>
<td>1</td>
</tr>
<tr bgcolor="#D4E4F3">
<td>ZH</td>
<td>15</td>
</tr>
<tr>
<td>SZH</td>
<td>1508</td>
</tr>
<tr bgcolor="#D4E4F3">
<td>N_NV_SUB</td>
<td>Arroyo Kaliye</td>
</tr>
<tr>
<td>C_NV_SUB</td>
<td>1508-1</td>
</tr>
<tr bgcolor="#D4E4F3">
<td>N_MIC_CUE</td>
<td>Arroyo Matajuna</td>
</tr>
<tr>
<td>C_MIC_CUE</td>
<td>1508-1-3</td>
</tr>
<tr bgcolor="#D4E4F3">
<td>OBSERV</td>
<td>&lt;Null&gt;</td>
</tr>
<tr>
<td>COTA</td>
<td>20</td>
</tr>
<tr bgcolor="#D4E4F3">
<td>COOR_ESTE</td>
<td>5109371,4425</td>
</tr>
<tr>
<td>COOR_NORTE</td>
<td>2844525,1798</td>
</tr>
</table>
</td>
</tr>
</table>
</body><script type="text/javascript">
				function changeImage(attElement, nameElement) {
				document.getElementById('imageAttachment').src = attElement;
				document.getElementById('imageName').innerHTML = nameElement;}
			</script></html>
]]></description>
      <Point>
        <extrude>0</extrude><altitudeMode>clampToGround</altitudeMode>
        <coordinates> -71.99624935413996,11.64046313247685,0</coordinates>
      </Point>
    </Placemark>
    <Placemark id="ID_00061">
      <name>OC_139</name>
      <snippet></snippet>
      <description><![CDATA[<html xmlns:fo="http://www.w3.org/1999/XSL/Format" xmlns:msxsl="urn:schemas-microsoft-com:xslt">
<head>
<META http-equiv="Content-Type" content="text/html">
<meta http-equiv="content-type" content="text/html; charset=UTF-8">
</head>
<body style="margin:0px 0px 0px 0px;overflow:auto;background:#FFFFFF;">
<table style="font-family:Arial,Verdana,Times;font-size:12px;text-align:left;width:100%;border-collapse:collapse;padding:3px 3px 3px 3px">
<tr style="text-align:center;font-weight:bold;background:#9CBCE2">
<td>LAV0029-00-2019</td>
</tr>
<tr>
<td>
<table style="font-family:Arial,Verdana,Times;font-size:12px;text-align:left;width:100%;border-spacing:0px; padding:3px 3px 3px 3px">
<tr>
<td>SHAPE</td>
<td>Point</td>
</tr>
<tr bgcolor="#D4E4F3">
<td>EXPEDIENTE</td>
<td>LAV0029-00-2019</td>
</tr>
<tr>
<td>OPERADOR</td>
<td>WIND AUTOGENERACIÓN S.A.S.</td>
</tr>
<tr bgcolor="#D4E4F3">
<td>PROYECTO</td>
<td>PARQUE EÓLICO WINDPESHI</td>
</tr>
<tr>
<td>NUM_ACT_AD</td>
<td>283</td>
</tr>
<tr bgcolor="#D4E4F3">
<td>FEC_ACT_AD</td>
<td>31/01/2022</td>
</tr>
<tr>
<td>ART_ACT_AD</td>
<td>Articulo tercero</td>
</tr>
<tr bgcolor="#D4E4F3">
<td>VEREDA</td>
<td>Paljiyawain</td>
</tr>
<tr>
<td>MUNICIPIO</td>
<td>44430</td>
</tr>
<tr bgcolor="#D4E4F3">
<td>DEPTO</td>
<td>44</td>
</tr>
<tr>
<td>CAR</td>
<td>1021</td>
</tr>
<tr bgcolor="#D4E4F3">
<td>NOMBRE</td>
<td>OC_139</td>
</tr>
<tr>
<td>ID_OCU_CAU</td>
<td>OC_139</td>
</tr>
<tr bgcolor="#D4E4F3">
<td>NOM_C_AG</td>
<td>NN</td>
</tr>
<tr>
<td>ESTADO_OC</td>
<td>2001</td>
</tr>
<tr bgcolor="#D4E4F3">
<td>MARGEN</td>
<td>2011</td>
</tr>
<tr>
<td>T_CAUDAL</td>
<td>2120</td>
</tr>
<tr bgcolor="#D4E4F3">
<td>T_FUE_SUP</td>
<td>2212</td>
</tr>
<tr>
<td>TIPO_OCUP</td>
<td>Alcantarilla</td>
</tr>
<tr bgcolor="#D4E4F3">
<td>ESPECIFIC</td>
<td>Rango de movilidad de 100 maguas arriba o abajo de las coordenadas reportadas</td>
</tr>
<tr>
<td>AH</td>
<td>1</td>
</tr>
<tr bgcolor="#D4E4F3">
<td>ZH</td>
<td>15</td>
</tr>
<tr>
<td>SZH</td>
<td>1508</td>
</tr>
<tr bgcolor="#D4E4F3">
<td>N_NV_SUB</td>
<td>Arroyo Kaliye</td>
</tr>
<tr>
<td>C_NV_SUB</td>
<td>1508-1</td>
</tr>
<tr bgcolor="#D4E4F3">
<td>N_MIC_CUE</td>
<td>Arroyo Matajuna</td>
</tr>
<tr>
<td>C_MIC_CUE</td>
<td>1508-1-3</td>
</tr>
<tr bgcolor="#D4E4F3">
<td>OBSERV</td>
<td>&lt;Null&gt;</td>
</tr>
<tr>
<td>COTA</td>
<td>9</td>
</tr>
<tr bgcolor="#D4E4F3">
<td>COOR_ESTE</td>
<td>5108436,9114</td>
</tr>
<tr>
<td>COOR_NORTE</td>
<td>2843693,6243</td>
</tr>
</table>
</td>
</tr>
</table>
</body><script type="text/javascript">
				function changeImage(attElement, nameElement) {
				document.getElementById('imageAttachment').src = attElement;
				document.getElementById('imageName').innerHTML = nameElement;}
			</script></html>
]]></description>
      <Point>
        <extrude>0</extrude><altitudeMode>clampToGround</altitudeMode>
        <coordinates> -72.00485179316806,11.63297075066603,0</coordinates>
      </Point>
    </Placemark>
    <Placemark id="ID_00062">
      <name>OC_140</name>
      <snippet></snippet>
      <description><![CDATA[<html xmlns:fo="http://www.w3.org/1999/XSL/Format" xmlns:msxsl="urn:schemas-microsoft-com:xslt">
<head>
<META http-equiv="Content-Type" content="text/html">
<meta http-equiv="content-type" content="text/html; charset=UTF-8">
</head>
<body style="margin:0px 0px 0px 0px;overflow:auto;background:#FFFFFF;">
<table style="font-family:Arial,Verdana,Times;font-size:12px;text-align:left;width:100%;border-collapse:collapse;padding:3px 3px 3px 3px">
<tr style="text-align:center;font-weight:bold;background:#9CBCE2">
<td>LAV0029-00-2019</td>
</tr>
<tr>
<td>
<table style="font-family:Arial,Verdana,Times;font-size:12px;text-align:left;width:100%;border-spacing:0px; padding:3px 3px 3px 3px">
<tr>
<td>SHAPE</td>
<td>Point</td>
</tr>
<tr bgcolor="#D4E4F3">
<td>EXPEDIENTE</td>
<td>LAV0029-00-2019</td>
</tr>
<tr>
<td>OPERADOR</td>
<td>WIND AUTOGENERACIÓN S.A.S.</td>
</tr>
<tr bgcolor="#D4E4F3">
<td>PROYECTO</td>
<td>PARQUE EÓLICO WINDPESHI</td>
</tr>
<tr>
<td>NUM_ACT_AD</td>
<td>283</td>
</tr>
<tr bgcolor="#D4E4F3">
<td>FEC_ACT_AD</td>
<td>31/01/2022</td>
</tr>
<tr>
<td>ART_ACT_AD</td>
<td>Articulo tercero</td>
</tr>
<tr bgcolor="#D4E4F3">
<td>VEREDA</td>
<td>Paljiyawain</td>
</tr>
<tr>
<td>MUNICIPIO</td>
<td>44430</td>
</tr>
<tr bgcolor="#D4E4F3">
<td>DEPTO</td>
<td>44</td>
</tr>
<tr>
<td>CAR</td>
<td>1021</td>
</tr>
<tr bgcolor="#D4E4F3">
<td>NOMBRE</td>
<td>OC_140</td>
</tr>
<tr>
<td>ID_OCU_CAU</td>
<td>OC_140</td>
</tr>
<tr bgcolor="#D4E4F3">
<td>NOM_C_AG</td>
<td>NN</td>
</tr>
<tr>
<td>ESTADO_OC</td>
<td>2001</td>
</tr>
<tr bgcolor="#D4E4F3">
<td>MARGEN</td>
<td>2011</td>
</tr>
<tr>
<td>T_CAUDAL</td>
<td>2120</td>
</tr>
<tr bgcolor="#D4E4F3">
<td>T_FUE_SUP</td>
<td>2212</td>
</tr>
<tr>
<td>TIPO_OCUP</td>
<td>Alcantarilla</td>
</tr>
<tr bgcolor="#D4E4F3">
<td>ESPECIFIC</td>
<td>Rango de movilidad de 100 maguas arriba o abajo de las coordenadas reportadas</td>
</tr>
<tr>
<td>AH</td>
<td>1</td>
</tr>
<tr bgcolor="#D4E4F3">
<td>ZH</td>
<td>15</td>
</tr>
<tr>
<td>SZH</td>
<td>1508</td>
</tr>
<tr bgcolor="#D4E4F3">
<td>N_NV_SUB</td>
<td>Arroyo Kaliye</td>
</tr>
<tr>
<td>C_NV_SUB</td>
<td>1508-1</td>
</tr>
<tr bgcolor="#D4E4F3">
<td>N_MIC_CUE</td>
<td>Arroyo Matajuna</td>
</tr>
<tr>
<td>C_MIC_CUE</td>
<td>1508-1-3</td>
</tr>
<tr bgcolor="#D4E4F3">
<td>OBSERV</td>
<td>&lt;Null&gt;</td>
</tr>
<tr>
<td>COTA</td>
<td>12</td>
</tr>
<tr bgcolor="#D4E4F3">
<td>COOR_ESTE</td>
<td>5107778,4691</td>
</tr>
<tr>
<td>COOR_NORTE</td>
<td>2844047,2419</td>
</tr>
</table>
</td>
</tr>
</table>
</body><script type="text/javascript">
				function changeImage(attElement, nameElement) {
				document.getElementById('imageAttachment').src = attElement;
				document.getElementById('imageName').innerHTML = nameElement;}
			</script></html>
]]></description>
      <Point>
        <extrude>0</extrude><altitudeMode>clampToGround</altitudeMode>
        <coordinates> -72.01088252731186,11.6361903328598,0</coordinates>
      </Point>
    </Placemark>
    <Placemark id="ID_00063">
      <name>OC_131</name>
      <snippet></snippet>
      <description><![CDATA[<html xmlns:fo="http://www.w3.org/1999/XSL/Format" xmlns:msxsl="urn:schemas-microsoft-com:xslt">
<head>
<META http-equiv="Content-Type" content="text/html">
<meta http-equiv="content-type" content="text/html; charset=UTF-8">
</head>
<body style="margin:0px 0px 0px 0px;overflow:auto;background:#FFFFFF;">
<table style="font-family:Arial,Verdana,Times;font-size:12px;text-align:left;width:100%;border-collapse:collapse;padding:3px 3px 3px 3px">
<tr style="text-align:center;font-weight:bold;background:#9CBCE2">
<td>LAV0029-00-2019</td>
</tr>
<tr>
<td>
<table style="font-family:Arial,Verdana,Times;font-size:12px;text-align:left;width:100%;border-spacing:0px; padding:3px 3px 3px 3px">
<tr>
<td>SHAPE</td>
<td>Point</td>
</tr>
<tr bgcolor="#D4E4F3">
<td>EXPEDIENTE</td>
<td>LAV0029-00-2019</td>
</tr>
<tr>
<td>OPERADOR</td>
<td>WIND AUTOGENERACIÓN S.A.S.</td>
</tr>
<tr bgcolor="#D4E4F3">
<td>PROYECTO</td>
<td>PARQUE EÓLICO WINDPESHI</td>
</tr>
<tr>
<td>NUM_ACT_AD</td>
<td>283</td>
</tr>
<tr bgcolor="#D4E4F3">
<td>FEC_ACT_AD</td>
<td>31/01/2022</td>
</tr>
<tr>
<td>ART_ACT_AD</td>
<td>Articulo tercero</td>
</tr>
<tr bgcolor="#D4E4F3">
<td>VEREDA</td>
<td>Kamushipa</td>
</tr>
<tr>
<td>MUNICIPIO</td>
<td>44430</td>
</tr>
<tr bgcolor="#D4E4F3">
<td>DEPTO</td>
<td>44</td>
</tr>
<tr>
<td>CAR</td>
<td>1021</td>
</tr>
<tr bgcolor="#D4E4F3">
<td>NOMBRE</td>
<td>OC_131</td>
</tr>
<tr>
<td>ID_OCU_CAU</td>
<td>OC_131</td>
</tr>
<tr bgcolor="#D4E4F3">
<td>NOM_C_AG</td>
<td>NN</td>
</tr>
<tr>
<td>ESTADO_OC</td>
<td>2001</td>
</tr>
<tr bgcolor="#D4E4F3">
<td>MARGEN</td>
<td>2011</td>
</tr>
<tr>
<td>T_CAUDAL</td>
<td>2120</td>
</tr>
<tr bgcolor="#D4E4F3">
<td>T_FUE_SUP</td>
<td>2212</td>
</tr>
<tr>
<td>TIPO_OCUP</td>
<td>Alcantarilla</td>
</tr>
<tr bgcolor="#D4E4F3">
<td>ESPECIFIC</td>
<td>Rango de movilidad de 100 maguas arriba o abajo de las coordenadas reportadas</td>
</tr>
<tr>
<td>AH</td>
<td>1</td>
</tr>
<tr bgcolor="#D4E4F3">
<td>ZH</td>
<td>15</td>
</tr>
<tr>
<td>SZH</td>
<td>1508</td>
</tr>
<tr bgcolor="#D4E4F3">
<td>N_NV_SUB</td>
<td>Arroyo Pehepih</td>
</tr>
<tr>
<td>C_NV_SUB</td>
<td>1508-2</td>
</tr>
<tr bgcolor="#D4E4F3">
<td>N_MIC_CUE</td>
<td>Arroyo Kamushipaa</td>
</tr>
<tr>
<td>C_MIC_CUE</td>
<td>1508-2-2</td>
</tr>
<tr bgcolor="#D4E4F3">
<td>OBSERV</td>
<td>&lt;Null&gt;</td>
</tr>
<tr>
<td>COTA</td>
<td>7</td>
</tr>
<tr bgcolor="#D4E4F3">
<td>COOR_ESTE</td>
<td>5106837,4617</td>
</tr>
<tr>
<td>COOR_NORTE</td>
<td>2836922,604</td>
</tr>
</table>
</td>
</tr>
</table>
</body><script type="text/javascript">
				function changeImage(attElement, nameElement) {
				document.getElementById('imageAttachment').src = attElement;
				document.getElementById('imageName').innerHTML = nameElement;}
			</script></html>
]]></description>
      <Point>
        <extrude>0</extrude><altitudeMode>clampToGround</altitudeMode>
        <coordinates> -72.01974257951659,11.57177089893286,0</coordinates>
      </Point>
    </Placemark>
    <Placemark id="ID_00064">
      <name>OC_145</name>
      <snippet></snippet>
      <description><![CDATA[<html xmlns:fo="http://www.w3.org/1999/XSL/Format" xmlns:msxsl="urn:schemas-microsoft-com:xslt">
<head>
<META http-equiv="Content-Type" content="text/html">
<meta http-equiv="content-type" content="text/html; charset=UTF-8">
</head>
<body style="margin:0px 0px 0px 0px;overflow:auto;background:#FFFFFF;">
<table style="font-family:Arial,Verdana,Times;font-size:12px;text-align:left;width:100%;border-collapse:collapse;padding:3px 3px 3px 3px">
<tr style="text-align:center;font-weight:bold;background:#9CBCE2">
<td>LAV0029-00-2019</td>
</tr>
<tr>
<td>
<table style="font-family:Arial,Verdana,Times;font-size:12px;text-align:left;width:100%;border-spacing:0px; padding:3px 3px 3px 3px">
<tr>
<td>SHAPE</td>
<td>Point</td>
</tr>
<tr bgcolor="#D4E4F3">
<td>EXPEDIENTE</td>
<td>LAV0029-00-2019</td>
</tr>
<tr>
<td>OPERADOR</td>
<td>WIND AUTOGENERACIÓN S.A.S.</td>
</tr>
<tr bgcolor="#D4E4F3">
<td>PROYECTO</td>
<td>PARQUE EÓLICO WINDPESHI</td>
</tr>
<tr>
<td>NUM_ACT_AD</td>
<td>283</td>
</tr>
<tr bgcolor="#D4E4F3">
<td>FEC_ACT_AD</td>
<td>31/01/2022</td>
</tr>
<tr>
<td>ART_ACT_AD</td>
<td>Articulo tercero</td>
</tr>
<tr bgcolor="#D4E4F3">
<td>VEREDA</td>
<td>Utkap</td>
</tr>
<tr>
<td>MUNICIPIO</td>
<td>44430</td>
</tr>
<tr bgcolor="#D4E4F3">
<td>DEPTO</td>
<td>44</td>
</tr>
<tr>
<td>CAR</td>
<td>1021</td>
</tr>
<tr bgcolor="#D4E4F3">
<td>NOMBRE</td>
<td>OC_145</td>
</tr>
<tr>
<td>ID_OCU_CAU</td>
<td>OC_145</td>
</tr>
<tr bgcolor="#D4E4F3">
<td>NOM_C_AG</td>
<td>NN</td>
</tr>
<tr>
<td>ESTADO_OC</td>
<td>2001</td>
</tr>
<tr bgcolor="#D4E4F3">
<td>MARGEN</td>
<td>2011</td>
</tr>
<tr>
<td>T_CAUDAL</td>
<td>2120</td>
</tr>
<tr bgcolor="#D4E4F3">
<td>T_FUE_SUP</td>
<td>2212</td>
</tr>
<tr>
<td>TIPO_OCUP</td>
<td>Alcantarilla</td>
</tr>
<tr bgcolor="#D4E4F3">
<td>ESPECIFIC</td>
<td>Rango de movilidad de 100 maguas arriba o abajo de las coordenadas reportadas</td>
</tr>
<tr>
<td>AH</td>
<td>1</td>
</tr>
<tr bgcolor="#D4E4F3">
<td>ZH</td>
<td>15</td>
</tr>
<tr>
<td>SZH</td>
<td>1508</td>
</tr>
<tr bgcolor="#D4E4F3">
<td>N_NV_SUB</td>
<td>Arroyo Kaliye</td>
</tr>
<tr>
<td>C_NV_SUB</td>
<td>1508-1</td>
</tr>
<tr bgcolor="#D4E4F3">
<td>N_MIC_CUE</td>
<td>Arroyo Maliche</td>
</tr>
<tr>
<td>C_MIC_CUE</td>
<td>1508-1-1</td>
</tr>
<tr bgcolor="#D4E4F3">
<td>OBSERV</td>
<td>&lt;Null&gt;</td>
</tr>
<tr>
<td>COTA</td>
<td>8</td>
</tr>
<tr bgcolor="#D4E4F3">
<td>COOR_ESTE</td>
<td>5107297,9694</td>
</tr>
<tr>
<td>COOR_NORTE</td>
<td>2839994,6529</td>
</tr>
</table>
</td>
</tr>
</table>
</body><script type="text/javascript">
				function changeImage(attElement, nameElement) {
				document.getElementById('imageAttachment').src = attElement;
				document.getElementById('imageName').innerHTML = nameElement;}
			</script></html>
]]></description>
      <Point>
        <extrude>0</extrude><altitudeMode>clampToGround</altitudeMode>
        <coordinates> -72.01542047737438,11.59954609748468,0</coordinates>
      </Point>
    </Placemark>
    <Placemark id="ID_00065">
      <name>OC_146</name>
      <snippet></snippet>
      <description><![CDATA[<html xmlns:fo="http://www.w3.org/1999/XSL/Format" xmlns:msxsl="urn:schemas-microsoft-com:xslt">
<head>
<META http-equiv="Content-Type" content="text/html">
<meta http-equiv="content-type" content="text/html; charset=UTF-8">
</head>
<body style="margin:0px 0px 0px 0px;overflow:auto;background:#FFFFFF;">
<table style="font-family:Arial,Verdana,Times;font-size:12px;text-align:left;width:100%;border-collapse:collapse;padding:3px 3px 3px 3px">
<tr style="text-align:center;font-weight:bold;background:#9CBCE2">
<td>LAV0029-00-2019</td>
</tr>
<tr>
<td>
<table style="font-family:Arial,Verdana,Times;font-size:12px;text-align:left;width:100%;border-spacing:0px; padding:3px 3px 3px 3px">
<tr>
<td>SHAPE</td>
<td>Point</td>
</tr>
<tr bgcolor="#D4E4F3">
<td>EXPEDIENTE</td>
<td>LAV0029-00-2019</td>
</tr>
<tr>
<td>OPERADOR</td>
<td>WIND AUTOGENERACIÓN S.A.S.</td>
</tr>
<tr bgcolor="#D4E4F3">
<td>PROYECTO</td>
<td>PARQUE EÓLICO WINDPESHI</td>
</tr>
<tr>
<td>NUM_ACT_AD</td>
<td>283</td>
</tr>
<tr bgcolor="#D4E4F3">
<td>FEC_ACT_AD</td>
<td>31/01/2022</td>
</tr>
<tr>
<td>ART_ACT_AD</td>
<td>Articulo tercero</td>
</tr>
<tr bgcolor="#D4E4F3">
<td>VEREDA</td>
<td>Utkap</td>
</tr>
<tr>
<td>MUNICIPIO</td>
<td>44430</td>
</tr>
<tr bgcolor="#D4E4F3">
<td>DEPTO</td>
<td>44</td>
</tr>
<tr>
<td>CAR</td>
<td>1021</td>
</tr>
<tr bgcolor="#D4E4F3">
<td>NOMBRE</td>
<td>OC_146</td>
</tr>
<tr>
<td>ID_OCU_CAU</td>
<td>OC_146</td>
</tr>
<tr bgcolor="#D4E4F3">
<td>NOM_C_AG</td>
<td>NN</td>
</tr>
<tr>
<td>ESTADO_OC</td>
<td>2001</td>
</tr>
<tr bgcolor="#D4E4F3">
<td>MARGEN</td>
<td>2011</td>
</tr>
<tr>
<td>T_CAUDAL</td>
<td>2120</td>
</tr>
<tr bgcolor="#D4E4F3">
<td>T_FUE_SUP</td>
<td>2212</td>
</tr>
<tr>
<td>TIPO_OCUP</td>
<td>Alcantarilla</td>
</tr>
<tr bgcolor="#D4E4F3">
<td>ESPECIFIC</td>
<td>Rango de movilidad de 100 maguas arriba o abajo de las coordenadas reportadas</td>
</tr>
<tr>
<td>AH</td>
<td>1</td>
</tr>
<tr bgcolor="#D4E4F3">
<td>ZH</td>
<td>15</td>
</tr>
<tr>
<td>SZH</td>
<td>1508</td>
</tr>
<tr bgcolor="#D4E4F3">
<td>N_NV_SUB</td>
<td>Arroyo Kaliye</td>
</tr>
<tr>
<td>C_NV_SUB</td>
<td>1508-1</td>
</tr>
<tr bgcolor="#D4E4F3">
<td>N_MIC_CUE</td>
<td>Arroyo Maliche</td>
</tr>
<tr>
<td>C_MIC_CUE</td>
<td>1508-1-1</td>
</tr>
<tr bgcolor="#D4E4F3">
<td>OBSERV</td>
<td>&lt;Null&gt;</td>
</tr>
<tr>
<td>COTA</td>
<td>8</td>
</tr>
<tr bgcolor="#D4E4F3">
<td>COOR_ESTE</td>
<td>5107352,8586</td>
</tr>
<tr>
<td>COOR_NORTE</td>
<td>2839972,2504</td>
</tr>
</table>
</td>
</tr>
</table>
</body><script type="text/javascript">
				function changeImage(attElement, nameElement) {
				document.getElementById('imageAttachment').src = attElement;
				document.getElementById('imageName').innerHTML = nameElement;}
			</script></html>
]]></description>
      <Point>
        <extrude>0</extrude><altitudeMode>clampToGround</altitudeMode>
        <coordinates> -72.01491756981004,11.59934173014455,0</coordinates>
      </Point>
    </Placemark>
    <Placemark id="ID_00066">
      <name>OC_59</name>
      <snippet></snippet>
      <description><![CDATA[<html xmlns:fo="http://www.w3.org/1999/XSL/Format" xmlns:msxsl="urn:schemas-microsoft-com:xslt">
<head>
<META http-equiv="Content-Type" content="text/html">
<meta http-equiv="content-type" content="text/html; charset=UTF-8">
</head>
<body style="margin:0px 0px 0px 0px;overflow:auto;background:#FFFFFF;">
<table style="font-family:Arial,Verdana,Times;font-size:12px;text-align:left;width:100%;border-collapse:collapse;padding:3px 3px 3px 3px">
<tr style="text-align:center;font-weight:bold;background:#9CBCE2">
<td>LAV0029-00-2019</td>
</tr>
<tr>
<td>
<table style="font-family:Arial,Verdana,Times;font-size:12px;text-align:left;width:100%;border-spacing:0px; padding:3px 3px 3px 3px">
<tr>
<td>SHAPE</td>
<td>Point</td>
</tr>
<tr bgcolor="#D4E4F3">
<td>EXPEDIENTE</td>
<td>LAV0029-00-2019</td>
</tr>
<tr>
<td>OPERADOR</td>
<td>WIND AUTOGENERACIÓN S.A.S.</td>
</tr>
<tr bgcolor="#D4E4F3">
<td>PROYECTO</td>
<td>PARQUE EÓLICO WINDPESHI</td>
</tr>
<tr>
<td>NUM_ACT_AD</td>
<td>283</td>
</tr>
<tr bgcolor="#D4E4F3">
<td>FEC_ACT_AD</td>
<td>31/01/2022</td>
</tr>
<tr>
<td>ART_ACT_AD</td>
<td>Articulo tercero</td>
</tr>
<tr bgcolor="#D4E4F3">
<td>VEREDA</td>
<td>Paljiyawain</td>
</tr>
<tr>
<td>MUNICIPIO</td>
<td>44430</td>
</tr>
<tr bgcolor="#D4E4F3">
<td>DEPTO</td>
<td>44</td>
</tr>
<tr>
<td>CAR</td>
<td>1021</td>
</tr>
<tr bgcolor="#D4E4F3">
<td>NOMBRE</td>
<td>OC_59</td>
</tr>
<tr>
<td>ID_OCU_CAU</td>
<td>OC_59</td>
</tr>
<tr bgcolor="#D4E4F3">
<td>NOM_C_AG</td>
<td>Arroyo no identificado</td>
</tr>
<tr>
<td>ESTADO_OC</td>
<td>2001</td>
</tr>
<tr bgcolor="#D4E4F3">
<td>MARGEN</td>
<td>2011</td>
</tr>
<tr>
<td>T_CAUDAL</td>
<td>2120</td>
</tr>
<tr bgcolor="#D4E4F3">
<td>T_FUE_SUP</td>
<td>2212</td>
</tr>
<tr>
<td>TIPO_OCUP</td>
<td>Alcantarilla</td>
</tr>
<tr bgcolor="#D4E4F3">
<td>ESPECIFIC</td>
<td>Rango de movilidad de 100 maguas arriba o abajo de las coordenadas reportadas</td>
</tr>
<tr>
<td>AH</td>
<td>1</td>
</tr>
<tr bgcolor="#D4E4F3">
<td>ZH</td>
<td>15</td>
</tr>
<tr>
<td>SZH</td>
<td>1508</td>
</tr>
<tr bgcolor="#D4E4F3">
<td>N_NV_SUB</td>
<td>Arroyo Kaliye</td>
</tr>
<tr>
<td>C_NV_SUB</td>
<td>1508-1</td>
</tr>
<tr bgcolor="#D4E4F3">
<td>N_MIC_CUE</td>
<td>Arroyo Matajuna</td>
</tr>
<tr>
<td>C_MIC_CUE</td>
<td>1508-1-3</td>
</tr>
<tr bgcolor="#D4E4F3">
<td>OBSERV</td>
<td>&lt;Null&gt;</td>
</tr>
<tr>
<td>COTA</td>
<td>20</td>
</tr>
<tr bgcolor="#D4E4F3">
<td>COOR_ESTE</td>
<td>5107898,0872</td>
</tr>
<tr>
<td>COOR_NORTE</td>
<td>2844829,6606</td>
</tr>
</table>
</td>
</tr>
</table>
</body><script type="text/javascript">
				function changeImage(attElement, nameElement) {
				document.getElementById('imageAttachment').src = attElement;
				document.getElementById('imageName').innerHTML = nameElement;}
			</script></html>
]]></description>
      <Point>
        <extrude>0</extrude><altitudeMode>clampToGround</altitudeMode>
        <coordinates> -72.0097598300716,11.64326422579416,0</coordinates>
      </Point>
    </Placemark>
  </Folder>
  <Style id="IconStyle00">
    <IconStyle>
      <scale>1.000000</scale>
      <Icon><href>Layer0_Symbol_1efd9a40_0.png</href></Icon>
    </IconStyle>
    <LabelStyle>
      <color>ffa84d00</color>
      <scale>0.666667</scale>
    </LabelStyle>
    <PolyStyle>
      <color>ff000000</color>
      <outline>0</outline>
    </PolyStyle>
  </Style>
</Document>
</kml>