<?xml version="1.0" encoding="UTF-8"?>
<kml xmlns="http://www.opengis.net/kml/2.2" xmlns:gx="http://www.google.com/kml/ext/2.2" xmlns:xsi="http://www.w3.org/2001/XMLSchema-instance"
 xsi:schemaLocation="http://www.opengis.net/kml/2.2 http://schemas.opengis.net/kml/2.2.0/ogckml22.xsd http://www.google.com/kml/ext/2.2 http://code.google.com/apis/kml/schema/kml22gx.xsd">
<Document id="Ocupación de cauce">
  <name>Ocupación de cauce</name>
  <snippet></snippet>
  <Folder id="FeatureLayer0">
    <name>Ocupación de cauce</name>
    <snippet></snippet>
    <Placemark id="ID_00000">
      <name>O1</name>
      <snippet></snippet>
      <description><![CDATA[<html xmlns:fo="http://www.w3.org/1999/XSL/Format" xmlns:msxsl="urn:schemas-microsoft-com:xslt">
<head>
<META http-equiv="Content-Type" content="text/html">
<meta http-equiv="content-type" content="text/html; charset=UTF-8">
</head>
<body style="margin:0px 0px 0px 0px;overflow:auto;background:#FFFFFF;">
<table style="font-family:Arial,Verdana,Times;font-size:12px;text-align:left;width:100%;border-collapse:collapse;padding:3px 3px 3px 3px">
<tr style="text-align:center;font-weight:bold;background:#9CBCE2">
<td>LAV0002-00-2021</td>
</tr>
<tr>
<td>
<table style="font-family:Arial,Verdana,Times;font-size:12px;text-align:left;width:100%;border-spacing:0px; padding:3px 3px 3px 3px">
<tr>
<td>SHAPE</td>
<td>Point</td>
</tr>
<tr bgcolor="#D4E4F3">
<td>EXPEDIENTE</td>
<td>LAV0002-00-2021</td>
</tr>
<tr>
<td>OPERADOR</td>
<td>WIND AUTOGENERACIÓN S.A.S.</td>
</tr>
<tr bgcolor="#D4E4F3">
<td>PROYECTO</td>
<td>Línea eléctrica de transmisión Parque Eólico Windpeshi – Subestación Cuestecitas</td>
</tr>
<tr>
<td>NUM_ACT_AD</td>
<td>01621</td>
</tr>
<tr bgcolor="#D4E4F3">
<td>FEC_ACT_AD</td>
<td>13/09/2021</td>
</tr>
<tr>
<td>ART_ACT_AD</td>
<td>Artículo Tercero, Númeral 2.</td>
</tr>
<tr bgcolor="#D4E4F3">
<td>VEREDA</td>
<td>Comunidad Romana</td>
</tr>
<tr>
<td>MUNICIPIO</td>
<td>44430</td>
</tr>
<tr bgcolor="#D4E4F3">
<td>DEPTO</td>
<td>44</td>
</tr>
<tr>
<td>CAR</td>
<td>1021</td>
</tr>
<tr bgcolor="#D4E4F3">
<td>NOMBRE</td>
<td>O1</td>
</tr>
<tr>
<td>ID_OCU_CAU</td>
<td>O1</td>
</tr>
<tr bgcolor="#D4E4F3">
<td>NOM_C_AG</td>
<td>Arroyo Wampeshi</td>
</tr>
<tr>
<td>ESTADO_OC</td>
<td>2001</td>
</tr>
<tr bgcolor="#D4E4F3">
<td>MARGEN</td>
<td>2011</td>
</tr>
<tr>
<td>T_CAUDAL</td>
<td>2120</td>
</tr>
<tr bgcolor="#D4E4F3">
<td>T_FUE_SUP</td>
<td>2212</td>
</tr>
<tr>
<td>TIPO_OCUP</td>
<td>Construcción de alcantarilla</td>
</tr>
<tr bgcolor="#D4E4F3">
<td>ESPECIFIC</td>
<td>Tuberías prefabricadas, sobre una cama compuesta 
de material de grava y confinado en relleno con material seleccionado.</td>
</tr>
<tr>
<td>AH</td>
<td>1</td>
</tr>
<tr bgcolor="#D4E4F3">
<td>ZH</td>
<td>15</td>
</tr>
<tr>
<td>SZH</td>
<td>1508</td>
</tr>
<tr bgcolor="#D4E4F3">
<td>N_NV_SUB</td>
<td>&lt;Null&gt;</td>
</tr>
<tr>
<td>C_NV_SUB</td>
<td>&lt;Null&gt;</td>
</tr>
<tr bgcolor="#D4E4F3">
<td>N_MIC_CUE</td>
<td>Arroyo Wampeshi</td>
</tr>
<tr>
<td>C_MIC_CUE</td>
<td>&lt;Null&gt;</td>
</tr>
<tr bgcolor="#D4E4F3">
<td>OBSERV</td>
<td>La construcción de esta ocupación no ha dado inicio a la fecha de corte del presente informe. El proyecto se encuentra suspendido desde el 15 de octubre del 2022.</td>
</tr>
<tr>
<td>COTA</td>
<td>2,85115</td>
</tr>
<tr bgcolor="#D4E4F3">
<td>COOR_ESTE</td>
<td>5102669,6459</td>
</tr>
<tr>
<td>COOR_NORTE</td>
<td>2835526,8332</td>
</tr>
</table>
</td>
</tr>
</table>
</body><script type="text/javascript">
				function changeImage(attElement, nameElement) {
				document.getElementById('imageAttachment').src = attElement;
				document.getElementById('imageName').innerHTML = nameElement;}
			</script></html>
]]></description>
      <Point>
        <extrude>0</extrude><altitudeMode>clampToGround</altitudeMode>
        <coordinates> -72.058021747966,11.55927156303238,0</coordinates>
      </Point>
    </Placemark>
    <Placemark id="ID_00001">
      <name>O2</name>
      <snippet></snippet>
      <description><![CDATA[<html xmlns:fo="http://www.w3.org/1999/XSL/Format" xmlns:msxsl="urn:schemas-microsoft-com:xslt">
<head>
<META http-equiv="Content-Type" content="text/html">
<meta http-equiv="content-type" content="text/html; charset=UTF-8">
</head>
<body style="margin:0px 0px 0px 0px;overflow:auto;background:#FFFFFF;">
<table style="font-family:Arial,Verdana,Times;font-size:12px;text-align:left;width:100%;border-collapse:collapse;padding:3px 3px 3px 3px">
<tr style="text-align:center;font-weight:bold;background:#9CBCE2">
<td>LAV0002-00-2021</td>
</tr>
<tr>
<td>
<table style="font-family:Arial,Verdana,Times;font-size:12px;text-align:left;width:100%;border-spacing:0px; padding:3px 3px 3px 3px">
<tr>
<td>SHAPE</td>
<td>Point</td>
</tr>
<tr bgcolor="#D4E4F3">
<td>EXPEDIENTE</td>
<td>LAV0002-00-2021</td>
</tr>
<tr>
<td>OPERADOR</td>
<td>WIND AUTOGENERACIÓN S.A.S.</td>
</tr>
<tr bgcolor="#D4E4F3">
<td>PROYECTO</td>
<td>Línea eléctrica de transmisión Parque Eólico Windpeshi – Subestación Cuestecitas</td>
</tr>
<tr>
<td>NUM_ACT_AD</td>
<td>01621</td>
</tr>
<tr bgcolor="#D4E4F3">
<td>FEC_ACT_AD</td>
<td>13/09/2021</td>
</tr>
<tr>
<td>ART_ACT_AD</td>
<td>Artículo Tercero, Númeral 2.</td>
</tr>
<tr bgcolor="#D4E4F3">
<td>VEREDA</td>
<td>Comunidad Romana</td>
</tr>
<tr>
<td>MUNICIPIO</td>
<td>44430</td>
</tr>
<tr bgcolor="#D4E4F3">
<td>DEPTO</td>
<td>44</td>
</tr>
<tr>
<td>CAR</td>
<td>1021</td>
</tr>
<tr bgcolor="#D4E4F3">
<td>NOMBRE</td>
<td>O2</td>
</tr>
<tr>
<td>ID_OCU_CAU</td>
<td>O2</td>
</tr>
<tr bgcolor="#D4E4F3">
<td>NOM_C_AG</td>
<td>Arroyo Wampeshi</td>
</tr>
<tr>
<td>ESTADO_OC</td>
<td>2001</td>
</tr>
<tr bgcolor="#D4E4F3">
<td>MARGEN</td>
<td>2011</td>
</tr>
<tr>
<td>T_CAUDAL</td>
<td>2120</td>
</tr>
<tr bgcolor="#D4E4F3">
<td>T_FUE_SUP</td>
<td>2212</td>
</tr>
<tr>
<td>TIPO_OCUP</td>
<td>Construcción de alcantarilla</td>
</tr>
<tr bgcolor="#D4E4F3">
<td>ESPECIFIC</td>
<td>Tuberías prefabricadas, sobre una cama compuesta 
de material de grava y confinado en relleno con material seleccionado.</td>
</tr>
<tr>
<td>AH</td>
<td>1</td>
</tr>
<tr bgcolor="#D4E4F3">
<td>ZH</td>
<td>15</td>
</tr>
<tr>
<td>SZH</td>
<td>1508</td>
</tr>
<tr bgcolor="#D4E4F3">
<td>N_NV_SUB</td>
<td>&lt;Null&gt;</td>
</tr>
<tr>
<td>C_NV_SUB</td>
<td>&lt;Null&gt;</td>
</tr>
<tr bgcolor="#D4E4F3">
<td>N_MIC_CUE</td>
<td>Arroyo Wampeshi</td>
</tr>
<tr>
<td>C_MIC_CUE</td>
<td>&lt;Null&gt;</td>
</tr>
<tr bgcolor="#D4E4F3">
<td>OBSERV</td>
<td>La construcción de esta ocupación no ha dado inicio a la fecha de corte del presente informe. El proyecto se encuentra suspendido desde el 15 de octubre del 2022.</td>
</tr>
<tr>
<td>COTA</td>
<td>2,28031</td>
</tr>
<tr bgcolor="#D4E4F3">
<td>COOR_ESTE</td>
<td>5102495,5026</td>
</tr>
<tr>
<td>COOR_NORTE</td>
<td>2835417,8723</td>
</tr>
</table>
</td>
</tr>
</table>
</body><script type="text/javascript">
				function changeImage(attElement, nameElement) {
				document.getElementById('imageAttachment').src = attElement;
				document.getElementById('imageName').innerHTML = nameElement;}
			</script></html>
]]></description>
      <Point>
        <extrude>0</extrude><altitudeMode>clampToGround</altitudeMode>
        <coordinates> -72.05962262345213,11.55829108189578,0</coordinates>
      </Point>
    </Placemark>
    <Placemark id="ID_00002">
      <name>O3</name>
      <snippet></snippet>
      <description><![CDATA[<html xmlns:fo="http://www.w3.org/1999/XSL/Format" xmlns:msxsl="urn:schemas-microsoft-com:xslt">
<head>
<META http-equiv="Content-Type" content="text/html">
<meta http-equiv="content-type" content="text/html; charset=UTF-8">
</head>
<body style="margin:0px 0px 0px 0px;overflow:auto;background:#FFFFFF;">
<table style="font-family:Arial,Verdana,Times;font-size:12px;text-align:left;width:100%;border-collapse:collapse;padding:3px 3px 3px 3px">
<tr style="text-align:center;font-weight:bold;background:#9CBCE2">
<td>LAV0002-00-2021</td>
</tr>
<tr>
<td>
<table style="font-family:Arial,Verdana,Times;font-size:12px;text-align:left;width:100%;border-spacing:0px; padding:3px 3px 3px 3px">
<tr>
<td>SHAPE</td>
<td>Point</td>
</tr>
<tr bgcolor="#D4E4F3">
<td>EXPEDIENTE</td>
<td>LAV0002-00-2021</td>
</tr>
<tr>
<td>OPERADOR</td>
<td>WIND AUTOGENERACIÓN S.A.S.</td>
</tr>
<tr bgcolor="#D4E4F3">
<td>PROYECTO</td>
<td>Línea eléctrica de transmisión Parque Eólico Windpeshi – Subestación Cuestecitas</td>
</tr>
<tr>
<td>NUM_ACT_AD</td>
<td>01621</td>
</tr>
<tr bgcolor="#D4E4F3">
<td>FEC_ACT_AD</td>
<td>13/09/2021</td>
</tr>
<tr>
<td>ART_ACT_AD</td>
<td>Artículo Tercero, Númeral 2.</td>
</tr>
<tr bgcolor="#D4E4F3">
<td>VEREDA</td>
<td>Comunidad Romana</td>
</tr>
<tr>
<td>MUNICIPIO</td>
<td>44430</td>
</tr>
<tr bgcolor="#D4E4F3">
<td>DEPTO</td>
<td>44</td>
</tr>
<tr>
<td>CAR</td>
<td>1021</td>
</tr>
<tr bgcolor="#D4E4F3">
<td>NOMBRE</td>
<td>O3</td>
</tr>
<tr>
<td>ID_OCU_CAU</td>
<td>O3</td>
</tr>
<tr bgcolor="#D4E4F3">
<td>NOM_C_AG</td>
<td>Arroyo Wampeshi</td>
</tr>
<tr>
<td>ESTADO_OC</td>
<td>2001</td>
</tr>
<tr bgcolor="#D4E4F3">
<td>MARGEN</td>
<td>2011</td>
</tr>
<tr>
<td>T_CAUDAL</td>
<td>2120</td>
</tr>
<tr bgcolor="#D4E4F3">
<td>T_FUE_SUP</td>
<td>2212</td>
</tr>
<tr>
<td>TIPO_OCUP</td>
<td>Construcción de alcantarilla</td>
</tr>
<tr bgcolor="#D4E4F3">
<td>ESPECIFIC</td>
<td>Tuberías prefabricadas, sobre una cama compuesta 
de material de grava y confinado en relleno con material seleccionado.</td>
</tr>
<tr>
<td>AH</td>
<td>1</td>
</tr>
<tr bgcolor="#D4E4F3">
<td>ZH</td>
<td>15</td>
</tr>
<tr>
<td>SZH</td>
<td>1508</td>
</tr>
<tr bgcolor="#D4E4F3">
<td>N_NV_SUB</td>
<td>&lt;Null&gt;</td>
</tr>
<tr>
<td>C_NV_SUB</td>
<td>&lt;Null&gt;</td>
</tr>
<tr bgcolor="#D4E4F3">
<td>N_MIC_CUE</td>
<td>Arroyo Wampeshi</td>
</tr>
<tr>
<td>C_MIC_CUE</td>
<td>&lt;Null&gt;</td>
</tr>
<tr bgcolor="#D4E4F3">
<td>OBSERV</td>
<td>La construcción de esta ocupación no ha dado inicio a la fecha de corte del presente informe. El proyecto se encuentra suspendido desde el 15 de octubre del 2022.</td>
</tr>
<tr>
<td>COTA</td>
<td>6,72231</td>
</tr>
<tr bgcolor="#D4E4F3">
<td>COOR_ESTE</td>
<td>5102523,5121</td>
</tr>
<tr>
<td>COOR_NORTE</td>
<td>2835447,2156</td>
</tr>
</table>
</td>
</tr>
</table>
</body><script type="text/javascript">
				function changeImage(attElement, nameElement) {
				document.getElementById('imageAttachment').src = attElement;
				document.getElementById('imageName').innerHTML = nameElement;}
			</script></html>
]]></description>
      <Point>
        <extrude>0</extrude><altitudeMode>clampToGround</altitudeMode>
        <coordinates> -72.0593647800134,11.55855568973267,0</coordinates>
      </Point>
    </Placemark>
    <Placemark id="ID_00003">
      <name>O4</name>
      <snippet></snippet>
      <description><![CDATA[<html xmlns:fo="http://www.w3.org/1999/XSL/Format" xmlns:msxsl="urn:schemas-microsoft-com:xslt">
<head>
<META http-equiv="Content-Type" content="text/html">
<meta http-equiv="content-type" content="text/html; charset=UTF-8">
</head>
<body style="margin:0px 0px 0px 0px;overflow:auto;background:#FFFFFF;">
<table style="font-family:Arial,Verdana,Times;font-size:12px;text-align:left;width:100%;border-collapse:collapse;padding:3px 3px 3px 3px">
<tr style="text-align:center;font-weight:bold;background:#9CBCE2">
<td>LAV0002-00-2021</td>
</tr>
<tr>
<td>
<table style="font-family:Arial,Verdana,Times;font-size:12px;text-align:left;width:100%;border-spacing:0px; padding:3px 3px 3px 3px">
<tr>
<td>SHAPE</td>
<td>Point</td>
</tr>
<tr bgcolor="#D4E4F3">
<td>EXPEDIENTE</td>
<td>LAV0002-00-2021</td>
</tr>
<tr>
<td>OPERADOR</td>
<td>WIND AUTOGENERACIÓN S.A.S.</td>
</tr>
<tr bgcolor="#D4E4F3">
<td>PROYECTO</td>
<td>Línea eléctrica de transmisión Parque Eólico Windpeshi – Subestación Cuestecitas</td>
</tr>
<tr>
<td>NUM_ACT_AD</td>
<td>01621</td>
</tr>
<tr bgcolor="#D4E4F3">
<td>FEC_ACT_AD</td>
<td>13/09/2021</td>
</tr>
<tr>
<td>ART_ACT_AD</td>
<td>Artículo Tercero, Númeral 2.</td>
</tr>
<tr bgcolor="#D4E4F3">
<td>VEREDA</td>
<td>Comunidad Romana</td>
</tr>
<tr>
<td>MUNICIPIO</td>
<td>44430</td>
</tr>
<tr bgcolor="#D4E4F3">
<td>DEPTO</td>
<td>44</td>
</tr>
<tr>
<td>CAR</td>
<td>1021</td>
</tr>
<tr bgcolor="#D4E4F3">
<td>NOMBRE</td>
<td>O4</td>
</tr>
<tr>
<td>ID_OCU_CAU</td>
<td>O4</td>
</tr>
<tr bgcolor="#D4E4F3">
<td>NOM_C_AG</td>
<td>Arroyo Wampeshi</td>
</tr>
<tr>
<td>ESTADO_OC</td>
<td>2001</td>
</tr>
<tr bgcolor="#D4E4F3">
<td>MARGEN</td>
<td>2011</td>
</tr>
<tr>
<td>T_CAUDAL</td>
<td>2120</td>
</tr>
<tr bgcolor="#D4E4F3">
<td>T_FUE_SUP</td>
<td>2212</td>
</tr>
<tr>
<td>TIPO_OCUP</td>
<td>Construcción de alcantarilla</td>
</tr>
<tr bgcolor="#D4E4F3">
<td>ESPECIFIC</td>
<td>Tuberías prefabricadas, sobre una cama compuesta 
de material de grava y confinado en relleno con material seleccionado.</td>
</tr>
<tr>
<td>AH</td>
<td>1</td>
</tr>
<tr bgcolor="#D4E4F3">
<td>ZH</td>
<td>15</td>
</tr>
<tr>
<td>SZH</td>
<td>1508</td>
</tr>
<tr bgcolor="#D4E4F3">
<td>N_NV_SUB</td>
<td>&lt;Null&gt;</td>
</tr>
<tr>
<td>C_NV_SUB</td>
<td>&lt;Null&gt;</td>
</tr>
<tr bgcolor="#D4E4F3">
<td>N_MIC_CUE</td>
<td>Arroyo Wampeshi</td>
</tr>
<tr>
<td>C_MIC_CUE</td>
<td>&lt;Null&gt;</td>
</tr>
<tr bgcolor="#D4E4F3">
<td>OBSERV</td>
<td>La construcción de esta ocupación no ha dado inicio a la fecha de corte del presente informe. El proyecto se encuentra suspendido desde el 15 de octubre del 2022.</td>
</tr>
<tr>
<td>COTA</td>
<td>4,23694</td>
</tr>
<tr bgcolor="#D4E4F3">
<td>COOR_ESTE</td>
<td>5102437,7831</td>
</tr>
<tr>
<td>COOR_NORTE</td>
<td>2835404,5175</td>
</tr>
</table>
</td>
</tr>
</table>
</body><script type="text/javascript">
				function changeImage(attElement, nameElement) {
				document.getElementById('imageAttachment').src = attElement;
				document.getElementById('imageName').innerHTML = nameElement;}
			</script></html>
]]></description>
      <Point>
        <extrude>0</extrude><altitudeMode>clampToGround</altitudeMode>
        <coordinates> -72.06015254223632,11.55817199026582,0</coordinates>
      </Point>
    </Placemark>
    <Placemark id="ID_00004">
      <name>O5</name>
      <snippet></snippet>
      <description><![CDATA[<html xmlns:fo="http://www.w3.org/1999/XSL/Format" xmlns:msxsl="urn:schemas-microsoft-com:xslt">
<head>
<META http-equiv="Content-Type" content="text/html">
<meta http-equiv="content-type" content="text/html; charset=UTF-8">
</head>
<body style="margin:0px 0px 0px 0px;overflow:auto;background:#FFFFFF;">
<table style="font-family:Arial,Verdana,Times;font-size:12px;text-align:left;width:100%;border-collapse:collapse;padding:3px 3px 3px 3px">
<tr style="text-align:center;font-weight:bold;background:#9CBCE2">
<td>LAV0002-00-2021</td>
</tr>
<tr>
<td>
<table style="font-family:Arial,Verdana,Times;font-size:12px;text-align:left;width:100%;border-spacing:0px; padding:3px 3px 3px 3px">
<tr>
<td>SHAPE</td>
<td>Point</td>
</tr>
<tr bgcolor="#D4E4F3">
<td>EXPEDIENTE</td>
<td>LAV0002-00-2021</td>
</tr>
<tr>
<td>OPERADOR</td>
<td>WIND AUTOGENERACIÓN S.A.S.</td>
</tr>
<tr bgcolor="#D4E4F3">
<td>PROYECTO</td>
<td>Línea eléctrica de transmisión Parque Eólico Windpeshi – Subestación Cuestecitas</td>
</tr>
<tr>
<td>NUM_ACT_AD</td>
<td>01621</td>
</tr>
<tr bgcolor="#D4E4F3">
<td>FEC_ACT_AD</td>
<td>13/09/2021</td>
</tr>
<tr>
<td>ART_ACT_AD</td>
<td>Artículo Tercero, Númeral 2.</td>
</tr>
<tr bgcolor="#D4E4F3">
<td>VEREDA</td>
<td>Comunidad Romana</td>
</tr>
<tr>
<td>MUNICIPIO</td>
<td>44430</td>
</tr>
<tr bgcolor="#D4E4F3">
<td>DEPTO</td>
<td>44</td>
</tr>
<tr>
<td>CAR</td>
<td>1021</td>
</tr>
<tr bgcolor="#D4E4F3">
<td>NOMBRE</td>
<td>O5</td>
</tr>
<tr>
<td>ID_OCU_CAU</td>
<td>O5</td>
</tr>
<tr bgcolor="#D4E4F3">
<td>NOM_C_AG</td>
<td>Arroyo Wampeshi</td>
</tr>
<tr>
<td>ESTADO_OC</td>
<td>2001</td>
</tr>
<tr bgcolor="#D4E4F3">
<td>MARGEN</td>
<td>2011</td>
</tr>
<tr>
<td>T_CAUDAL</td>
<td>2120</td>
</tr>
<tr bgcolor="#D4E4F3">
<td>T_FUE_SUP</td>
<td>2212</td>
</tr>
<tr>
<td>TIPO_OCUP</td>
<td>Construcción de alcantarilla</td>
</tr>
<tr bgcolor="#D4E4F3">
<td>ESPECIFIC</td>
<td>Tuberías prefabricadas, sobre una cama compuesta 
de material de grava y confinado en relleno con material seleccionado.</td>
</tr>
<tr>
<td>AH</td>
<td>1</td>
</tr>
<tr bgcolor="#D4E4F3">
<td>ZH</td>
<td>15</td>
</tr>
<tr>
<td>SZH</td>
<td>1508</td>
</tr>
<tr bgcolor="#D4E4F3">
<td>N_NV_SUB</td>
<td>&lt;Null&gt;</td>
</tr>
<tr>
<td>C_NV_SUB</td>
<td>&lt;Null&gt;</td>
</tr>
<tr bgcolor="#D4E4F3">
<td>N_MIC_CUE</td>
<td>Arroyo Wampeshi</td>
</tr>
<tr>
<td>C_MIC_CUE</td>
<td>&lt;Null&gt;</td>
</tr>
<tr bgcolor="#D4E4F3">
<td>OBSERV</td>
<td>La construcción de esta ocupación no ha dado inicio a la fecha de corte del presente informe. El proyecto se encuentra suspendido desde el 15 de octubre del 2022.</td>
</tr>
<tr>
<td>COTA</td>
<td>3,66442</td>
</tr>
<tr bgcolor="#D4E4F3">
<td>COOR_ESTE</td>
<td>5102385,9796</td>
</tr>
<tr>
<td>COOR_NORTE</td>
<td>2835397,5924</td>
</tr>
</table>
</td>
</tr>
</table>
</body><script type="text/javascript">
				function changeImage(attElement, nameElement) {
				document.getElementById('imageAttachment').src = attElement;
				document.getElementById('imageName').innerHTML = nameElement;}
			</script></html>
]]></description>
      <Point>
        <extrude>0</extrude><altitudeMode>clampToGround</altitudeMode>
        <coordinates> -72.06062799378159,11.5581108852978,0</coordinates>
      </Point>
    </Placemark>
    <Placemark id="ID_00005">
      <name>O6</name>
      <snippet></snippet>
      <description><![CDATA[<html xmlns:fo="http://www.w3.org/1999/XSL/Format" xmlns:msxsl="urn:schemas-microsoft-com:xslt">
<head>
<META http-equiv="Content-Type" content="text/html">
<meta http-equiv="content-type" content="text/html; charset=UTF-8">
</head>
<body style="margin:0px 0px 0px 0px;overflow:auto;background:#FFFFFF;">
<table style="font-family:Arial,Verdana,Times;font-size:12px;text-align:left;width:100%;border-collapse:collapse;padding:3px 3px 3px 3px">
<tr style="text-align:center;font-weight:bold;background:#9CBCE2">
<td>LAV0002-00-2021</td>
</tr>
<tr>
<td>
<table style="font-family:Arial,Verdana,Times;font-size:12px;text-align:left;width:100%;border-spacing:0px; padding:3px 3px 3px 3px">
<tr>
<td>SHAPE</td>
<td>Point</td>
</tr>
<tr bgcolor="#D4E4F3">
<td>EXPEDIENTE</td>
<td>LAV0002-00-2021</td>
</tr>
<tr>
<td>OPERADOR</td>
<td>WIND AUTOGENERACIÓN S.A.S.</td>
</tr>
<tr bgcolor="#D4E4F3">
<td>PROYECTO</td>
<td>Línea eléctrica de transmisión Parque Eólico Windpeshi – Subestación Cuestecitas</td>
</tr>
<tr>
<td>NUM_ACT_AD</td>
<td>01621</td>
</tr>
<tr bgcolor="#D4E4F3">
<td>FEC_ACT_AD</td>
<td>13/09/2021</td>
</tr>
<tr>
<td>ART_ACT_AD</td>
<td>Artículo Tercero, Númeral 2.</td>
</tr>
<tr bgcolor="#D4E4F3">
<td>VEREDA</td>
<td>Comunidad Kijotchon</td>
</tr>
<tr>
<td>MUNICIPIO</td>
<td>44430</td>
</tr>
<tr bgcolor="#D4E4F3">
<td>DEPTO</td>
<td>44</td>
</tr>
<tr>
<td>CAR</td>
<td>1021</td>
</tr>
<tr bgcolor="#D4E4F3">
<td>NOMBRE</td>
<td>O6</td>
</tr>
<tr>
<td>ID_OCU_CAU</td>
<td>O6</td>
</tr>
<tr bgcolor="#D4E4F3">
<td>NOM_C_AG</td>
<td>Arroyo Wampeshi</td>
</tr>
<tr>
<td>ESTADO_OC</td>
<td>2001</td>
</tr>
<tr bgcolor="#D4E4F3">
<td>MARGEN</td>
<td>2011</td>
</tr>
<tr>
<td>T_CAUDAL</td>
<td>2120</td>
</tr>
<tr bgcolor="#D4E4F3">
<td>T_FUE_SUP</td>
<td>2212</td>
</tr>
<tr>
<td>TIPO_OCUP</td>
<td>Construcción de alcantarilla</td>
</tr>
<tr bgcolor="#D4E4F3">
<td>ESPECIFIC</td>
<td>Tuberías prefabricadas, sobre una cama compuesta 
de material de grava y confinado en relleno con material seleccionado.</td>
</tr>
<tr>
<td>AH</td>
<td>1</td>
</tr>
<tr bgcolor="#D4E4F3">
<td>ZH</td>
<td>15</td>
</tr>
<tr>
<td>SZH</td>
<td>1508</td>
</tr>
<tr bgcolor="#D4E4F3">
<td>N_NV_SUB</td>
<td>&lt;Null&gt;</td>
</tr>
<tr>
<td>C_NV_SUB</td>
<td>&lt;Null&gt;</td>
</tr>
<tr bgcolor="#D4E4F3">
<td>N_MIC_CUE</td>
<td>Arroyo Wampeshi</td>
</tr>
<tr>
<td>C_MIC_CUE</td>
<td>&lt;Null&gt;</td>
</tr>
<tr bgcolor="#D4E4F3">
<td>OBSERV</td>
<td>La construcción de esta ocupación no ha dado inicio a la fecha de corte del presente informe. El proyecto se encuentra suspendido desde el 15 de octubre del 2022.</td>
</tr>
<tr>
<td>COTA</td>
<td>8,33196</td>
</tr>
<tr bgcolor="#D4E4F3">
<td>COOR_ESTE</td>
<td>5101246,876</td>
</tr>
<tr>
<td>COOR_NORTE</td>
<td>2835132,4945</td>
</tr>
</table>
</td>
</tr>
</table>
</body><script type="text/javascript">
				function changeImage(attElement, nameElement) {
				document.getElementById('imageAttachment').src = attElement;
				document.getElementById('imageName').innerHTML = nameElement;}
			</script></html>
]]></description>
      <Point>
        <extrude>0</extrude><altitudeMode>clampToGround</altitudeMode>
        <coordinates> -72.07108599042382,11.55574644981692,0</coordinates>
      </Point>
    </Placemark>
    <Placemark id="ID_00006">
      <name>O7</name>
      <snippet></snippet>
      <description><![CDATA[<html xmlns:fo="http://www.w3.org/1999/XSL/Format" xmlns:msxsl="urn:schemas-microsoft-com:xslt">
<head>
<META http-equiv="Content-Type" content="text/html">
<meta http-equiv="content-type" content="text/html; charset=UTF-8">
</head>
<body style="margin:0px 0px 0px 0px;overflow:auto;background:#FFFFFF;">
<table style="font-family:Arial,Verdana,Times;font-size:12px;text-align:left;width:100%;border-collapse:collapse;padding:3px 3px 3px 3px">
<tr style="text-align:center;font-weight:bold;background:#9CBCE2">
<td>LAV0002-00-2021</td>
</tr>
<tr>
<td>
<table style="font-family:Arial,Verdana,Times;font-size:12px;text-align:left;width:100%;border-spacing:0px; padding:3px 3px 3px 3px">
<tr>
<td>SHAPE</td>
<td>Point</td>
</tr>
<tr bgcolor="#D4E4F3">
<td>EXPEDIENTE</td>
<td>LAV0002-00-2021</td>
</tr>
<tr>
<td>OPERADOR</td>
<td>WIND AUTOGENERACIÓN S.A.S.</td>
</tr>
<tr bgcolor="#D4E4F3">
<td>PROYECTO</td>
<td>Línea eléctrica de transmisión Parque Eólico Windpeshi – Subestación Cuestecitas</td>
</tr>
<tr>
<td>NUM_ACT_AD</td>
<td>01621</td>
</tr>
<tr bgcolor="#D4E4F3">
<td>FEC_ACT_AD</td>
<td>13/09/2021</td>
</tr>
<tr>
<td>ART_ACT_AD</td>
<td>Artículo Tercero, Númeral 2.</td>
</tr>
<tr bgcolor="#D4E4F3">
<td>VEREDA</td>
<td>Comunidad Kijotchon</td>
</tr>
<tr>
<td>MUNICIPIO</td>
<td>44430</td>
</tr>
<tr bgcolor="#D4E4F3">
<td>DEPTO</td>
<td>44</td>
</tr>
<tr>
<td>CAR</td>
<td>1021</td>
</tr>
<tr bgcolor="#D4E4F3">
<td>NOMBRE</td>
<td>O7</td>
</tr>
<tr>
<td>ID_OCU_CAU</td>
<td>O7</td>
</tr>
<tr bgcolor="#D4E4F3">
<td>NOM_C_AG</td>
<td>Arroyo Wampeshi</td>
</tr>
<tr>
<td>ESTADO_OC</td>
<td>2001</td>
</tr>
<tr bgcolor="#D4E4F3">
<td>MARGEN</td>
<td>2011</td>
</tr>
<tr>
<td>T_CAUDAL</td>
<td>2120</td>
</tr>
<tr bgcolor="#D4E4F3">
<td>T_FUE_SUP</td>
<td>2212</td>
</tr>
<tr>
<td>TIPO_OCUP</td>
<td>Construcción de alcantarilla</td>
</tr>
<tr bgcolor="#D4E4F3">
<td>ESPECIFIC</td>
<td>Tuberías prefabricadas, sobre una cama compuesta 
de material de grava y confinado en relleno con material seleccionado.</td>
</tr>
<tr>
<td>AH</td>
<td>1</td>
</tr>
<tr bgcolor="#D4E4F3">
<td>ZH</td>
<td>15</td>
</tr>
<tr>
<td>SZH</td>
<td>1508</td>
</tr>
<tr bgcolor="#D4E4F3">
<td>N_NV_SUB</td>
<td>&lt;Null&gt;</td>
</tr>
<tr>
<td>C_NV_SUB</td>
<td>&lt;Null&gt;</td>
</tr>
<tr bgcolor="#D4E4F3">
<td>N_MIC_CUE</td>
<td>Arroyo Wampeshi</td>
</tr>
<tr>
<td>C_MIC_CUE</td>
<td>&lt;Null&gt;</td>
</tr>
<tr bgcolor="#D4E4F3">
<td>OBSERV</td>
<td>La construcción de esta ocupación no ha dado inicio a la fecha de corte del presente informe. El proyecto se encuentra suspendido desde el 15 de octubre del 2022.</td>
</tr>
<tr>
<td>COTA</td>
<td>7,48865</td>
</tr>
<tr bgcolor="#D4E4F3">
<td>COOR_ESTE</td>
<td>5101151,4971</td>
</tr>
<tr>
<td>COOR_NORTE</td>
<td>2834936,2632</td>
</tr>
</table>
</td>
</tr>
</table>
</body><script type="text/javascript">
				function changeImage(attElement, nameElement) {
				document.getElementById('imageAttachment').src = attElement;
				document.getElementById('imageName').innerHTML = nameElement;}
			</script></html>
]]></description>
      <Point>
        <extrude>0</extrude><altitudeMode>clampToGround</altitudeMode>
        <coordinates> -72.07196682827637,11.55397412391412,0</coordinates>
      </Point>
    </Placemark>
    <Placemark id="ID_00007">
      <name>O8</name>
      <snippet></snippet>
      <description><![CDATA[<html xmlns:fo="http://www.w3.org/1999/XSL/Format" xmlns:msxsl="urn:schemas-microsoft-com:xslt">
<head>
<META http-equiv="Content-Type" content="text/html">
<meta http-equiv="content-type" content="text/html; charset=UTF-8">
</head>
<body style="margin:0px 0px 0px 0px;overflow:auto;background:#FFFFFF;">
<table style="font-family:Arial,Verdana,Times;font-size:12px;text-align:left;width:100%;border-collapse:collapse;padding:3px 3px 3px 3px">
<tr style="text-align:center;font-weight:bold;background:#9CBCE2">
<td>LAV0002-00-2021</td>
</tr>
<tr>
<td>
<table style="font-family:Arial,Verdana,Times;font-size:12px;text-align:left;width:100%;border-spacing:0px; padding:3px 3px 3px 3px">
<tr>
<td>SHAPE</td>
<td>Point</td>
</tr>
<tr bgcolor="#D4E4F3">
<td>EXPEDIENTE</td>
<td>LAV0002-00-2021</td>
</tr>
<tr>
<td>OPERADOR</td>
<td>WIND AUTOGENERACIÓN S.A.S.</td>
</tr>
<tr bgcolor="#D4E4F3">
<td>PROYECTO</td>
<td>Línea eléctrica de transmisión Parque Eólico Windpeshi – Subestación Cuestecitas</td>
</tr>
<tr>
<td>NUM_ACT_AD</td>
<td>01621</td>
</tr>
<tr bgcolor="#D4E4F3">
<td>FEC_ACT_AD</td>
<td>13/09/2021</td>
</tr>
<tr>
<td>ART_ACT_AD</td>
<td>Artículo Tercero, Númeral 2.</td>
</tr>
<tr bgcolor="#D4E4F3">
<td>VEREDA</td>
<td>Comunidad Kijotchon</td>
</tr>
<tr>
<td>MUNICIPIO</td>
<td>44430</td>
</tr>
<tr bgcolor="#D4E4F3">
<td>DEPTO</td>
<td>44</td>
</tr>
<tr>
<td>CAR</td>
<td>1021</td>
</tr>
<tr bgcolor="#D4E4F3">
<td>NOMBRE</td>
<td>O8</td>
</tr>
<tr>
<td>ID_OCU_CAU</td>
<td>O8</td>
</tr>
<tr bgcolor="#D4E4F3">
<td>NOM_C_AG</td>
<td>Arroyo Wampeshi</td>
</tr>
<tr>
<td>ESTADO_OC</td>
<td>2001</td>
</tr>
<tr bgcolor="#D4E4F3">
<td>MARGEN</td>
<td>2011</td>
</tr>
<tr>
<td>T_CAUDAL</td>
<td>2120</td>
</tr>
<tr bgcolor="#D4E4F3">
<td>T_FUE_SUP</td>
<td>2212</td>
</tr>
<tr>
<td>TIPO_OCUP</td>
<td>Construcción de alcantarilla</td>
</tr>
<tr bgcolor="#D4E4F3">
<td>ESPECIFIC</td>
<td>Tuberías prefabricadas, sobre una cama compuesta 
de material de grava y confinado en relleno con material seleccionado.</td>
</tr>
<tr>
<td>AH</td>
<td>1</td>
</tr>
<tr bgcolor="#D4E4F3">
<td>ZH</td>
<td>15</td>
</tr>
<tr>
<td>SZH</td>
<td>1508</td>
</tr>
<tr bgcolor="#D4E4F3">
<td>N_NV_SUB</td>
<td>&lt;Null&gt;</td>
</tr>
<tr>
<td>C_NV_SUB</td>
<td>&lt;Null&gt;</td>
</tr>
<tr bgcolor="#D4E4F3">
<td>N_MIC_CUE</td>
<td>Arroyo Wampeshi</td>
</tr>
<tr>
<td>C_MIC_CUE</td>
<td>&lt;Null&gt;</td>
</tr>
<tr bgcolor="#D4E4F3">
<td>OBSERV</td>
<td>La construcción de esta ocupación no ha dado inicio a la fecha de corte del presente informe. El proyecto se encuentra suspendido desde el 15 de octubre del 2022.</td>
</tr>
<tr>
<td>COTA</td>
<td>14,3654</td>
</tr>
<tr bgcolor="#D4E4F3">
<td>COOR_ESTE</td>
<td>5100212,7365</td>
</tr>
<tr>
<td>COOR_NORTE</td>
<td>2834302,3437</td>
</tr>
</table>
</td>
</tr>
</table>
</body><script type="text/javascript">
				function changeImage(attElement, nameElement) {
				document.getElementById('imageAttachment').src = attElement;
				document.getElementById('imageName').innerHTML = nameElement;}
			</script></html>
]]></description>
      <Point>
        <extrude>0</extrude><altitudeMode>clampToGround</altitudeMode>
        <coordinates> -72.08059757240791,11.54826703681956,0</coordinates>
      </Point>
    </Placemark>
    <Placemark id="ID_00008">
      <name>O9</name>
      <snippet></snippet>
      <description><![CDATA[<html xmlns:fo="http://www.w3.org/1999/XSL/Format" xmlns:msxsl="urn:schemas-microsoft-com:xslt">
<head>
<META http-equiv="Content-Type" content="text/html">
<meta http-equiv="content-type" content="text/html; charset=UTF-8">
</head>
<body style="margin:0px 0px 0px 0px;overflow:auto;background:#FFFFFF;">
<table style="font-family:Arial,Verdana,Times;font-size:12px;text-align:left;width:100%;border-collapse:collapse;padding:3px 3px 3px 3px">
<tr style="text-align:center;font-weight:bold;background:#9CBCE2">
<td>LAV0002-00-2021</td>
</tr>
<tr>
<td>
<table style="font-family:Arial,Verdana,Times;font-size:12px;text-align:left;width:100%;border-spacing:0px; padding:3px 3px 3px 3px">
<tr>
<td>SHAPE</td>
<td>Point</td>
</tr>
<tr bgcolor="#D4E4F3">
<td>EXPEDIENTE</td>
<td>LAV0002-00-2021</td>
</tr>
<tr>
<td>OPERADOR</td>
<td>WIND AUTOGENERACIÓN S.A.S.</td>
</tr>
<tr bgcolor="#D4E4F3">
<td>PROYECTO</td>
<td>Línea eléctrica de transmisión Parque Eólico Windpeshi – Subestación Cuestecitas</td>
</tr>
<tr>
<td>NUM_ACT_AD</td>
<td>01621</td>
</tr>
<tr bgcolor="#D4E4F3">
<td>FEC_ACT_AD</td>
<td>13/09/2021</td>
</tr>
<tr>
<td>ART_ACT_AD</td>
<td>Artículo Tercero, Númeral 2.</td>
</tr>
<tr bgcolor="#D4E4F3">
<td>VEREDA</td>
<td>Comunidad Kijotchon</td>
</tr>
<tr>
<td>MUNICIPIO</td>
<td>44430</td>
</tr>
<tr bgcolor="#D4E4F3">
<td>DEPTO</td>
<td>44</td>
</tr>
<tr>
<td>CAR</td>
<td>1021</td>
</tr>
<tr bgcolor="#D4E4F3">
<td>NOMBRE</td>
<td>O9</td>
</tr>
<tr>
<td>ID_OCU_CAU</td>
<td>O9</td>
</tr>
<tr bgcolor="#D4E4F3">
<td>NOM_C_AG</td>
<td>Arroyo Wampeshi</td>
</tr>
<tr>
<td>ESTADO_OC</td>
<td>2001</td>
</tr>
<tr bgcolor="#D4E4F3">
<td>MARGEN</td>
<td>2011</td>
</tr>
<tr>
<td>T_CAUDAL</td>
<td>2120</td>
</tr>
<tr bgcolor="#D4E4F3">
<td>T_FUE_SUP</td>
<td>2212</td>
</tr>
<tr>
<td>TIPO_OCUP</td>
<td>Construcción de alcantarilla</td>
</tr>
<tr bgcolor="#D4E4F3">
<td>ESPECIFIC</td>
<td>Tuberías prefabricadas, sobre una cama compuesta 
de material de grava y confinado en relleno con material seleccionado.</td>
</tr>
<tr>
<td>AH</td>
<td>1</td>
</tr>
<tr bgcolor="#D4E4F3">
<td>ZH</td>
<td>15</td>
</tr>
<tr>
<td>SZH</td>
<td>1508</td>
</tr>
<tr bgcolor="#D4E4F3">
<td>N_NV_SUB</td>
<td>&lt;Null&gt;</td>
</tr>
<tr>
<td>C_NV_SUB</td>
<td>&lt;Null&gt;</td>
</tr>
<tr bgcolor="#D4E4F3">
<td>N_MIC_CUE</td>
<td>Arroyo Wampeshi</td>
</tr>
<tr>
<td>C_MIC_CUE</td>
<td>&lt;Null&gt;</td>
</tr>
<tr bgcolor="#D4E4F3">
<td>OBSERV</td>
<td>La construcción de esta ocupación no ha dado inicio a la fecha de corte del presente informe. El proyecto se encuentra suspendido desde el 15 de octubre del 2022.</td>
</tr>
<tr>
<td>COTA</td>
<td>6,85434</td>
</tr>
<tr bgcolor="#D4E4F3">
<td>COOR_ESTE</td>
<td>5099821,8534</td>
</tr>
<tr>
<td>COOR_NORTE</td>
<td>2834321,3704</td>
</tr>
</table>
</td>
</tr>
</table>
</body><script type="text/javascript">
				function changeImage(attElement, nameElement) {
				document.getElementById('imageAttachment').src = attElement;
				document.getElementById('imageName').innerHTML = nameElement;}
			</script></html>
]]></description>
      <Point>
        <extrude>0</extrude><altitudeMode>clampToGround</altitudeMode>
        <coordinates> -72.08418285329795,11.54845049272529,0</coordinates>
      </Point>
    </Placemark>
    <Placemark id="ID_00009">
      <name>O10</name>
      <snippet></snippet>
      <description><![CDATA[<html xmlns:fo="http://www.w3.org/1999/XSL/Format" xmlns:msxsl="urn:schemas-microsoft-com:xslt">
<head>
<META http-equiv="Content-Type" content="text/html">
<meta http-equiv="content-type" content="text/html; charset=UTF-8">
</head>
<body style="margin:0px 0px 0px 0px;overflow:auto;background:#FFFFFF;">
<table style="font-family:Arial,Verdana,Times;font-size:12px;text-align:left;width:100%;border-collapse:collapse;padding:3px 3px 3px 3px">
<tr style="text-align:center;font-weight:bold;background:#9CBCE2">
<td>LAV0002-00-2021</td>
</tr>
<tr>
<td>
<table style="font-family:Arial,Verdana,Times;font-size:12px;text-align:left;width:100%;border-spacing:0px; padding:3px 3px 3px 3px">
<tr>
<td>SHAPE</td>
<td>Point</td>
</tr>
<tr bgcolor="#D4E4F3">
<td>EXPEDIENTE</td>
<td>LAV0002-00-2021</td>
</tr>
<tr>
<td>OPERADOR</td>
<td>WIND AUTOGENERACIÓN S.A.S.</td>
</tr>
<tr bgcolor="#D4E4F3">
<td>PROYECTO</td>
<td>Línea eléctrica de transmisión Parque Eólico Windpeshi – Subestación Cuestecitas</td>
</tr>
<tr>
<td>NUM_ACT_AD</td>
<td>01621</td>
</tr>
<tr bgcolor="#D4E4F3">
<td>FEC_ACT_AD</td>
<td>13/09/2021</td>
</tr>
<tr>
<td>ART_ACT_AD</td>
<td>Artículo Tercero, Númeral 2.</td>
</tr>
<tr bgcolor="#D4E4F3">
<td>VEREDA</td>
<td>Comunidad Kijotchon</td>
</tr>
<tr>
<td>MUNICIPIO</td>
<td>44430</td>
</tr>
<tr bgcolor="#D4E4F3">
<td>DEPTO</td>
<td>44</td>
</tr>
<tr>
<td>CAR</td>
<td>1021</td>
</tr>
<tr bgcolor="#D4E4F3">
<td>NOMBRE</td>
<td>O10</td>
</tr>
<tr>
<td>ID_OCU_CAU</td>
<td>O10</td>
</tr>
<tr bgcolor="#D4E4F3">
<td>NOM_C_AG</td>
<td>Arroyo Wampeshi</td>
</tr>
<tr>
<td>ESTADO_OC</td>
<td>2001</td>
</tr>
<tr bgcolor="#D4E4F3">
<td>MARGEN</td>
<td>2011</td>
</tr>
<tr>
<td>T_CAUDAL</td>
<td>2120</td>
</tr>
<tr bgcolor="#D4E4F3">
<td>T_FUE_SUP</td>
<td>2212</td>
</tr>
<tr>
<td>TIPO_OCUP</td>
<td>Construcción de alcantarilla</td>
</tr>
<tr bgcolor="#D4E4F3">
<td>ESPECIFIC</td>
<td>Tuberías prefabricadas, sobre una cama compuesta 
de material de grava y confinado en relleno con material seleccionado.</td>
</tr>
<tr>
<td>AH</td>
<td>1</td>
</tr>
<tr bgcolor="#D4E4F3">
<td>ZH</td>
<td>15</td>
</tr>
<tr>
<td>SZH</td>
<td>1508</td>
</tr>
<tr bgcolor="#D4E4F3">
<td>N_NV_SUB</td>
<td>&lt;Null&gt;</td>
</tr>
<tr>
<td>C_NV_SUB</td>
<td>&lt;Null&gt;</td>
</tr>
<tr bgcolor="#D4E4F3">
<td>N_MIC_CUE</td>
<td>Arroyo Wampeshi</td>
</tr>
<tr>
<td>C_MIC_CUE</td>
<td>&lt;Null&gt;</td>
</tr>
<tr bgcolor="#D4E4F3">
<td>OBSERV</td>
<td>La construcción de esta ocupación no ha dado inicio a la fecha de corte del presente informe. El proyecto se encuentra suspendido desde el 15 de octubre del 2022.</td>
</tr>
<tr>
<td>COTA</td>
<td>13,5569</td>
</tr>
<tr bgcolor="#D4E4F3">
<td>COOR_ESTE</td>
<td>5099977,1746</td>
</tr>
<tr>
<td>COOR_NORTE</td>
<td>2834344,4172</td>
</tr>
</table>
</td>
</tr>
</table>
</body><script type="text/javascript">
				function changeImage(attElement, nameElement) {
				document.getElementById('imageAttachment').src = attElement;
				document.getElementById('imageName').innerHTML = nameElement;}
			</script></html>
]]></description>
      <Point>
        <extrude>0</extrude><altitudeMode>clampToGround</altitudeMode>
        <coordinates> -72.0827573061397,11.54865447700664,0</coordinates>
      </Point>
    </Placemark>
    <Placemark id="ID_00010">
      <name>O11</name>
      <snippet></snippet>
      <description><![CDATA[<html xmlns:fo="http://www.w3.org/1999/XSL/Format" xmlns:msxsl="urn:schemas-microsoft-com:xslt">
<head>
<META http-equiv="Content-Type" content="text/html">
<meta http-equiv="content-type" content="text/html; charset=UTF-8">
</head>
<body style="margin:0px 0px 0px 0px;overflow:auto;background:#FFFFFF;">
<table style="font-family:Arial,Verdana,Times;font-size:12px;text-align:left;width:100%;border-collapse:collapse;padding:3px 3px 3px 3px">
<tr style="text-align:center;font-weight:bold;background:#9CBCE2">
<td>LAV0002-00-2021</td>
</tr>
<tr>
<td>
<table style="font-family:Arial,Verdana,Times;font-size:12px;text-align:left;width:100%;border-spacing:0px; padding:3px 3px 3px 3px">
<tr>
<td>SHAPE</td>
<td>Point</td>
</tr>
<tr bgcolor="#D4E4F3">
<td>EXPEDIENTE</td>
<td>LAV0002-00-2021</td>
</tr>
<tr>
<td>OPERADOR</td>
<td>WIND AUTOGENERACIÓN S.A.S.</td>
</tr>
<tr bgcolor="#D4E4F3">
<td>PROYECTO</td>
<td>Línea eléctrica de transmisión Parque Eólico Windpeshi – Subestación Cuestecitas</td>
</tr>
<tr>
<td>NUM_ACT_AD</td>
<td>01621</td>
</tr>
<tr bgcolor="#D4E4F3">
<td>FEC_ACT_AD</td>
<td>13/09/2021</td>
</tr>
<tr>
<td>ART_ACT_AD</td>
<td>Artículo Tercero, Númeral 2.</td>
</tr>
<tr bgcolor="#D4E4F3">
<td>VEREDA</td>
<td>Comunidad Kijotchon</td>
</tr>
<tr>
<td>MUNICIPIO</td>
<td>44430</td>
</tr>
<tr bgcolor="#D4E4F3">
<td>DEPTO</td>
<td>44</td>
</tr>
<tr>
<td>CAR</td>
<td>1021</td>
</tr>
<tr bgcolor="#D4E4F3">
<td>NOMBRE</td>
<td>O11</td>
</tr>
<tr>
<td>ID_OCU_CAU</td>
<td>O11</td>
</tr>
<tr bgcolor="#D4E4F3">
<td>NOM_C_AG</td>
<td>Arroyo Wampeshi</td>
</tr>
<tr>
<td>ESTADO_OC</td>
<td>2001</td>
</tr>
<tr bgcolor="#D4E4F3">
<td>MARGEN</td>
<td>2011</td>
</tr>
<tr>
<td>T_CAUDAL</td>
<td>2120</td>
</tr>
<tr bgcolor="#D4E4F3">
<td>T_FUE_SUP</td>
<td>2212</td>
</tr>
<tr>
<td>TIPO_OCUP</td>
<td>Construcción de alcantarilla</td>
</tr>
<tr bgcolor="#D4E4F3">
<td>ESPECIFIC</td>
<td>Tuberías prefabricadas, sobre una cama compuesta 
de material de grava y confinado en relleno con material seleccionado.</td>
</tr>
<tr>
<td>AH</td>
<td>1</td>
</tr>
<tr bgcolor="#D4E4F3">
<td>ZH</td>
<td>15</td>
</tr>
<tr>
<td>SZH</td>
<td>1508</td>
</tr>
<tr bgcolor="#D4E4F3">
<td>N_NV_SUB</td>
<td>&lt;Null&gt;</td>
</tr>
<tr>
<td>C_NV_SUB</td>
<td>&lt;Null&gt;</td>
</tr>
<tr bgcolor="#D4E4F3">
<td>N_MIC_CUE</td>
<td>Arroyo Wampeshi</td>
</tr>
<tr>
<td>C_MIC_CUE</td>
<td>&lt;Null&gt;</td>
</tr>
<tr bgcolor="#D4E4F3">
<td>OBSERV</td>
<td>La construcción de esta ocupación no ha dado inicio a la fecha de corte del presente informe. El proyecto se encuentra suspendido desde el 15 de octubre del 2022.</td>
</tr>
<tr>
<td>COTA</td>
<td>7,57121</td>
</tr>
<tr bgcolor="#D4E4F3">
<td>COOR_ESTE</td>
<td>5099766,1424</td>
</tr>
<tr>
<td>COOR_NORTE</td>
<td>2834289,5114</td>
</tr>
</table>
</td>
</tr>
</table>
</body><script type="text/javascript">
				function changeImage(attElement, nameElement) {
				document.getElementById('imageAttachment').src = attElement;
				document.getElementById('imageName').innerHTML = nameElement;}
			</script></html>
]]></description>
      <Point>
        <extrude>0</extrude><altitudeMode>clampToGround</altitudeMode>
        <coordinates> -72.0846948640071,11.54816390437943,0</coordinates>
      </Point>
    </Placemark>
    <Placemark id="ID_00011">
      <name>O12</name>
      <snippet></snippet>
      <description><![CDATA[<html xmlns:fo="http://www.w3.org/1999/XSL/Format" xmlns:msxsl="urn:schemas-microsoft-com:xslt">
<head>
<META http-equiv="Content-Type" content="text/html">
<meta http-equiv="content-type" content="text/html; charset=UTF-8">
</head>
<body style="margin:0px 0px 0px 0px;overflow:auto;background:#FFFFFF;">
<table style="font-family:Arial,Verdana,Times;font-size:12px;text-align:left;width:100%;border-collapse:collapse;padding:3px 3px 3px 3px">
<tr style="text-align:center;font-weight:bold;background:#9CBCE2">
<td>LAV0002-00-2021</td>
</tr>
<tr>
<td>
<table style="font-family:Arial,Verdana,Times;font-size:12px;text-align:left;width:100%;border-spacing:0px; padding:3px 3px 3px 3px">
<tr>
<td>SHAPE</td>
<td>Point</td>
</tr>
<tr bgcolor="#D4E4F3">
<td>EXPEDIENTE</td>
<td>LAV0002-00-2021</td>
</tr>
<tr>
<td>OPERADOR</td>
<td>WIND AUTOGENERACIÓN S.A.S.</td>
</tr>
<tr bgcolor="#D4E4F3">
<td>PROYECTO</td>
<td>Línea eléctrica de transmisión Parque Eólico Windpeshi – Subestación Cuestecitas</td>
</tr>
<tr>
<td>NUM_ACT_AD</td>
<td>01621</td>
</tr>
<tr bgcolor="#D4E4F3">
<td>FEC_ACT_AD</td>
<td>13/09/2021</td>
</tr>
<tr>
<td>ART_ACT_AD</td>
<td>Artículo Tercero, Númeral 2.</td>
</tr>
<tr bgcolor="#D4E4F3">
<td>VEREDA</td>
<td>Comunidad Kijotchon</td>
</tr>
<tr>
<td>MUNICIPIO</td>
<td>44430</td>
</tr>
<tr bgcolor="#D4E4F3">
<td>DEPTO</td>
<td>44</td>
</tr>
<tr>
<td>CAR</td>
<td>1021</td>
</tr>
<tr bgcolor="#D4E4F3">
<td>NOMBRE</td>
<td>O12</td>
</tr>
<tr>
<td>ID_OCU_CAU</td>
<td>O12</td>
</tr>
<tr bgcolor="#D4E4F3">
<td>NOM_C_AG</td>
<td>Arroyo Wampeshi</td>
</tr>
<tr>
<td>ESTADO_OC</td>
<td>2001</td>
</tr>
<tr bgcolor="#D4E4F3">
<td>MARGEN</td>
<td>2011</td>
</tr>
<tr>
<td>T_CAUDAL</td>
<td>2120</td>
</tr>
<tr bgcolor="#D4E4F3">
<td>T_FUE_SUP</td>
<td>2212</td>
</tr>
<tr>
<td>TIPO_OCUP</td>
<td>Construcción de alcantarilla</td>
</tr>
<tr bgcolor="#D4E4F3">
<td>ESPECIFIC</td>
<td>Tuberías prefabricadas, sobre una cama compuesta 
de material de grava y confinado en relleno con material seleccionado.</td>
</tr>
<tr>
<td>AH</td>
<td>1</td>
</tr>
<tr bgcolor="#D4E4F3">
<td>ZH</td>
<td>15</td>
</tr>
<tr>
<td>SZH</td>
<td>1508</td>
</tr>
<tr bgcolor="#D4E4F3">
<td>N_NV_SUB</td>
<td>&lt;Null&gt;</td>
</tr>
<tr>
<td>C_NV_SUB</td>
<td>&lt;Null&gt;</td>
</tr>
<tr bgcolor="#D4E4F3">
<td>N_MIC_CUE</td>
<td>Arroyo Wampeshi</td>
</tr>
<tr>
<td>C_MIC_CUE</td>
<td>&lt;Null&gt;</td>
</tr>
<tr bgcolor="#D4E4F3">
<td>OBSERV</td>
<td>La construcción de esta ocupación no ha dado inicio a la fecha de corte del presente informe. El proyecto se encuentra suspendido desde el 15 de octubre del 2022.</td>
</tr>
<tr>
<td>COTA</td>
<td>6,43918</td>
</tr>
<tr bgcolor="#D4E4F3">
<td>COOR_ESTE</td>
<td>5099687,6359</td>
</tr>
<tr>
<td>COOR_NORTE</td>
<td>2833852,5402</td>
</tr>
</table>
</td>
</tr>
</table>
</body><script type="text/javascript">
				function changeImage(attElement, nameElement) {
				document.getElementById('imageAttachment').src = attElement;
				document.getElementById('imageName').innerHTML = nameElement;}
			</script></html>
]]></description>
      <Point>
        <extrude>0</extrude><altitudeMode>clampToGround</altitudeMode>
        <coordinates> -72.08542786700615,11.54421327449582,0</coordinates>
      </Point>
    </Placemark>
    <Placemark id="ID_00012">
      <name>O13</name>
      <snippet></snippet>
      <description><![CDATA[<html xmlns:fo="http://www.w3.org/1999/XSL/Format" xmlns:msxsl="urn:schemas-microsoft-com:xslt">
<head>
<META http-equiv="Content-Type" content="text/html">
<meta http-equiv="content-type" content="text/html; charset=UTF-8">
</head>
<body style="margin:0px 0px 0px 0px;overflow:auto;background:#FFFFFF;">
<table style="font-family:Arial,Verdana,Times;font-size:12px;text-align:left;width:100%;border-collapse:collapse;padding:3px 3px 3px 3px">
<tr style="text-align:center;font-weight:bold;background:#9CBCE2">
<td>LAV0002-00-2021</td>
</tr>
<tr>
<td>
<table style="font-family:Arial,Verdana,Times;font-size:12px;text-align:left;width:100%;border-spacing:0px; padding:3px 3px 3px 3px">
<tr>
<td>SHAPE</td>
<td>Point</td>
</tr>
<tr bgcolor="#D4E4F3">
<td>EXPEDIENTE</td>
<td>LAV0002-00-2021</td>
</tr>
<tr>
<td>OPERADOR</td>
<td>WIND AUTOGENERACIÓN S.A.S.</td>
</tr>
<tr bgcolor="#D4E4F3">
<td>PROYECTO</td>
<td>Línea eléctrica de transmisión Parque Eólico Windpeshi – Subestación Cuestecitas</td>
</tr>
<tr>
<td>NUM_ACT_AD</td>
<td>01621</td>
</tr>
<tr bgcolor="#D4E4F3">
<td>FEC_ACT_AD</td>
<td>13/09/2021</td>
</tr>
<tr>
<td>ART_ACT_AD</td>
<td>Artículo Tercero, Númeral 2.</td>
</tr>
<tr bgcolor="#D4E4F3">
<td>VEREDA</td>
<td>Comunidad Kijotchon</td>
</tr>
<tr>
<td>MUNICIPIO</td>
<td>44430</td>
</tr>
<tr bgcolor="#D4E4F3">
<td>DEPTO</td>
<td>44</td>
</tr>
<tr>
<td>CAR</td>
<td>1021</td>
</tr>
<tr bgcolor="#D4E4F3">
<td>NOMBRE</td>
<td>O13</td>
</tr>
<tr>
<td>ID_OCU_CAU</td>
<td>O13</td>
</tr>
<tr bgcolor="#D4E4F3">
<td>NOM_C_AG</td>
<td>Arroyo Wampeshi</td>
</tr>
<tr>
<td>ESTADO_OC</td>
<td>2001</td>
</tr>
<tr bgcolor="#D4E4F3">
<td>MARGEN</td>
<td>2011</td>
</tr>
<tr>
<td>T_CAUDAL</td>
<td>2120</td>
</tr>
<tr bgcolor="#D4E4F3">
<td>T_FUE_SUP</td>
<td>2212</td>
</tr>
<tr>
<td>TIPO_OCUP</td>
<td>Construcción de alcantarilla</td>
</tr>
<tr bgcolor="#D4E4F3">
<td>ESPECIFIC</td>
<td>Tuberías prefabricadas, sobre una cama compuesta 
de material de grava y confinado en relleno con material seleccionado.</td>
</tr>
<tr>
<td>AH</td>
<td>1</td>
</tr>
<tr bgcolor="#D4E4F3">
<td>ZH</td>
<td>15</td>
</tr>
<tr>
<td>SZH</td>
<td>1508</td>
</tr>
<tr bgcolor="#D4E4F3">
<td>N_NV_SUB</td>
<td>&lt;Null&gt;</td>
</tr>
<tr>
<td>C_NV_SUB</td>
<td>&lt;Null&gt;</td>
</tr>
<tr bgcolor="#D4E4F3">
<td>N_MIC_CUE</td>
<td>Arroyo Wampeshi</td>
</tr>
<tr>
<td>C_MIC_CUE</td>
<td>&lt;Null&gt;</td>
</tr>
<tr bgcolor="#D4E4F3">
<td>OBSERV</td>
<td>La construcción de esta ocupación no ha dado inicio a la fecha de corte del presente informe. El proyecto se encuentra suspendido desde el 15 de octubre del 2022.</td>
</tr>
<tr>
<td>COTA</td>
<td>5,45209</td>
</tr>
<tr bgcolor="#D4E4F3">
<td>COOR_ESTE</td>
<td>5099633,4881</td>
</tr>
<tr>
<td>COOR_NORTE</td>
<td>2833765,2535</td>
</tr>
</table>
</td>
</tr>
</table>
</body><script type="text/javascript">
				function changeImage(attElement, nameElement) {
				document.getElementById('imageAttachment').src = attElement;
				document.getElementById('imageName').innerHTML = nameElement;}
			</script></html>
]]></description>
      <Point>
        <extrude>0</extrude><altitudeMode>clampToGround</altitudeMode>
        <coordinates> -72.08592715194924,11.54342523143456,0</coordinates>
      </Point>
    </Placemark>
    <Placemark id="ID_00013">
      <name>O14</name>
      <snippet></snippet>
      <description><![CDATA[<html xmlns:fo="http://www.w3.org/1999/XSL/Format" xmlns:msxsl="urn:schemas-microsoft-com:xslt">
<head>
<META http-equiv="Content-Type" content="text/html">
<meta http-equiv="content-type" content="text/html; charset=UTF-8">
</head>
<body style="margin:0px 0px 0px 0px;overflow:auto;background:#FFFFFF;">
<table style="font-family:Arial,Verdana,Times;font-size:12px;text-align:left;width:100%;border-collapse:collapse;padding:3px 3px 3px 3px">
<tr style="text-align:center;font-weight:bold;background:#9CBCE2">
<td>LAV0002-00-2021</td>
</tr>
<tr>
<td>
<table style="font-family:Arial,Verdana,Times;font-size:12px;text-align:left;width:100%;border-spacing:0px; padding:3px 3px 3px 3px">
<tr>
<td>SHAPE</td>
<td>Point</td>
</tr>
<tr bgcolor="#D4E4F3">
<td>EXPEDIENTE</td>
<td>LAV0002-00-2021</td>
</tr>
<tr>
<td>OPERADOR</td>
<td>WIND AUTOGENERACIÓN S.A.S.</td>
</tr>
<tr bgcolor="#D4E4F3">
<td>PROYECTO</td>
<td>Línea eléctrica de transmisión Parque Eólico Windpeshi – Subestación Cuestecitas</td>
</tr>
<tr>
<td>NUM_ACT_AD</td>
<td>01621</td>
</tr>
<tr bgcolor="#D4E4F3">
<td>FEC_ACT_AD</td>
<td>13/09/2021</td>
</tr>
<tr>
<td>ART_ACT_AD</td>
<td>Artículo Tercero, Númeral 2.</td>
</tr>
<tr bgcolor="#D4E4F3">
<td>VEREDA</td>
<td>Comunidad Pioureka</td>
</tr>
<tr>
<td>MUNICIPIO</td>
<td>44430</td>
</tr>
<tr bgcolor="#D4E4F3">
<td>DEPTO</td>
<td>44</td>
</tr>
<tr>
<td>CAR</td>
<td>1021</td>
</tr>
<tr bgcolor="#D4E4F3">
<td>NOMBRE</td>
<td>O14</td>
</tr>
<tr>
<td>ID_OCU_CAU</td>
<td>O14</td>
</tr>
<tr bgcolor="#D4E4F3">
<td>NOM_C_AG</td>
<td>Arroyo Wampeshi</td>
</tr>
<tr>
<td>ESTADO_OC</td>
<td>2001</td>
</tr>
<tr bgcolor="#D4E4F3">
<td>MARGEN</td>
<td>2011</td>
</tr>
<tr>
<td>T_CAUDAL</td>
<td>2120</td>
</tr>
<tr bgcolor="#D4E4F3">
<td>T_FUE_SUP</td>
<td>2212</td>
</tr>
<tr>
<td>TIPO_OCUP</td>
<td>Construcción de alcantarilla</td>
</tr>
<tr bgcolor="#D4E4F3">
<td>ESPECIFIC</td>
<td>Tuberías prefabricadas, sobre una cama compuesta 
de material de grava y confinado en relleno con material seleccionado.</td>
</tr>
<tr>
<td>AH</td>
<td>1</td>
</tr>
<tr bgcolor="#D4E4F3">
<td>ZH</td>
<td>15</td>
</tr>
<tr>
<td>SZH</td>
<td>1508</td>
</tr>
<tr bgcolor="#D4E4F3">
<td>N_NV_SUB</td>
<td>&lt;Null&gt;</td>
</tr>
<tr>
<td>C_NV_SUB</td>
<td>&lt;Null&gt;</td>
</tr>
<tr bgcolor="#D4E4F3">
<td>N_MIC_CUE</td>
<td>Arroyo Wampeshi</td>
</tr>
<tr>
<td>C_MIC_CUE</td>
<td>&lt;Null&gt;</td>
</tr>
<tr bgcolor="#D4E4F3">
<td>OBSERV</td>
<td>La construcción de esta ocupación no ha dado inicio a la fecha de corte del presente informe. El proyecto se encuentra suspendido desde el 15 de octubre del 2022.</td>
</tr>
<tr>
<td>COTA</td>
<td>3,68146</td>
</tr>
<tr bgcolor="#D4E4F3">
<td>COOR_ESTE</td>
<td>5099522,359</td>
</tr>
<tr>
<td>COOR_NORTE</td>
<td>2833723,9679</td>
</tr>
</table>
</td>
</tr>
</table>
</body><script type="text/javascript">
				function changeImage(attElement, nameElement) {
				document.getElementById('imageAttachment').src = attElement;
				document.getElementById('imageName').innerHTML = nameElement;}
			</script></html>
]]></description>
      <Point>
        <extrude>0</extrude><altitudeMode>clampToGround</altitudeMode>
        <coordinates> -72.08694780709895,11.54305496394838,0</coordinates>
      </Point>
    </Placemark>
    <Placemark id="ID_00014">
      <name>O15</name>
      <snippet></snippet>
      <description><![CDATA[<html xmlns:fo="http://www.w3.org/1999/XSL/Format" xmlns:msxsl="urn:schemas-microsoft-com:xslt">
<head>
<META http-equiv="Content-Type" content="text/html">
<meta http-equiv="content-type" content="text/html; charset=UTF-8">
</head>
<body style="margin:0px 0px 0px 0px;overflow:auto;background:#FFFFFF;">
<table style="font-family:Arial,Verdana,Times;font-size:12px;text-align:left;width:100%;border-collapse:collapse;padding:3px 3px 3px 3px">
<tr style="text-align:center;font-weight:bold;background:#9CBCE2">
<td>LAV0002-00-2021</td>
</tr>
<tr>
<td>
<table style="font-family:Arial,Verdana,Times;font-size:12px;text-align:left;width:100%;border-spacing:0px; padding:3px 3px 3px 3px">
<tr>
<td>SHAPE</td>
<td>Point</td>
</tr>
<tr bgcolor="#D4E4F3">
<td>EXPEDIENTE</td>
<td>LAV0002-00-2021</td>
</tr>
<tr>
<td>OPERADOR</td>
<td>WIND AUTOGENERACIÓN S.A.S.</td>
</tr>
<tr bgcolor="#D4E4F3">
<td>PROYECTO</td>
<td>Línea eléctrica de transmisión Parque Eólico Windpeshi – Subestación Cuestecitas</td>
</tr>
<tr>
<td>NUM_ACT_AD</td>
<td>01621</td>
</tr>
<tr bgcolor="#D4E4F3">
<td>FEC_ACT_AD</td>
<td>13/09/2021</td>
</tr>
<tr>
<td>ART_ACT_AD</td>
<td>Artículo Tercero, Númeral 2.</td>
</tr>
<tr bgcolor="#D4E4F3">
<td>VEREDA</td>
<td>Comunidad Pioureka</td>
</tr>
<tr>
<td>MUNICIPIO</td>
<td>44430</td>
</tr>
<tr bgcolor="#D4E4F3">
<td>DEPTO</td>
<td>44</td>
</tr>
<tr>
<td>CAR</td>
<td>1021</td>
</tr>
<tr bgcolor="#D4E4F3">
<td>NOMBRE</td>
<td>O15</td>
</tr>
<tr>
<td>ID_OCU_CAU</td>
<td>O15</td>
</tr>
<tr bgcolor="#D4E4F3">
<td>NOM_C_AG</td>
<td>Arroyo Wampeshi</td>
</tr>
<tr>
<td>ESTADO_OC</td>
<td>2001</td>
</tr>
<tr bgcolor="#D4E4F3">
<td>MARGEN</td>
<td>2011</td>
</tr>
<tr>
<td>T_CAUDAL</td>
<td>2120</td>
</tr>
<tr bgcolor="#D4E4F3">
<td>T_FUE_SUP</td>
<td>2212</td>
</tr>
<tr>
<td>TIPO_OCUP</td>
<td>Construcción de alcantarilla</td>
</tr>
<tr bgcolor="#D4E4F3">
<td>ESPECIFIC</td>
<td>Tuberías prefabricadas, sobre una cama compuesta 
de material de grava y confinado en relleno con material seleccionado.</td>
</tr>
<tr>
<td>AH</td>
<td>1</td>
</tr>
<tr bgcolor="#D4E4F3">
<td>ZH</td>
<td>15</td>
</tr>
<tr>
<td>SZH</td>
<td>1508</td>
</tr>
<tr bgcolor="#D4E4F3">
<td>N_NV_SUB</td>
<td>&lt;Null&gt;</td>
</tr>
<tr>
<td>C_NV_SUB</td>
<td>&lt;Null&gt;</td>
</tr>
<tr bgcolor="#D4E4F3">
<td>N_MIC_CUE</td>
<td>Arroyo Wampeshi</td>
</tr>
<tr>
<td>C_MIC_CUE</td>
<td>&lt;Null&gt;</td>
</tr>
<tr bgcolor="#D4E4F3">
<td>OBSERV</td>
<td>La construcción de esta ocupación no ha dado inicio a la fecha de corte del presente informe. El proyecto se encuentra suspendido desde el 15 de octubre del 2022.</td>
</tr>
<tr>
<td>COTA</td>
<td>2,14474</td>
</tr>
<tr bgcolor="#D4E4F3">
<td>COOR_ESTE</td>
<td>5099394,1258</td>
</tr>
<tr>
<td>COOR_NORTE</td>
<td>2833453,5071</td>
</tr>
</table>
</td>
</tr>
</table>
</body><script type="text/javascript">
				function changeImage(attElement, nameElement) {
				document.getElementById('imageAttachment').src = attElement;
				document.getElementById('imageName').innerHTML = nameElement;}
			</script></html>
]]></description>
      <Point>
        <extrude>0</extrude><altitudeMode>clampToGround</altitudeMode>
        <coordinates> -72.08813205968677,11.54061203350621,0</coordinates>
      </Point>
    </Placemark>
    <Placemark id="ID_00015">
      <name>O16</name>
      <snippet></snippet>
      <description><![CDATA[<html xmlns:fo="http://www.w3.org/1999/XSL/Format" xmlns:msxsl="urn:schemas-microsoft-com:xslt">
<head>
<META http-equiv="Content-Type" content="text/html">
<meta http-equiv="content-type" content="text/html; charset=UTF-8">
</head>
<body style="margin:0px 0px 0px 0px;overflow:auto;background:#FFFFFF;">
<table style="font-family:Arial,Verdana,Times;font-size:12px;text-align:left;width:100%;border-collapse:collapse;padding:3px 3px 3px 3px">
<tr style="text-align:center;font-weight:bold;background:#9CBCE2">
<td>LAV0002-00-2021</td>
</tr>
<tr>
<td>
<table style="font-family:Arial,Verdana,Times;font-size:12px;text-align:left;width:100%;border-spacing:0px; padding:3px 3px 3px 3px">
<tr>
<td>SHAPE</td>
<td>Point</td>
</tr>
<tr bgcolor="#D4E4F3">
<td>EXPEDIENTE</td>
<td>LAV0002-00-2021</td>
</tr>
<tr>
<td>OPERADOR</td>
<td>WIND AUTOGENERACIÓN S.A.S.</td>
</tr>
<tr bgcolor="#D4E4F3">
<td>PROYECTO</td>
<td>Línea eléctrica de transmisión Parque Eólico Windpeshi – Subestación Cuestecitas</td>
</tr>
<tr>
<td>NUM_ACT_AD</td>
<td>01621</td>
</tr>
<tr bgcolor="#D4E4F3">
<td>FEC_ACT_AD</td>
<td>13/09/2021</td>
</tr>
<tr>
<td>ART_ACT_AD</td>
<td>Artículo Tercero, Númeral 2.</td>
</tr>
<tr bgcolor="#D4E4F3">
<td>VEREDA</td>
<td>Comunidad Pioureka</td>
</tr>
<tr>
<td>MUNICIPIO</td>
<td>44430</td>
</tr>
<tr bgcolor="#D4E4F3">
<td>DEPTO</td>
<td>44</td>
</tr>
<tr>
<td>CAR</td>
<td>1021</td>
</tr>
<tr bgcolor="#D4E4F3">
<td>NOMBRE</td>
<td>O16</td>
</tr>
<tr>
<td>ID_OCU_CAU</td>
<td>O16</td>
</tr>
<tr bgcolor="#D4E4F3">
<td>NOM_C_AG</td>
<td>Arroyo Wampeshi</td>
</tr>
<tr>
<td>ESTADO_OC</td>
<td>2001</td>
</tr>
<tr bgcolor="#D4E4F3">
<td>MARGEN</td>
<td>2011</td>
</tr>
<tr>
<td>T_CAUDAL</td>
<td>2120</td>
</tr>
<tr bgcolor="#D4E4F3">
<td>T_FUE_SUP</td>
<td>2212</td>
</tr>
<tr>
<td>TIPO_OCUP</td>
<td>Construcción de alcantarilla</td>
</tr>
<tr bgcolor="#D4E4F3">
<td>ESPECIFIC</td>
<td>Tuberías prefabricadas, sobre una cama compuesta 
de material de grava y confinado en relleno con material seleccionado.</td>
</tr>
<tr>
<td>AH</td>
<td>1</td>
</tr>
<tr bgcolor="#D4E4F3">
<td>ZH</td>
<td>15</td>
</tr>
<tr>
<td>SZH</td>
<td>1508</td>
</tr>
<tr bgcolor="#D4E4F3">
<td>N_NV_SUB</td>
<td>&lt;Null&gt;</td>
</tr>
<tr>
<td>C_NV_SUB</td>
<td>&lt;Null&gt;</td>
</tr>
<tr bgcolor="#D4E4F3">
<td>N_MIC_CUE</td>
<td>Arroyo Wampeshi</td>
</tr>
<tr>
<td>C_MIC_CUE</td>
<td>&lt;Null&gt;</td>
</tr>
<tr bgcolor="#D4E4F3">
<td>OBSERV</td>
<td>La construcción de esta ocupación no ha dado inicio a la fecha de corte del presente informe. El proyecto se encuentra suspendido desde el 15 de octubre del 2022.</td>
</tr>
<tr>
<td>COTA</td>
<td>2,2793</td>
</tr>
<tr bgcolor="#D4E4F3">
<td>COOR_ESTE</td>
<td>5099410,5357</td>
</tr>
<tr>
<td>COOR_NORTE</td>
<td>2833352,4298</td>
</tr>
</table>
</td>
</tr>
</table>
</body><script type="text/javascript">
				function changeImage(attElement, nameElement) {
				document.getElementById('imageAttachment').src = attElement;
				document.getElementById('imageName').innerHTML = nameElement;}
			</script></html>
]]></description>
      <Point>
        <extrude>0</extrude><altitudeMode>clampToGround</altitudeMode>
        <coordinates> -72.08798447715813,11.5396972008507,0</coordinates>
      </Point>
    </Placemark>
    <Placemark id="ID_00016">
      <name>O17</name>
      <snippet></snippet>
      <description><![CDATA[<html xmlns:fo="http://www.w3.org/1999/XSL/Format" xmlns:msxsl="urn:schemas-microsoft-com:xslt">
<head>
<META http-equiv="Content-Type" content="text/html">
<meta http-equiv="content-type" content="text/html; charset=UTF-8">
</head>
<body style="margin:0px 0px 0px 0px;overflow:auto;background:#FFFFFF;">
<table style="font-family:Arial,Verdana,Times;font-size:12px;text-align:left;width:100%;border-collapse:collapse;padding:3px 3px 3px 3px">
<tr style="text-align:center;font-weight:bold;background:#9CBCE2">
<td>LAV0002-00-2021</td>
</tr>
<tr>
<td>
<table style="font-family:Arial,Verdana,Times;font-size:12px;text-align:left;width:100%;border-spacing:0px; padding:3px 3px 3px 3px">
<tr>
<td>SHAPE</td>
<td>Point</td>
</tr>
<tr bgcolor="#D4E4F3">
<td>EXPEDIENTE</td>
<td>LAV0002-00-2021</td>
</tr>
<tr>
<td>OPERADOR</td>
<td>WIND AUTOGENERACIÓN S.A.S.</td>
</tr>
<tr bgcolor="#D4E4F3">
<td>PROYECTO</td>
<td>Línea eléctrica de transmisión Parque Eólico Windpeshi – Subestación Cuestecitas</td>
</tr>
<tr>
<td>NUM_ACT_AD</td>
<td>01621</td>
</tr>
<tr bgcolor="#D4E4F3">
<td>FEC_ACT_AD</td>
<td>13/09/2021</td>
</tr>
<tr>
<td>ART_ACT_AD</td>
<td>Artículo Tercero, Númeral 2.</td>
</tr>
<tr bgcolor="#D4E4F3">
<td>VEREDA</td>
<td>Comunidad Pioureka</td>
</tr>
<tr>
<td>MUNICIPIO</td>
<td>44430</td>
</tr>
<tr bgcolor="#D4E4F3">
<td>DEPTO</td>
<td>44</td>
</tr>
<tr>
<td>CAR</td>
<td>1021</td>
</tr>
<tr bgcolor="#D4E4F3">
<td>NOMBRE</td>
<td>O17</td>
</tr>
<tr>
<td>ID_OCU_CAU</td>
<td>O17</td>
</tr>
<tr bgcolor="#D4E4F3">
<td>NOM_C_AG</td>
<td>Arroyo Wampeshi</td>
</tr>
<tr>
<td>ESTADO_OC</td>
<td>2001</td>
</tr>
<tr bgcolor="#D4E4F3">
<td>MARGEN</td>
<td>2011</td>
</tr>
<tr>
<td>T_CAUDAL</td>
<td>2120</td>
</tr>
<tr bgcolor="#D4E4F3">
<td>T_FUE_SUP</td>
<td>2212</td>
</tr>
<tr>
<td>TIPO_OCUP</td>
<td>Construcción de alcantarilla</td>
</tr>
<tr bgcolor="#D4E4F3">
<td>ESPECIFIC</td>
<td>Tuberías prefabricadas, sobre una cama compuesta 
de material de grava y confinado en relleno con material seleccionado.</td>
</tr>
<tr>
<td>AH</td>
<td>1</td>
</tr>
<tr bgcolor="#D4E4F3">
<td>ZH</td>
<td>15</td>
</tr>
<tr>
<td>SZH</td>
<td>1508</td>
</tr>
<tr bgcolor="#D4E4F3">
<td>N_NV_SUB</td>
<td>&lt;Null&gt;</td>
</tr>
<tr>
<td>C_NV_SUB</td>
<td>&lt;Null&gt;</td>
</tr>
<tr bgcolor="#D4E4F3">
<td>N_MIC_CUE</td>
<td>Arroyo Wampeshi</td>
</tr>
<tr>
<td>C_MIC_CUE</td>
<td>&lt;Null&gt;</td>
</tr>
<tr bgcolor="#D4E4F3">
<td>OBSERV</td>
<td>La construcción de esta ocupación no ha dado inicio a la fecha de corte del presente informe. El proyecto se encuentra suspendido desde el 15 de octubre del 2022.</td>
</tr>
<tr>
<td>COTA</td>
<td>6,40936</td>
</tr>
<tr bgcolor="#D4E4F3">
<td>COOR_ESTE</td>
<td>5099431,1973</td>
</tr>
<tr>
<td>COOR_NORTE</td>
<td>2833307,1311</td>
</tr>
</table>
</td>
</tr>
</table>
</body><script type="text/javascript">
				function changeImage(attElement, nameElement) {
				document.getElementById('imageAttachment').src = attElement;
				document.getElementById('imageName').innerHTML = nameElement;}
			</script></html>
]]></description>
      <Point>
        <extrude>0</extrude><altitudeMode>clampToGround</altitudeMode>
        <coordinates> -72.08779626313091,11.53928682696118,0</coordinates>
      </Point>
    </Placemark>
    <Placemark id="ID_00017">
      <name>O18</name>
      <snippet></snippet>
      <description><![CDATA[<html xmlns:fo="http://www.w3.org/1999/XSL/Format" xmlns:msxsl="urn:schemas-microsoft-com:xslt">
<head>
<META http-equiv="Content-Type" content="text/html">
<meta http-equiv="content-type" content="text/html; charset=UTF-8">
</head>
<body style="margin:0px 0px 0px 0px;overflow:auto;background:#FFFFFF;">
<table style="font-family:Arial,Verdana,Times;font-size:12px;text-align:left;width:100%;border-collapse:collapse;padding:3px 3px 3px 3px">
<tr style="text-align:center;font-weight:bold;background:#9CBCE2">
<td>LAV0002-00-2021</td>
</tr>
<tr>
<td>
<table style="font-family:Arial,Verdana,Times;font-size:12px;text-align:left;width:100%;border-spacing:0px; padding:3px 3px 3px 3px">
<tr>
<td>SHAPE</td>
<td>Point</td>
</tr>
<tr bgcolor="#D4E4F3">
<td>EXPEDIENTE</td>
<td>LAV0002-00-2021</td>
</tr>
<tr>
<td>OPERADOR</td>
<td>WIND AUTOGENERACIÓN S.A.S.</td>
</tr>
<tr bgcolor="#D4E4F3">
<td>PROYECTO</td>
<td>Línea eléctrica de transmisión Parque Eólico Windpeshi – Subestación Cuestecitas</td>
</tr>
<tr>
<td>NUM_ACT_AD</td>
<td>01621</td>
</tr>
<tr bgcolor="#D4E4F3">
<td>FEC_ACT_AD</td>
<td>13/09/2021</td>
</tr>
<tr>
<td>ART_ACT_AD</td>
<td>Artículo Tercero, Númeral 2.</td>
</tr>
<tr bgcolor="#D4E4F3">
<td>VEREDA</td>
<td>Comunidad Pioureka</td>
</tr>
<tr>
<td>MUNICIPIO</td>
<td>44430</td>
</tr>
<tr bgcolor="#D4E4F3">
<td>DEPTO</td>
<td>44</td>
</tr>
<tr>
<td>CAR</td>
<td>1021</td>
</tr>
<tr bgcolor="#D4E4F3">
<td>NOMBRE</td>
<td>O18</td>
</tr>
<tr>
<td>ID_OCU_CAU</td>
<td>O18</td>
</tr>
<tr bgcolor="#D4E4F3">
<td>NOM_C_AG</td>
<td>Arroyo Wampeshi</td>
</tr>
<tr>
<td>ESTADO_OC</td>
<td>2001</td>
</tr>
<tr bgcolor="#D4E4F3">
<td>MARGEN</td>
<td>2011</td>
</tr>
<tr>
<td>T_CAUDAL</td>
<td>2120</td>
</tr>
<tr bgcolor="#D4E4F3">
<td>T_FUE_SUP</td>
<td>2212</td>
</tr>
<tr>
<td>TIPO_OCUP</td>
<td>Construcción de alcantarilla</td>
</tr>
<tr bgcolor="#D4E4F3">
<td>ESPECIFIC</td>
<td>Tuberías prefabricadas, sobre una cama compuesta 
de material de grava y confinado en relleno con material seleccionado.</td>
</tr>
<tr>
<td>AH</td>
<td>1</td>
</tr>
<tr bgcolor="#D4E4F3">
<td>ZH</td>
<td>15</td>
</tr>
<tr>
<td>SZH</td>
<td>1508</td>
</tr>
<tr bgcolor="#D4E4F3">
<td>N_NV_SUB</td>
<td>&lt;Null&gt;</td>
</tr>
<tr>
<td>C_NV_SUB</td>
<td>&lt;Null&gt;</td>
</tr>
<tr bgcolor="#D4E4F3">
<td>N_MIC_CUE</td>
<td>Arroyo Wampeshi</td>
</tr>
<tr>
<td>C_MIC_CUE</td>
<td>&lt;Null&gt;</td>
</tr>
<tr bgcolor="#D4E4F3">
<td>OBSERV</td>
<td>La construcción de esta ocupación no ha dado inicio a la fecha de corte del presente informe. El proyecto se encuentra suspendido desde el 15 de octubre del 2022.</td>
</tr>
<tr>
<td>COTA</td>
<td>13,7538</td>
</tr>
<tr bgcolor="#D4E4F3">
<td>COOR_ESTE</td>
<td>5097571,559</td>
</tr>
<tr>
<td>COOR_NORTE</td>
<td>2831856,2499</td>
</tr>
</table>
</td>
</tr>
</table>
</body><script type="text/javascript">
				function changeImage(attElement, nameElement) {
				document.getElementById('imageAttachment').src = attElement;
				document.getElementById('imageName').innerHTML = nameElement;}
			</script></html>
]]></description>
      <Point>
        <extrude>0</extrude><altitudeMode>clampToGround</altitudeMode>
        <coordinates> -72.10489710338263,11.52621495772819,0</coordinates>
      </Point>
    </Placemark>
    <Placemark id="ID_00018">
      <name>O19</name>
      <snippet></snippet>
      <description><![CDATA[<html xmlns:fo="http://www.w3.org/1999/XSL/Format" xmlns:msxsl="urn:schemas-microsoft-com:xslt">
<head>
<META http-equiv="Content-Type" content="text/html">
<meta http-equiv="content-type" content="text/html; charset=UTF-8">
</head>
<body style="margin:0px 0px 0px 0px;overflow:auto;background:#FFFFFF;">
<table style="font-family:Arial,Verdana,Times;font-size:12px;text-align:left;width:100%;border-collapse:collapse;padding:3px 3px 3px 3px">
<tr style="text-align:center;font-weight:bold;background:#9CBCE2">
<td>LAV0002-00-2021</td>
</tr>
<tr>
<td>
<table style="font-family:Arial,Verdana,Times;font-size:12px;text-align:left;width:100%;border-spacing:0px; padding:3px 3px 3px 3px">
<tr>
<td>SHAPE</td>
<td>Point</td>
</tr>
<tr bgcolor="#D4E4F3">
<td>EXPEDIENTE</td>
<td>LAV0002-00-2021</td>
</tr>
<tr>
<td>OPERADOR</td>
<td>WIND AUTOGENERACIÓN S.A.S.</td>
</tr>
<tr bgcolor="#D4E4F3">
<td>PROYECTO</td>
<td>Línea eléctrica de transmisión Parque Eólico Windpeshi – Subestación Cuestecitas</td>
</tr>
<tr>
<td>NUM_ACT_AD</td>
<td>01621</td>
</tr>
<tr bgcolor="#D4E4F3">
<td>FEC_ACT_AD</td>
<td>13/09/2021</td>
</tr>
<tr>
<td>ART_ACT_AD</td>
<td>Artículo Tercero, Númeral 2.</td>
</tr>
<tr bgcolor="#D4E4F3">
<td>VEREDA</td>
<td>Comunidad Pioureka</td>
</tr>
<tr>
<td>MUNICIPIO</td>
<td>44430</td>
</tr>
<tr bgcolor="#D4E4F3">
<td>DEPTO</td>
<td>44</td>
</tr>
<tr>
<td>CAR</td>
<td>1021</td>
</tr>
<tr bgcolor="#D4E4F3">
<td>NOMBRE</td>
<td>O19</td>
</tr>
<tr>
<td>ID_OCU_CAU</td>
<td>O19</td>
</tr>
<tr bgcolor="#D4E4F3">
<td>NOM_C_AG</td>
<td>Arroyo Wampeshi</td>
</tr>
<tr>
<td>ESTADO_OC</td>
<td>2001</td>
</tr>
<tr bgcolor="#D4E4F3">
<td>MARGEN</td>
<td>2011</td>
</tr>
<tr>
<td>T_CAUDAL</td>
<td>2120</td>
</tr>
<tr bgcolor="#D4E4F3">
<td>T_FUE_SUP</td>
<td>2212</td>
</tr>
<tr>
<td>TIPO_OCUP</td>
<td>Construcción de alcantarilla</td>
</tr>
<tr bgcolor="#D4E4F3">
<td>ESPECIFIC</td>
<td>Tuberías prefabricadas, sobre una cama compuesta 
de material de grava y confinado en relleno con material seleccionado.</td>
</tr>
<tr>
<td>AH</td>
<td>1</td>
</tr>
<tr bgcolor="#D4E4F3">
<td>ZH</td>
<td>15</td>
</tr>
<tr>
<td>SZH</td>
<td>1508</td>
</tr>
<tr bgcolor="#D4E4F3">
<td>N_NV_SUB</td>
<td>&lt;Null&gt;</td>
</tr>
<tr>
<td>C_NV_SUB</td>
<td>&lt;Null&gt;</td>
</tr>
<tr bgcolor="#D4E4F3">
<td>N_MIC_CUE</td>
<td>Arroyo Wampeshi</td>
</tr>
<tr>
<td>C_MIC_CUE</td>
<td>&lt;Null&gt;</td>
</tr>
<tr bgcolor="#D4E4F3">
<td>OBSERV</td>
<td>La construcción de esta ocupación no ha dado inicio a la fecha de corte del presente informe. El proyecto se encuentra suspendido desde el 15 de octubre del 2022.</td>
</tr>
<tr>
<td>COTA</td>
<td>11</td>
</tr>
<tr bgcolor="#D4E4F3">
<td>COOR_ESTE</td>
<td>5096840,3675</td>
</tr>
<tr>
<td>COOR_NORTE</td>
<td>2831406,6314</td>
</tr>
</table>
</td>
</tr>
</table>
</body><script type="text/javascript">
				function changeImage(attElement, nameElement) {
				document.getElementById('imageAttachment').src = attElement;
				document.getElementById('imageName').innerHTML = nameElement;}
			</script></html>
]]></description>
      <Point>
        <extrude>0</extrude><altitudeMode>clampToGround</altitudeMode>
        <coordinates> -72.11161712737524,11.52216818495326,0</coordinates>
      </Point>
    </Placemark>
    <Placemark id="ID_00019">
      <name>O20</name>
      <snippet></snippet>
      <description><![CDATA[<html xmlns:fo="http://www.w3.org/1999/XSL/Format" xmlns:msxsl="urn:schemas-microsoft-com:xslt">
<head>
<META http-equiv="Content-Type" content="text/html">
<meta http-equiv="content-type" content="text/html; charset=UTF-8">
</head>
<body style="margin:0px 0px 0px 0px;overflow:auto;background:#FFFFFF;">
<table style="font-family:Arial,Verdana,Times;font-size:12px;text-align:left;width:100%;border-collapse:collapse;padding:3px 3px 3px 3px">
<tr style="text-align:center;font-weight:bold;background:#9CBCE2">
<td>LAV0002-00-2021</td>
</tr>
<tr>
<td>
<table style="font-family:Arial,Verdana,Times;font-size:12px;text-align:left;width:100%;border-spacing:0px; padding:3px 3px 3px 3px">
<tr>
<td>SHAPE</td>
<td>Point</td>
</tr>
<tr bgcolor="#D4E4F3">
<td>EXPEDIENTE</td>
<td>LAV0002-00-2021</td>
</tr>
<tr>
<td>OPERADOR</td>
<td>WIND AUTOGENERACIÓN S.A.S.</td>
</tr>
<tr bgcolor="#D4E4F3">
<td>PROYECTO</td>
<td>Línea eléctrica de transmisión Parque Eólico Windpeshi – Subestación Cuestecitas</td>
</tr>
<tr>
<td>NUM_ACT_AD</td>
<td>01621</td>
</tr>
<tr bgcolor="#D4E4F3">
<td>FEC_ACT_AD</td>
<td>13/09/2021</td>
</tr>
<tr>
<td>ART_ACT_AD</td>
<td>Artículo Tercero, Númeral 2.</td>
</tr>
<tr bgcolor="#D4E4F3">
<td>VEREDA</td>
<td>Comunidad Sirruma</td>
</tr>
<tr>
<td>MUNICIPIO</td>
<td>44430</td>
</tr>
<tr bgcolor="#D4E4F3">
<td>DEPTO</td>
<td>44</td>
</tr>
<tr>
<td>CAR</td>
<td>1021</td>
</tr>
<tr bgcolor="#D4E4F3">
<td>NOMBRE</td>
<td>O20</td>
</tr>
<tr>
<td>ID_OCU_CAU</td>
<td>O20</td>
</tr>
<tr bgcolor="#D4E4F3">
<td>NOM_C_AG</td>
<td>Arroyo Wampeshi</td>
</tr>
<tr>
<td>ESTADO_OC</td>
<td>2001</td>
</tr>
<tr bgcolor="#D4E4F3">
<td>MARGEN</td>
<td>2011</td>
</tr>
<tr>
<td>T_CAUDAL</td>
<td>2120</td>
</tr>
<tr bgcolor="#D4E4F3">
<td>T_FUE_SUP</td>
<td>2212</td>
</tr>
<tr>
<td>TIPO_OCUP</td>
<td>Construcción de alcantarilla</td>
</tr>
<tr bgcolor="#D4E4F3">
<td>ESPECIFIC</td>
<td>Tuberías prefabricadas, sobre una cama compuesta 
de material de grava y confinado en relleno con material seleccionado.</td>
</tr>
<tr>
<td>AH</td>
<td>1</td>
</tr>
<tr bgcolor="#D4E4F3">
<td>ZH</td>
<td>15</td>
</tr>
<tr>
<td>SZH</td>
<td>1508</td>
</tr>
<tr bgcolor="#D4E4F3">
<td>N_NV_SUB</td>
<td>&lt;Null&gt;</td>
</tr>
<tr>
<td>C_NV_SUB</td>
<td>&lt;Null&gt;</td>
</tr>
<tr bgcolor="#D4E4F3">
<td>N_MIC_CUE</td>
<td>Arroyo Wampeshi</td>
</tr>
<tr>
<td>C_MIC_CUE</td>
<td>&lt;Null&gt;</td>
</tr>
<tr bgcolor="#D4E4F3">
<td>OBSERV</td>
<td>La construcción de esta ocupación no ha dado inicio a la fecha de corte del presente informe. El proyecto se encuentra suspendido desde el 15 de octubre del 2022.</td>
</tr>
<tr>
<td>COTA</td>
<td>15</td>
</tr>
<tr bgcolor="#D4E4F3">
<td>COOR_ESTE</td>
<td>5096820,9928</td>
</tr>
<tr>
<td>COOR_NORTE</td>
<td>2831055,771</td>
</tr>
</table>
</td>
</tr>
</table>
</body><script type="text/javascript">
				function changeImage(attElement, nameElement) {
				document.getElementById('imageAttachment').src = attElement;
				document.getElementById('imageName').innerHTML = nameElement;}
			</script></html>
]]></description>
      <Point>
        <extrude>0</extrude><altitudeMode>clampToGround</altitudeMode>
        <coordinates> -72.111804815005,11.51899476856255,0</coordinates>
      </Point>
    </Placemark>
    <Placemark id="ID_00020">
      <name>O21</name>
      <snippet></snippet>
      <description><![CDATA[<html xmlns:fo="http://www.w3.org/1999/XSL/Format" xmlns:msxsl="urn:schemas-microsoft-com:xslt">
<head>
<META http-equiv="Content-Type" content="text/html">
<meta http-equiv="content-type" content="text/html; charset=UTF-8">
</head>
<body style="margin:0px 0px 0px 0px;overflow:auto;background:#FFFFFF;">
<table style="font-family:Arial,Verdana,Times;font-size:12px;text-align:left;width:100%;border-collapse:collapse;padding:3px 3px 3px 3px">
<tr style="text-align:center;font-weight:bold;background:#9CBCE2">
<td>LAV0002-00-2021</td>
</tr>
<tr>
<td>
<table style="font-family:Arial,Verdana,Times;font-size:12px;text-align:left;width:100%;border-spacing:0px; padding:3px 3px 3px 3px">
<tr>
<td>SHAPE</td>
<td>Point</td>
</tr>
<tr bgcolor="#D4E4F3">
<td>EXPEDIENTE</td>
<td>LAV0002-00-2021</td>
</tr>
<tr>
<td>OPERADOR</td>
<td>WIND AUTOGENERACIÓN S.A.S.</td>
</tr>
<tr bgcolor="#D4E4F3">
<td>PROYECTO</td>
<td>Línea eléctrica de transmisión Parque Eólico Windpeshi – Subestación Cuestecitas</td>
</tr>
<tr>
<td>NUM_ACT_AD</td>
<td>01621</td>
</tr>
<tr bgcolor="#D4E4F3">
<td>FEC_ACT_AD</td>
<td>13/09/2021</td>
</tr>
<tr>
<td>ART_ACT_AD</td>
<td>Artículo Tercero, Númeral 2.</td>
</tr>
<tr bgcolor="#D4E4F3">
<td>VEREDA</td>
<td>Comunidad Sirruma</td>
</tr>
<tr>
<td>MUNICIPIO</td>
<td>44430</td>
</tr>
<tr bgcolor="#D4E4F3">
<td>DEPTO</td>
<td>44</td>
</tr>
<tr>
<td>CAR</td>
<td>1021</td>
</tr>
<tr bgcolor="#D4E4F3">
<td>NOMBRE</td>
<td>O21</td>
</tr>
<tr>
<td>ID_OCU_CAU</td>
<td>O21</td>
</tr>
<tr bgcolor="#D4E4F3">
<td>NOM_C_AG</td>
<td>Arroyo Wampeshi</td>
</tr>
<tr>
<td>ESTADO_OC</td>
<td>2001</td>
</tr>
<tr bgcolor="#D4E4F3">
<td>MARGEN</td>
<td>2011</td>
</tr>
<tr>
<td>T_CAUDAL</td>
<td>2120</td>
</tr>
<tr bgcolor="#D4E4F3">
<td>T_FUE_SUP</td>
<td>2212</td>
</tr>
<tr>
<td>TIPO_OCUP</td>
<td>Construcción de alcantarilla</td>
</tr>
<tr bgcolor="#D4E4F3">
<td>ESPECIFIC</td>
<td>Tuberías prefabricadas, sobre una cama compuesta 
de material de grava y confinado en relleno con material seleccionado.</td>
</tr>
<tr>
<td>AH</td>
<td>1</td>
</tr>
<tr bgcolor="#D4E4F3">
<td>ZH</td>
<td>15</td>
</tr>
<tr>
<td>SZH</td>
<td>1508</td>
</tr>
<tr bgcolor="#D4E4F3">
<td>N_NV_SUB</td>
<td>&lt;Null&gt;</td>
</tr>
<tr>
<td>C_NV_SUB</td>
<td>&lt;Null&gt;</td>
</tr>
<tr bgcolor="#D4E4F3">
<td>N_MIC_CUE</td>
<td>Arroyo Wampeshi</td>
</tr>
<tr>
<td>C_MIC_CUE</td>
<td>&lt;Null&gt;</td>
</tr>
<tr bgcolor="#D4E4F3">
<td>OBSERV</td>
<td>La construcción de esta ocupación no ha dado inicio a la fecha de corte del presente informe. El proyecto se encuentra suspendido desde el 15 de octubre del 2022.</td>
</tr>
<tr>
<td>COTA</td>
<td>3,46114</td>
</tr>
<tr bgcolor="#D4E4F3">
<td>COOR_ESTE</td>
<td>5096757,5548</td>
</tr>
<tr>
<td>COOR_NORTE</td>
<td>2829931,9319</td>
</tr>
</table>
</td>
</tr>
</table>
</body><script type="text/javascript">
				function changeImage(attElement, nameElement) {
				document.getElementById('imageAttachment').src = attElement;
				document.getElementById('imageName').innerHTML = nameElement;}
			</script></html>
]]></description>
      <Point>
        <extrude>0</extrude><altitudeMode>clampToGround</altitudeMode>
        <coordinates> -72.11241859862561,11.50883004628474,0</coordinates>
      </Point>
    </Placemark>
    <Placemark id="ID_00021">
      <name>O22</name>
      <snippet></snippet>
      <description><![CDATA[<html xmlns:fo="http://www.w3.org/1999/XSL/Format" xmlns:msxsl="urn:schemas-microsoft-com:xslt">
<head>
<META http-equiv="Content-Type" content="text/html">
<meta http-equiv="content-type" content="text/html; charset=UTF-8">
</head>
<body style="margin:0px 0px 0px 0px;overflow:auto;background:#FFFFFF;">
<table style="font-family:Arial,Verdana,Times;font-size:12px;text-align:left;width:100%;border-collapse:collapse;padding:3px 3px 3px 3px">
<tr style="text-align:center;font-weight:bold;background:#9CBCE2">
<td>LAV0002-00-2021</td>
</tr>
<tr>
<td>
<table style="font-family:Arial,Verdana,Times;font-size:12px;text-align:left;width:100%;border-spacing:0px; padding:3px 3px 3px 3px">
<tr>
<td>SHAPE</td>
<td>Point</td>
</tr>
<tr bgcolor="#D4E4F3">
<td>EXPEDIENTE</td>
<td>LAV0002-00-2021</td>
</tr>
<tr>
<td>OPERADOR</td>
<td>WIND AUTOGENERACIÓN S.A.S.</td>
</tr>
<tr bgcolor="#D4E4F3">
<td>PROYECTO</td>
<td>Línea eléctrica de transmisión Parque Eólico Windpeshi – Subestación Cuestecitas</td>
</tr>
<tr>
<td>NUM_ACT_AD</td>
<td>01621</td>
</tr>
<tr bgcolor="#D4E4F3">
<td>FEC_ACT_AD</td>
<td>13/09/2021</td>
</tr>
<tr>
<td>ART_ACT_AD</td>
<td>Artículo Tercero, Númeral 2.</td>
</tr>
<tr bgcolor="#D4E4F3">
<td>VEREDA</td>
<td>Comunidad Sirruma</td>
</tr>
<tr>
<td>MUNICIPIO</td>
<td>44430</td>
</tr>
<tr bgcolor="#D4E4F3">
<td>DEPTO</td>
<td>44</td>
</tr>
<tr>
<td>CAR</td>
<td>1021</td>
</tr>
<tr bgcolor="#D4E4F3">
<td>NOMBRE</td>
<td>O22</td>
</tr>
<tr>
<td>ID_OCU_CAU</td>
<td>O22</td>
</tr>
<tr bgcolor="#D4E4F3">
<td>NOM_C_AG</td>
<td>Arroyo Wampeshi</td>
</tr>
<tr>
<td>ESTADO_OC</td>
<td>2001</td>
</tr>
<tr bgcolor="#D4E4F3">
<td>MARGEN</td>
<td>2011</td>
</tr>
<tr>
<td>T_CAUDAL</td>
<td>2120</td>
</tr>
<tr bgcolor="#D4E4F3">
<td>T_FUE_SUP</td>
<td>2212</td>
</tr>
<tr>
<td>TIPO_OCUP</td>
<td>Construcción de alcantarilla</td>
</tr>
<tr bgcolor="#D4E4F3">
<td>ESPECIFIC</td>
<td>Tuberías prefabricadas, sobre una cama compuesta 
de material de grava y confinado en relleno con material seleccionado.</td>
</tr>
<tr>
<td>AH</td>
<td>1</td>
</tr>
<tr bgcolor="#D4E4F3">
<td>ZH</td>
<td>15</td>
</tr>
<tr>
<td>SZH</td>
<td>1508</td>
</tr>
<tr bgcolor="#D4E4F3">
<td>N_NV_SUB</td>
<td>&lt;Null&gt;</td>
</tr>
<tr>
<td>C_NV_SUB</td>
<td>&lt;Null&gt;</td>
</tr>
<tr bgcolor="#D4E4F3">
<td>N_MIC_CUE</td>
<td>Arroyo Wampeshi</td>
</tr>
<tr>
<td>C_MIC_CUE</td>
<td>&lt;Null&gt;</td>
</tr>
<tr bgcolor="#D4E4F3">
<td>OBSERV</td>
<td>La construcción de esta ocupación no ha dado inicio a la fecha de corte del presente informe. El proyecto se encuentra suspendido desde el 15 de octubre del 2022.</td>
</tr>
<tr>
<td>COTA</td>
<td>3,36543</td>
</tr>
<tr bgcolor="#D4E4F3">
<td>COOR_ESTE</td>
<td>5096754,781</td>
</tr>
<tr>
<td>COOR_NORTE</td>
<td>2829881,3518</td>
</tr>
</table>
</td>
</tr>
</table>
</body><script type="text/javascript">
				function changeImage(attElement, nameElement) {
				document.getElementById('imageAttachment').src = attElement;
				document.getElementById('imageName').innerHTML = nameElement;}
			</script></html>
]]></description>
      <Point>
        <extrude>0</extrude><altitudeMode>clampToGround</altitudeMode>
        <coordinates> -72.11244547526523,11.50837256484449,0</coordinates>
      </Point>
    </Placemark>
    <Placemark id="ID_00022">
      <name>O23</name>
      <snippet></snippet>
      <description><![CDATA[<html xmlns:fo="http://www.w3.org/1999/XSL/Format" xmlns:msxsl="urn:schemas-microsoft-com:xslt">
<head>
<META http-equiv="Content-Type" content="text/html">
<meta http-equiv="content-type" content="text/html; charset=UTF-8">
</head>
<body style="margin:0px 0px 0px 0px;overflow:auto;background:#FFFFFF;">
<table style="font-family:Arial,Verdana,Times;font-size:12px;text-align:left;width:100%;border-collapse:collapse;padding:3px 3px 3px 3px">
<tr style="text-align:center;font-weight:bold;background:#9CBCE2">
<td>LAV0002-00-2021</td>
</tr>
<tr>
<td>
<table style="font-family:Arial,Verdana,Times;font-size:12px;text-align:left;width:100%;border-spacing:0px; padding:3px 3px 3px 3px">
<tr>
<td>SHAPE</td>
<td>Point</td>
</tr>
<tr bgcolor="#D4E4F3">
<td>EXPEDIENTE</td>
<td>LAV0002-00-2021</td>
</tr>
<tr>
<td>OPERADOR</td>
<td>WIND AUTOGENERACIÓN S.A.S.</td>
</tr>
<tr bgcolor="#D4E4F3">
<td>PROYECTO</td>
<td>Línea eléctrica de transmisión Parque Eólico Windpeshi – Subestación Cuestecitas</td>
</tr>
<tr>
<td>NUM_ACT_AD</td>
<td>01621</td>
</tr>
<tr bgcolor="#D4E4F3">
<td>FEC_ACT_AD</td>
<td>13/09/2021</td>
</tr>
<tr>
<td>ART_ACT_AD</td>
<td>Artículo Tercero, Númeral 2.</td>
</tr>
<tr bgcolor="#D4E4F3">
<td>VEREDA</td>
<td>Comunidad Sirruma</td>
</tr>
<tr>
<td>MUNICIPIO</td>
<td>44430</td>
</tr>
<tr bgcolor="#D4E4F3">
<td>DEPTO</td>
<td>44</td>
</tr>
<tr>
<td>CAR</td>
<td>1021</td>
</tr>
<tr bgcolor="#D4E4F3">
<td>NOMBRE</td>
<td>O23</td>
</tr>
<tr>
<td>ID_OCU_CAU</td>
<td>O23</td>
</tr>
<tr bgcolor="#D4E4F3">
<td>NOM_C_AG</td>
<td>Arroyo Wampeshi</td>
</tr>
<tr>
<td>ESTADO_OC</td>
<td>2001</td>
</tr>
<tr bgcolor="#D4E4F3">
<td>MARGEN</td>
<td>2011</td>
</tr>
<tr>
<td>T_CAUDAL</td>
<td>2120</td>
</tr>
<tr bgcolor="#D4E4F3">
<td>T_FUE_SUP</td>
<td>2212</td>
</tr>
<tr>
<td>TIPO_OCUP</td>
<td>Construcción de alcantarilla</td>
</tr>
<tr bgcolor="#D4E4F3">
<td>ESPECIFIC</td>
<td>Tuberías prefabricadas, sobre una cama compuesta 
de material de grava y confinado en relleno con material seleccionado.</td>
</tr>
<tr>
<td>AH</td>
<td>1</td>
</tr>
<tr bgcolor="#D4E4F3">
<td>ZH</td>
<td>15</td>
</tr>
<tr>
<td>SZH</td>
<td>1508</td>
</tr>
<tr bgcolor="#D4E4F3">
<td>N_NV_SUB</td>
<td>&lt;Null&gt;</td>
</tr>
<tr>
<td>C_NV_SUB</td>
<td>&lt;Null&gt;</td>
</tr>
<tr bgcolor="#D4E4F3">
<td>N_MIC_CUE</td>
<td>Arroyo Wampeshi</td>
</tr>
<tr>
<td>C_MIC_CUE</td>
<td>&lt;Null&gt;</td>
</tr>
<tr bgcolor="#D4E4F3">
<td>OBSERV</td>
<td>La construcción de esta ocupación no ha dado inicio a la fecha de corte del presente informe. El proyecto se encuentra suspendido desde el 15 de octubre del 2022.</td>
</tr>
<tr>
<td>COTA</td>
<td>14,7971</td>
</tr>
<tr bgcolor="#D4E4F3">
<td>COOR_ESTE</td>
<td>5096677,8488</td>
</tr>
<tr>
<td>COOR_NORTE</td>
<td>2828478,9519</td>
</tr>
</table>
</td>
</tr>
</table>
</body><script type="text/javascript">
				function changeImage(attElement, nameElement) {
				document.getElementById('imageAttachment').src = attElement;
				document.getElementById('imageName').innerHTML = nameElement;}
			</script></html>
]]></description>
      <Point>
        <extrude>0</extrude><altitudeMode>clampToGround</altitudeMode>
        <coordinates> -72.11319083738439,11.49568828079626,0</coordinates>
      </Point>
    </Placemark>
    <Placemark id="ID_00023">
      <name>O24</name>
      <snippet></snippet>
      <description><![CDATA[<html xmlns:fo="http://www.w3.org/1999/XSL/Format" xmlns:msxsl="urn:schemas-microsoft-com:xslt">
<head>
<META http-equiv="Content-Type" content="text/html">
<meta http-equiv="content-type" content="text/html; charset=UTF-8">
</head>
<body style="margin:0px 0px 0px 0px;overflow:auto;background:#FFFFFF;">
<table style="font-family:Arial,Verdana,Times;font-size:12px;text-align:left;width:100%;border-collapse:collapse;padding:3px 3px 3px 3px">
<tr style="text-align:center;font-weight:bold;background:#9CBCE2">
<td>LAV0002-00-2021</td>
</tr>
<tr>
<td>
<table style="font-family:Arial,Verdana,Times;font-size:12px;text-align:left;width:100%;border-spacing:0px; padding:3px 3px 3px 3px">
<tr>
<td>SHAPE</td>
<td>Point</td>
</tr>
<tr bgcolor="#D4E4F3">
<td>EXPEDIENTE</td>
<td>LAV0002-00-2021</td>
</tr>
<tr>
<td>OPERADOR</td>
<td>WIND AUTOGENERACIÓN S.A.S.</td>
</tr>
<tr bgcolor="#D4E4F3">
<td>PROYECTO</td>
<td>Línea eléctrica de transmisión Parque Eólico Windpeshi – Subestación Cuestecitas</td>
</tr>
<tr>
<td>NUM_ACT_AD</td>
<td>01621</td>
</tr>
<tr bgcolor="#D4E4F3">
<td>FEC_ACT_AD</td>
<td>13/09/2021</td>
</tr>
<tr>
<td>ART_ACT_AD</td>
<td>Artículo Tercero, Númeral 2.</td>
</tr>
<tr bgcolor="#D4E4F3">
<td>VEREDA</td>
<td>Comunidad Sirruma</td>
</tr>
<tr>
<td>MUNICIPIO</td>
<td>44430</td>
</tr>
<tr bgcolor="#D4E4F3">
<td>DEPTO</td>
<td>44</td>
</tr>
<tr>
<td>CAR</td>
<td>1021</td>
</tr>
<tr bgcolor="#D4E4F3">
<td>NOMBRE</td>
<td>O24</td>
</tr>
<tr>
<td>ID_OCU_CAU</td>
<td>O24</td>
</tr>
<tr bgcolor="#D4E4F3">
<td>NOM_C_AG</td>
<td>Arroyo Wampeshi</td>
</tr>
<tr>
<td>ESTADO_OC</td>
<td>2001</td>
</tr>
<tr bgcolor="#D4E4F3">
<td>MARGEN</td>
<td>2011</td>
</tr>
<tr>
<td>T_CAUDAL</td>
<td>2120</td>
</tr>
<tr bgcolor="#D4E4F3">
<td>T_FUE_SUP</td>
<td>2212</td>
</tr>
<tr>
<td>TIPO_OCUP</td>
<td>Construcción de alcantarilla</td>
</tr>
<tr bgcolor="#D4E4F3">
<td>ESPECIFIC</td>
<td>Tuberías prefabricadas, sobre una cama compuesta 
de material de grava y confinado en relleno con material seleccionado.</td>
</tr>
<tr>
<td>AH</td>
<td>1</td>
</tr>
<tr bgcolor="#D4E4F3">
<td>ZH</td>
<td>15</td>
</tr>
<tr>
<td>SZH</td>
<td>1508</td>
</tr>
<tr bgcolor="#D4E4F3">
<td>N_NV_SUB</td>
<td>&lt;Null&gt;</td>
</tr>
<tr>
<td>C_NV_SUB</td>
<td>&lt;Null&gt;</td>
</tr>
<tr bgcolor="#D4E4F3">
<td>N_MIC_CUE</td>
<td>Arroyo Wampeshi</td>
</tr>
<tr>
<td>C_MIC_CUE</td>
<td>&lt;Null&gt;</td>
</tr>
<tr bgcolor="#D4E4F3">
<td>OBSERV</td>
<td>La construcción de esta ocupación no ha dado inicio a la fecha de corte del presente informe. El proyecto se encuentra suspendido desde el 15 de octubre del 2022.</td>
</tr>
<tr>
<td>COTA</td>
<td>17,1943</td>
</tr>
<tr bgcolor="#D4E4F3">
<td>COOR_ESTE</td>
<td>5096643,1148</td>
</tr>
<tr>
<td>COOR_NORTE</td>
<td>2827845,8509</td>
</tr>
</table>
</td>
</tr>
</table>
</body><script type="text/javascript">
				function changeImage(attElement, nameElement) {
				document.getElementById('imageAttachment').src = attElement;
				document.getElementById('imageName').innerHTML = nameElement;}
			</script></html>
]]></description>
      <Point>
        <extrude>0</extrude><altitudeMode>clampToGround</altitudeMode>
        <coordinates> -72.11352732193423,11.48996206752506,0</coordinates>
      </Point>
    </Placemark>
    <Placemark id="ID_00024">
      <name>O25</name>
      <snippet></snippet>
      <description><![CDATA[<html xmlns:fo="http://www.w3.org/1999/XSL/Format" xmlns:msxsl="urn:schemas-microsoft-com:xslt">
<head>
<META http-equiv="Content-Type" content="text/html">
<meta http-equiv="content-type" content="text/html; charset=UTF-8">
</head>
<body style="margin:0px 0px 0px 0px;overflow:auto;background:#FFFFFF;">
<table style="font-family:Arial,Verdana,Times;font-size:12px;text-align:left;width:100%;border-collapse:collapse;padding:3px 3px 3px 3px">
<tr style="text-align:center;font-weight:bold;background:#9CBCE2">
<td>LAV0002-00-2021</td>
</tr>
<tr>
<td>
<table style="font-family:Arial,Verdana,Times;font-size:12px;text-align:left;width:100%;border-spacing:0px; padding:3px 3px 3px 3px">
<tr>
<td>SHAPE</td>
<td>Point</td>
</tr>
<tr bgcolor="#D4E4F3">
<td>EXPEDIENTE</td>
<td>LAV0002-00-2021</td>
</tr>
<tr>
<td>OPERADOR</td>
<td>WIND AUTOGENERACIÓN S.A.S.</td>
</tr>
<tr bgcolor="#D4E4F3">
<td>PROYECTO</td>
<td>Línea eléctrica de transmisión Parque Eólico Windpeshi – Subestación Cuestecitas</td>
</tr>
<tr>
<td>NUM_ACT_AD</td>
<td>01621</td>
</tr>
<tr bgcolor="#D4E4F3">
<td>FEC_ACT_AD</td>
<td>13/09/2021</td>
</tr>
<tr>
<td>ART_ACT_AD</td>
<td>Artículo Tercero, Númeral 2.</td>
</tr>
<tr bgcolor="#D4E4F3">
<td>VEREDA</td>
<td>Comunidad Sirruma</td>
</tr>
<tr>
<td>MUNICIPIO</td>
<td>44430</td>
</tr>
<tr bgcolor="#D4E4F3">
<td>DEPTO</td>
<td>44</td>
</tr>
<tr>
<td>CAR</td>
<td>1021</td>
</tr>
<tr bgcolor="#D4E4F3">
<td>NOMBRE</td>
<td>O25</td>
</tr>
<tr>
<td>ID_OCU_CAU</td>
<td>O25</td>
</tr>
<tr bgcolor="#D4E4F3">
<td>NOM_C_AG</td>
<td>Arroyo Wampeshi</td>
</tr>
<tr>
<td>ESTADO_OC</td>
<td>2001</td>
</tr>
<tr bgcolor="#D4E4F3">
<td>MARGEN</td>
<td>2011</td>
</tr>
<tr>
<td>T_CAUDAL</td>
<td>2120</td>
</tr>
<tr bgcolor="#D4E4F3">
<td>T_FUE_SUP</td>
<td>2212</td>
</tr>
<tr>
<td>TIPO_OCUP</td>
<td>Construcción de alcantarilla</td>
</tr>
<tr bgcolor="#D4E4F3">
<td>ESPECIFIC</td>
<td>Tuberías prefabricadas, sobre una cama compuesta 
de material de grava y confinado en relleno con material seleccionado.</td>
</tr>
<tr>
<td>AH</td>
<td>1</td>
</tr>
<tr bgcolor="#D4E4F3">
<td>ZH</td>
<td>15</td>
</tr>
<tr>
<td>SZH</td>
<td>1508</td>
</tr>
<tr bgcolor="#D4E4F3">
<td>N_NV_SUB</td>
<td>&lt;Null&gt;</td>
</tr>
<tr>
<td>C_NV_SUB</td>
<td>&lt;Null&gt;</td>
</tr>
<tr bgcolor="#D4E4F3">
<td>N_MIC_CUE</td>
<td>Arroyo Wampeshi</td>
</tr>
<tr>
<td>C_MIC_CUE</td>
<td>&lt;Null&gt;</td>
</tr>
<tr bgcolor="#D4E4F3">
<td>OBSERV</td>
<td>La construcción de esta ocupación no ha dado inicio a la fecha de corte del presente informe. El proyecto se encuentra suspendido desde el 15 de octubre del 2022.</td>
</tr>
<tr>
<td>COTA</td>
<td>23,2962</td>
</tr>
<tr bgcolor="#D4E4F3">
<td>COOR_ESTE</td>
<td>5096587,5588</td>
</tr>
<tr>
<td>COOR_NORTE</td>
<td>2826833,2895</td>
</tr>
</table>
</td>
</tr>
</table>
</body><script type="text/javascript">
				function changeImage(attElement, nameElement) {
				document.getElementById('imageAttachment').src = attElement;
				document.getElementById('imageName').innerHTML = nameElement;}
			</script></html>
]]></description>
      <Point>
        <extrude>0</extrude><altitudeMode>clampToGround</altitudeMode>
        <coordinates> -72.1140654706664,11.48080373857632,0</coordinates>
      </Point>
    </Placemark>
    <Placemark id="ID_00025">
      <name>O26</name>
      <snippet></snippet>
      <description><![CDATA[<html xmlns:fo="http://www.w3.org/1999/XSL/Format" xmlns:msxsl="urn:schemas-microsoft-com:xslt">
<head>
<META http-equiv="Content-Type" content="text/html">
<meta http-equiv="content-type" content="text/html; charset=UTF-8">
</head>
<body style="margin:0px 0px 0px 0px;overflow:auto;background:#FFFFFF;">
<table style="font-family:Arial,Verdana,Times;font-size:12px;text-align:left;width:100%;border-collapse:collapse;padding:3px 3px 3px 3px">
<tr style="text-align:center;font-weight:bold;background:#9CBCE2">
<td>LAV0002-00-2021</td>
</tr>
<tr>
<td>
<table style="font-family:Arial,Verdana,Times;font-size:12px;text-align:left;width:100%;border-spacing:0px; padding:3px 3px 3px 3px">
<tr>
<td>SHAPE</td>
<td>Point</td>
</tr>
<tr bgcolor="#D4E4F3">
<td>EXPEDIENTE</td>
<td>LAV0002-00-2021</td>
</tr>
<tr>
<td>OPERADOR</td>
<td>WIND AUTOGENERACIÓN S.A.S.</td>
</tr>
<tr bgcolor="#D4E4F3">
<td>PROYECTO</td>
<td>Línea eléctrica de transmisión Parque Eólico Windpeshi – Subestación Cuestecitas</td>
</tr>
<tr>
<td>NUM_ACT_AD</td>
<td>01621</td>
</tr>
<tr bgcolor="#D4E4F3">
<td>FEC_ACT_AD</td>
<td>13/09/2021</td>
</tr>
<tr>
<td>ART_ACT_AD</td>
<td>Artículo Tercero, Númeral 2.</td>
</tr>
<tr bgcolor="#D4E4F3">
<td>VEREDA</td>
<td>Comunidad Sirruma</td>
</tr>
<tr>
<td>MUNICIPIO</td>
<td>44430</td>
</tr>
<tr bgcolor="#D4E4F3">
<td>DEPTO</td>
<td>44</td>
</tr>
<tr>
<td>CAR</td>
<td>1021</td>
</tr>
<tr bgcolor="#D4E4F3">
<td>NOMBRE</td>
<td>O26</td>
</tr>
<tr>
<td>ID_OCU_CAU</td>
<td>O26</td>
</tr>
<tr bgcolor="#D4E4F3">
<td>NOM_C_AG</td>
<td>Arroyo Wampeshi</td>
</tr>
<tr>
<td>ESTADO_OC</td>
<td>2001</td>
</tr>
<tr bgcolor="#D4E4F3">
<td>MARGEN</td>
<td>2011</td>
</tr>
<tr>
<td>T_CAUDAL</td>
<td>2120</td>
</tr>
<tr bgcolor="#D4E4F3">
<td>T_FUE_SUP</td>
<td>2212</td>
</tr>
<tr>
<td>TIPO_OCUP</td>
<td>Construcción de alcantarilla</td>
</tr>
<tr bgcolor="#D4E4F3">
<td>ESPECIFIC</td>
<td>Tuberías prefabricadas, sobre una cama compuesta 
de material de grava y confinado en relleno con material seleccionado.</td>
</tr>
<tr>
<td>AH</td>
<td>1</td>
</tr>
<tr bgcolor="#D4E4F3">
<td>ZH</td>
<td>15</td>
</tr>
<tr>
<td>SZH</td>
<td>1508</td>
</tr>
<tr bgcolor="#D4E4F3">
<td>N_NV_SUB</td>
<td>&lt;Null&gt;</td>
</tr>
<tr>
<td>C_NV_SUB</td>
<td>&lt;Null&gt;</td>
</tr>
<tr bgcolor="#D4E4F3">
<td>N_MIC_CUE</td>
<td>Arroyo Wampeshi</td>
</tr>
<tr>
<td>C_MIC_CUE</td>
<td>&lt;Null&gt;</td>
</tr>
<tr bgcolor="#D4E4F3">
<td>OBSERV</td>
<td>La construcción de esta ocupación no ha dado inicio a la fecha de corte del presente informe. El proyecto se encuentra suspendido desde el 15 de octubre del 2022.</td>
</tr>
<tr>
<td>COTA</td>
<td>19,946699</td>
</tr>
<tr bgcolor="#D4E4F3">
<td>COOR_ESTE</td>
<td>5097258,6955</td>
</tr>
<tr>
<td>COOR_NORTE</td>
<td>2826320,0045</td>
</tr>
</table>
</td>
</tr>
</table>
</body><script type="text/javascript">
				function changeImage(attElement, nameElement) {
				document.getElementById('imageAttachment').src = attElement;
				document.getElementById('imageName').innerHTML = nameElement;}
			</script></html>
]]></description>
      <Point>
        <extrude>0</extrude><altitudeMode>clampToGround</altitudeMode>
        <coordinates> -72.10792467804056,11.4761416911475,0</coordinates>
      </Point>
    </Placemark>
    <Placemark id="ID_00026">
      <name>O27</name>
      <snippet></snippet>
      <description><![CDATA[<html xmlns:fo="http://www.w3.org/1999/XSL/Format" xmlns:msxsl="urn:schemas-microsoft-com:xslt">
<head>
<META http-equiv="Content-Type" content="text/html">
<meta http-equiv="content-type" content="text/html; charset=UTF-8">
</head>
<body style="margin:0px 0px 0px 0px;overflow:auto;background:#FFFFFF;">
<table style="font-family:Arial,Verdana,Times;font-size:12px;text-align:left;width:100%;border-collapse:collapse;padding:3px 3px 3px 3px">
<tr style="text-align:center;font-weight:bold;background:#9CBCE2">
<td>LAV0002-00-2021</td>
</tr>
<tr>
<td>
<table style="font-family:Arial,Verdana,Times;font-size:12px;text-align:left;width:100%;border-spacing:0px; padding:3px 3px 3px 3px">
<tr>
<td>SHAPE</td>
<td>Point</td>
</tr>
<tr bgcolor="#D4E4F3">
<td>EXPEDIENTE</td>
<td>LAV0002-00-2021</td>
</tr>
<tr>
<td>OPERADOR</td>
<td>WIND AUTOGENERACIÓN S.A.S.</td>
</tr>
<tr bgcolor="#D4E4F3">
<td>PROYECTO</td>
<td>Línea eléctrica de transmisión Parque Eólico Windpeshi – Subestación Cuestecitas</td>
</tr>
<tr>
<td>NUM_ACT_AD</td>
<td>01621</td>
</tr>
<tr bgcolor="#D4E4F3">
<td>FEC_ACT_AD</td>
<td>13/09/2021</td>
</tr>
<tr>
<td>ART_ACT_AD</td>
<td>Artículo Tercero, Númeral 2.</td>
</tr>
<tr bgcolor="#D4E4F3">
<td>VEREDA</td>
<td>Comunidad Sirruma</td>
</tr>
<tr>
<td>MUNICIPIO</td>
<td>44430</td>
</tr>
<tr bgcolor="#D4E4F3">
<td>DEPTO</td>
<td>44</td>
</tr>
<tr>
<td>CAR</td>
<td>1021</td>
</tr>
<tr bgcolor="#D4E4F3">
<td>NOMBRE</td>
<td>O27</td>
</tr>
<tr>
<td>ID_OCU_CAU</td>
<td>O27</td>
</tr>
<tr bgcolor="#D4E4F3">
<td>NOM_C_AG</td>
<td>Arroyo Wampeshi</td>
</tr>
<tr>
<td>ESTADO_OC</td>
<td>2001</td>
</tr>
<tr bgcolor="#D4E4F3">
<td>MARGEN</td>
<td>2011</td>
</tr>
<tr>
<td>T_CAUDAL</td>
<td>2120</td>
</tr>
<tr bgcolor="#D4E4F3">
<td>T_FUE_SUP</td>
<td>2212</td>
</tr>
<tr>
<td>TIPO_OCUP</td>
<td>Construcción de alcantarilla</td>
</tr>
<tr bgcolor="#D4E4F3">
<td>ESPECIFIC</td>
<td>Tuberías prefabricadas, sobre una cama compuesta 
de material de grava y confinado en relleno con material seleccionado.</td>
</tr>
<tr>
<td>AH</td>
<td>1</td>
</tr>
<tr bgcolor="#D4E4F3">
<td>ZH</td>
<td>15</td>
</tr>
<tr>
<td>SZH</td>
<td>1508</td>
</tr>
<tr bgcolor="#D4E4F3">
<td>N_NV_SUB</td>
<td>&lt;Null&gt;</td>
</tr>
<tr>
<td>C_NV_SUB</td>
<td>&lt;Null&gt;</td>
</tr>
<tr bgcolor="#D4E4F3">
<td>N_MIC_CUE</td>
<td>Arroyo Wampeshi</td>
</tr>
<tr>
<td>C_MIC_CUE</td>
<td>&lt;Null&gt;</td>
</tr>
<tr bgcolor="#D4E4F3">
<td>OBSERV</td>
<td>La construcción de esta ocupación no ha dado inicio a la fecha de corte del presente informe. El proyecto se encuentra suspendido desde el 15 de octubre del 2022.</td>
</tr>
<tr>
<td>COTA</td>
<td>11,6507</td>
</tr>
<tr bgcolor="#D4E4F3">
<td>COOR_ESTE</td>
<td>5097105,1368</td>
</tr>
<tr>
<td>COOR_NORTE</td>
<td>2825781,9197</td>
</tr>
</table>
</td>
</tr>
</table>
</body><script type="text/javascript">
				function changeImage(attElement, nameElement) {
				document.getElementById('imageAttachment').src = attElement;
				document.getElementById('imageName').innerHTML = nameElement;}
			</script></html>
]]></description>
      <Point>
        <extrude>0</extrude><altitudeMode>clampToGround</altitudeMode>
        <coordinates> -72.10934829000843,11.47127834720253,0</coordinates>
      </Point>
    </Placemark>
    <Placemark id="ID_00027">
      <name>O28</name>
      <snippet></snippet>
      <description><![CDATA[<html xmlns:fo="http://www.w3.org/1999/XSL/Format" xmlns:msxsl="urn:schemas-microsoft-com:xslt">
<head>
<META http-equiv="Content-Type" content="text/html">
<meta http-equiv="content-type" content="text/html; charset=UTF-8">
</head>
<body style="margin:0px 0px 0px 0px;overflow:auto;background:#FFFFFF;">
<table style="font-family:Arial,Verdana,Times;font-size:12px;text-align:left;width:100%;border-collapse:collapse;padding:3px 3px 3px 3px">
<tr style="text-align:center;font-weight:bold;background:#9CBCE2">
<td>LAV0002-00-2021</td>
</tr>
<tr>
<td>
<table style="font-family:Arial,Verdana,Times;font-size:12px;text-align:left;width:100%;border-spacing:0px; padding:3px 3px 3px 3px">
<tr>
<td>SHAPE</td>
<td>Point</td>
</tr>
<tr bgcolor="#D4E4F3">
<td>EXPEDIENTE</td>
<td>LAV0002-00-2021</td>
</tr>
<tr>
<td>OPERADOR</td>
<td>WIND AUTOGENERACIÓN S.A.S.</td>
</tr>
<tr bgcolor="#D4E4F3">
<td>PROYECTO</td>
<td>Línea eléctrica de transmisión Parque Eólico Windpeshi – Subestación Cuestecitas</td>
</tr>
<tr>
<td>NUM_ACT_AD</td>
<td>01621</td>
</tr>
<tr bgcolor="#D4E4F3">
<td>FEC_ACT_AD</td>
<td>13/09/2021</td>
</tr>
<tr>
<td>ART_ACT_AD</td>
<td>Artículo Tercero, Númeral 2.</td>
</tr>
<tr bgcolor="#D4E4F3">
<td>VEREDA</td>
<td>Comunidad Sirruma</td>
</tr>
<tr>
<td>MUNICIPIO</td>
<td>44430</td>
</tr>
<tr bgcolor="#D4E4F3">
<td>DEPTO</td>
<td>44</td>
</tr>
<tr>
<td>CAR</td>
<td>1021</td>
</tr>
<tr bgcolor="#D4E4F3">
<td>NOMBRE</td>
<td>O28</td>
</tr>
<tr>
<td>ID_OCU_CAU</td>
<td>O28</td>
</tr>
<tr bgcolor="#D4E4F3">
<td>NOM_C_AG</td>
<td>Arroyo Wampeshi</td>
</tr>
<tr>
<td>ESTADO_OC</td>
<td>2001</td>
</tr>
<tr bgcolor="#D4E4F3">
<td>MARGEN</td>
<td>2011</td>
</tr>
<tr>
<td>T_CAUDAL</td>
<td>2120</td>
</tr>
<tr bgcolor="#D4E4F3">
<td>T_FUE_SUP</td>
<td>2212</td>
</tr>
<tr>
<td>TIPO_OCUP</td>
<td>Construcción de alcantarilla</td>
</tr>
<tr bgcolor="#D4E4F3">
<td>ESPECIFIC</td>
<td>Tuberías prefabricadas, sobre una cama compuesta 
de material de grava y confinado en relleno con material seleccionado.</td>
</tr>
<tr>
<td>AH</td>
<td>1</td>
</tr>
<tr bgcolor="#D4E4F3">
<td>ZH</td>
<td>15</td>
</tr>
<tr>
<td>SZH</td>
<td>1508</td>
</tr>
<tr bgcolor="#D4E4F3">
<td>N_NV_SUB</td>
<td>&lt;Null&gt;</td>
</tr>
<tr>
<td>C_NV_SUB</td>
<td>&lt;Null&gt;</td>
</tr>
<tr bgcolor="#D4E4F3">
<td>N_MIC_CUE</td>
<td>Arroyo Wampeshi</td>
</tr>
<tr>
<td>C_MIC_CUE</td>
<td>&lt;Null&gt;</td>
</tr>
<tr bgcolor="#D4E4F3">
<td>OBSERV</td>
<td>La construcción de esta ocupación no ha dado inicio a la fecha de corte del presente informe. El proyecto se encuentra suspendido desde el 15 de octubre del 2022.</td>
</tr>
<tr>
<td>COTA</td>
<td>11,7517</td>
</tr>
<tr bgcolor="#D4E4F3">
<td>COOR_ESTE</td>
<td>5096854,2916</td>
</tr>
<tr>
<td>COOR_NORTE</td>
<td>2825578,3881</td>
</tr>
</table>
</td>
</tr>
</table>
</body><script type="text/javascript">
				function changeImage(attElement, nameElement) {
				document.getElementById('imageAttachment').src = attElement;
				document.getElementById('imageName').innerHTML = nameElement;}
			</script></html>
]]></description>
      <Point>
        <extrude>0</extrude><altitudeMode>clampToGround</altitudeMode>
        <coordinates> -72.11165461370184,11.46944415675715,0</coordinates>
      </Point>
    </Placemark>
    <Placemark id="ID_00028">
      <name>O30</name>
      <snippet></snippet>
      <description><![CDATA[<html xmlns:fo="http://www.w3.org/1999/XSL/Format" xmlns:msxsl="urn:schemas-microsoft-com:xslt">
<head>
<META http-equiv="Content-Type" content="text/html">
<meta http-equiv="content-type" content="text/html; charset=UTF-8">
</head>
<body style="margin:0px 0px 0px 0px;overflow:auto;background:#FFFFFF;">
<table style="font-family:Arial,Verdana,Times;font-size:12px;text-align:left;width:100%;border-collapse:collapse;padding:3px 3px 3px 3px">
<tr style="text-align:center;font-weight:bold;background:#9CBCE2">
<td>LAV0002-00-2021</td>
</tr>
<tr>
<td>
<table style="font-family:Arial,Verdana,Times;font-size:12px;text-align:left;width:100%;border-spacing:0px; padding:3px 3px 3px 3px">
<tr>
<td>SHAPE</td>
<td>Point</td>
</tr>
<tr bgcolor="#D4E4F3">
<td>EXPEDIENTE</td>
<td>LAV0002-00-2021</td>
</tr>
<tr>
<td>OPERADOR</td>
<td>WIND AUTOGENERACIÓN S.A.S.</td>
</tr>
<tr bgcolor="#D4E4F3">
<td>PROYECTO</td>
<td>Línea eléctrica de transmisión Parque Eólico Windpeshi – Subestación Cuestecitas</td>
</tr>
<tr>
<td>NUM_ACT_AD</td>
<td>01621</td>
</tr>
<tr bgcolor="#D4E4F3">
<td>FEC_ACT_AD</td>
<td>13/09/2021</td>
</tr>
<tr>
<td>ART_ACT_AD</td>
<td>Artículo Tercero, Númeral 2.</td>
</tr>
<tr bgcolor="#D4E4F3">
<td>VEREDA</td>
<td>Comunidad Corralito</td>
</tr>
<tr>
<td>MUNICIPIO</td>
<td>44430</td>
</tr>
<tr bgcolor="#D4E4F3">
<td>DEPTO</td>
<td>44</td>
</tr>
<tr>
<td>CAR</td>
<td>1021</td>
</tr>
<tr bgcolor="#D4E4F3">
<td>NOMBRE</td>
<td>O30</td>
</tr>
<tr>
<td>ID_OCU_CAU</td>
<td>O30</td>
</tr>
<tr bgcolor="#D4E4F3">
<td>NOM_C_AG</td>
<td>Arroyo Apariuohu</td>
</tr>
<tr>
<td>ESTADO_OC</td>
<td>2001</td>
</tr>
<tr bgcolor="#D4E4F3">
<td>MARGEN</td>
<td>2011</td>
</tr>
<tr>
<td>T_CAUDAL</td>
<td>2120</td>
</tr>
<tr bgcolor="#D4E4F3">
<td>T_FUE_SUP</td>
<td>2212</td>
</tr>
<tr>
<td>TIPO_OCUP</td>
<td>Construcción de alcantarilla</td>
</tr>
<tr bgcolor="#D4E4F3">
<td>ESPECIFIC</td>
<td>Tuberías prefabricadas, sobre una cama compuesta 
de material de grava y confinado en relleno con material seleccionado.</td>
</tr>
<tr>
<td>AH</td>
<td>1</td>
</tr>
<tr bgcolor="#D4E4F3">
<td>ZH</td>
<td>15</td>
</tr>
<tr>
<td>SZH</td>
<td>1508</td>
</tr>
<tr bgcolor="#D4E4F3">
<td>N_NV_SUB</td>
<td>&lt;Null&gt;</td>
</tr>
<tr>
<td>C_NV_SUB</td>
<td>&lt;Null&gt;</td>
</tr>
<tr bgcolor="#D4E4F3">
<td>N_MIC_CUE</td>
<td>Arroyo Apariuohu</td>
</tr>
<tr>
<td>C_MIC_CUE</td>
<td>&lt;Null&gt;</td>
</tr>
<tr bgcolor="#D4E4F3">
<td>OBSERV</td>
<td>La construcción de esta ocupación no ha dado inicio a la fecha de corte del presente informe. El proyecto se encuentra suspendido desde el 15 de octubre del 2022.</td>
</tr>
<tr>
<td>COTA</td>
<td>14,5753</td>
</tr>
<tr bgcolor="#D4E4F3">
<td>COOR_ESTE</td>
<td>5096260,0694</td>
</tr>
<tr>
<td>COOR_NORTE</td>
<td>2824415,3047</td>
</tr>
</table>
</td>
</tr>
</table>
</body><script type="text/javascript">
				function changeImage(attElement, nameElement) {
				document.getElementById('imageAttachment').src = attElement;
				document.getElementById('imageName').innerHTML = nameElement;}
			</script></html>
]]></description>
      <Point>
        <extrude>0</extrude><altitudeMode>clampToGround</altitudeMode>
        <coordinates> -72.11713702491059,11.4589391196749,0</coordinates>
      </Point>
    </Placemark>
    <Placemark id="ID_00029">
      <name>O31</name>
      <snippet></snippet>
      <description><![CDATA[<html xmlns:fo="http://www.w3.org/1999/XSL/Format" xmlns:msxsl="urn:schemas-microsoft-com:xslt">
<head>
<META http-equiv="Content-Type" content="text/html">
<meta http-equiv="content-type" content="text/html; charset=UTF-8">
</head>
<body style="margin:0px 0px 0px 0px;overflow:auto;background:#FFFFFF;">
<table style="font-family:Arial,Verdana,Times;font-size:12px;text-align:left;width:100%;border-collapse:collapse;padding:3px 3px 3px 3px">
<tr style="text-align:center;font-weight:bold;background:#9CBCE2">
<td>LAV0002-00-2021</td>
</tr>
<tr>
<td>
<table style="font-family:Arial,Verdana,Times;font-size:12px;text-align:left;width:100%;border-spacing:0px; padding:3px 3px 3px 3px">
<tr>
<td>SHAPE</td>
<td>Point</td>
</tr>
<tr bgcolor="#D4E4F3">
<td>EXPEDIENTE</td>
<td>LAV0002-00-2021</td>
</tr>
<tr>
<td>OPERADOR</td>
<td>WIND AUTOGENERACIÓN S.A.S.</td>
</tr>
<tr bgcolor="#D4E4F3">
<td>PROYECTO</td>
<td>Línea eléctrica de transmisión Parque Eólico Windpeshi – Subestación Cuestecitas</td>
</tr>
<tr>
<td>NUM_ACT_AD</td>
<td>01621</td>
</tr>
<tr bgcolor="#D4E4F3">
<td>FEC_ACT_AD</td>
<td>13/09/2021</td>
</tr>
<tr>
<td>ART_ACT_AD</td>
<td>Artículo Tercero, Númeral 2.</td>
</tr>
<tr bgcolor="#D4E4F3">
<td>VEREDA</td>
<td>Comunidad Corralito</td>
</tr>
<tr>
<td>MUNICIPIO</td>
<td>44430</td>
</tr>
<tr bgcolor="#D4E4F3">
<td>DEPTO</td>
<td>44</td>
</tr>
<tr>
<td>CAR</td>
<td>1021</td>
</tr>
<tr bgcolor="#D4E4F3">
<td>NOMBRE</td>
<td>O31</td>
</tr>
<tr>
<td>ID_OCU_CAU</td>
<td>O31</td>
</tr>
<tr bgcolor="#D4E4F3">
<td>NOM_C_AG</td>
<td>Arroyo Apariuohu</td>
</tr>
<tr>
<td>ESTADO_OC</td>
<td>2001</td>
</tr>
<tr bgcolor="#D4E4F3">
<td>MARGEN</td>
<td>2011</td>
</tr>
<tr>
<td>T_CAUDAL</td>
<td>2120</td>
</tr>
<tr bgcolor="#D4E4F3">
<td>T_FUE_SUP</td>
<td>2212</td>
</tr>
<tr>
<td>TIPO_OCUP</td>
<td>Construcción de alcantarilla</td>
</tr>
<tr bgcolor="#D4E4F3">
<td>ESPECIFIC</td>
<td>Tuberías prefabricadas, sobre una cama compuesta 
de material de grava y confinado en relleno con material seleccionado.</td>
</tr>
<tr>
<td>AH</td>
<td>1</td>
</tr>
<tr bgcolor="#D4E4F3">
<td>ZH</td>
<td>15</td>
</tr>
<tr>
<td>SZH</td>
<td>1508</td>
</tr>
<tr bgcolor="#D4E4F3">
<td>N_NV_SUB</td>
<td>&lt;Null&gt;</td>
</tr>
<tr>
<td>C_NV_SUB</td>
<td>&lt;Null&gt;</td>
</tr>
<tr bgcolor="#D4E4F3">
<td>N_MIC_CUE</td>
<td>Arroyo Apariuohu</td>
</tr>
<tr>
<td>C_MIC_CUE</td>
<td>&lt;Null&gt;</td>
</tr>
<tr bgcolor="#D4E4F3">
<td>OBSERV</td>
<td>La construcción de esta ocupación no ha dado inicio a la fecha de corte del presente informe. El proyecto se encuentra suspendido desde el 15 de octubre del 2022.</td>
</tr>
<tr>
<td>COTA</td>
<td>13,9612</td>
</tr>
<tr bgcolor="#D4E4F3">
<td>COOR_ESTE</td>
<td>5096390,4444</td>
</tr>
<tr>
<td>COOR_NORTE</td>
<td>2822301,4846</td>
</tr>
</table>
</td>
</tr>
</table>
</body><script type="text/javascript">
				function changeImage(attElement, nameElement) {
				document.getElementById('imageAttachment').src = attElement;
				document.getElementById('imageName').innerHTML = nameElement;}
			</script></html>
]]></description>
      <Point>
        <extrude>0</extrude><altitudeMode>clampToGround</altitudeMode>
        <coordinates> -72.11600074678645,11.43981331705698,0</coordinates>
      </Point>
    </Placemark>
    <Placemark id="ID_00030">
      <name>O32</name>
      <snippet></snippet>
      <description><![CDATA[<html xmlns:fo="http://www.w3.org/1999/XSL/Format" xmlns:msxsl="urn:schemas-microsoft-com:xslt">
<head>
<META http-equiv="Content-Type" content="text/html">
<meta http-equiv="content-type" content="text/html; charset=UTF-8">
</head>
<body style="margin:0px 0px 0px 0px;overflow:auto;background:#FFFFFF;">
<table style="font-family:Arial,Verdana,Times;font-size:12px;text-align:left;width:100%;border-collapse:collapse;padding:3px 3px 3px 3px">
<tr style="text-align:center;font-weight:bold;background:#9CBCE2">
<td>LAV0002-00-2021</td>
</tr>
<tr>
<td>
<table style="font-family:Arial,Verdana,Times;font-size:12px;text-align:left;width:100%;border-spacing:0px; padding:3px 3px 3px 3px">
<tr>
<td>SHAPE</td>
<td>Point</td>
</tr>
<tr bgcolor="#D4E4F3">
<td>EXPEDIENTE</td>
<td>LAV0002-00-2021</td>
</tr>
<tr>
<td>OPERADOR</td>
<td>WIND AUTOGENERACIÓN S.A.S.</td>
</tr>
<tr bgcolor="#D4E4F3">
<td>PROYECTO</td>
<td>Línea eléctrica de transmisión Parque Eólico Windpeshi – Subestación Cuestecitas</td>
</tr>
<tr>
<td>NUM_ACT_AD</td>
<td>01621</td>
</tr>
<tr bgcolor="#D4E4F3">
<td>FEC_ACT_AD</td>
<td>13/09/2021</td>
</tr>
<tr>
<td>ART_ACT_AD</td>
<td>Artículo Tercero, Númeral 2.</td>
</tr>
<tr bgcolor="#D4E4F3">
<td>VEREDA</td>
<td>Comunidad Corralito</td>
</tr>
<tr>
<td>MUNICIPIO</td>
<td>44430</td>
</tr>
<tr bgcolor="#D4E4F3">
<td>DEPTO</td>
<td>44</td>
</tr>
<tr>
<td>CAR</td>
<td>1021</td>
</tr>
<tr bgcolor="#D4E4F3">
<td>NOMBRE</td>
<td>O32</td>
</tr>
<tr>
<td>ID_OCU_CAU</td>
<td>O32</td>
</tr>
<tr bgcolor="#D4E4F3">
<td>NOM_C_AG</td>
<td>Arroyo Apariuohu</td>
</tr>
<tr>
<td>ESTADO_OC</td>
<td>2001</td>
</tr>
<tr bgcolor="#D4E4F3">
<td>MARGEN</td>
<td>2011</td>
</tr>
<tr>
<td>T_CAUDAL</td>
<td>2120</td>
</tr>
<tr bgcolor="#D4E4F3">
<td>T_FUE_SUP</td>
<td>2212</td>
</tr>
<tr>
<td>TIPO_OCUP</td>
<td>Construcción de alcantarilla</td>
</tr>
<tr bgcolor="#D4E4F3">
<td>ESPECIFIC</td>
<td>Tuberías prefabricadas, sobre una cama compuesta 
de material de grava y confinado en relleno con material seleccionado.</td>
</tr>
<tr>
<td>AH</td>
<td>1</td>
</tr>
<tr bgcolor="#D4E4F3">
<td>ZH</td>
<td>15</td>
</tr>
<tr>
<td>SZH</td>
<td>1508</td>
</tr>
<tr bgcolor="#D4E4F3">
<td>N_NV_SUB</td>
<td>&lt;Null&gt;</td>
</tr>
<tr>
<td>C_NV_SUB</td>
<td>&lt;Null&gt;</td>
</tr>
<tr bgcolor="#D4E4F3">
<td>N_MIC_CUE</td>
<td>Arroyo Apariuohu</td>
</tr>
<tr>
<td>C_MIC_CUE</td>
<td>&lt;Null&gt;</td>
</tr>
<tr bgcolor="#D4E4F3">
<td>OBSERV</td>
<td>La construcción de esta ocupación no ha dado inicio a la fecha de corte del presente informe. El proyecto se encuentra suspendido desde el 15 de octubre del 2022.</td>
</tr>
<tr>
<td>COTA</td>
<td>15,9914</td>
</tr>
<tr bgcolor="#D4E4F3">
<td>COOR_ESTE</td>
<td>5096289,0111</td>
</tr>
<tr>
<td>COOR_NORTE</td>
<td>2822005,6643</td>
</tr>
</table>
</td>
</tr>
</table>
</body><script type="text/javascript">
				function changeImage(attElement, nameElement) {
				document.getElementById('imageAttachment').src = attElement;
				document.getElementById('imageName').innerHTML = nameElement;}
			</script></html>
]]></description>
      <Point>
        <extrude>0</extrude><altitudeMode>clampToGround</altitudeMode>
        <coordinates> -72.11693920934611,11.43714005045186,0</coordinates>
      </Point>
    </Placemark>
    <Placemark id="ID_00031">
      <name>O33</name>
      <snippet></snippet>
      <description><![CDATA[<html xmlns:fo="http://www.w3.org/1999/XSL/Format" xmlns:msxsl="urn:schemas-microsoft-com:xslt">
<head>
<META http-equiv="Content-Type" content="text/html">
<meta http-equiv="content-type" content="text/html; charset=UTF-8">
</head>
<body style="margin:0px 0px 0px 0px;overflow:auto;background:#FFFFFF;">
<table style="font-family:Arial,Verdana,Times;font-size:12px;text-align:left;width:100%;border-collapse:collapse;padding:3px 3px 3px 3px">
<tr style="text-align:center;font-weight:bold;background:#9CBCE2">
<td>LAV0002-00-2021</td>
</tr>
<tr>
<td>
<table style="font-family:Arial,Verdana,Times;font-size:12px;text-align:left;width:100%;border-spacing:0px; padding:3px 3px 3px 3px">
<tr>
<td>SHAPE</td>
<td>Point</td>
</tr>
<tr bgcolor="#D4E4F3">
<td>EXPEDIENTE</td>
<td>LAV0002-00-2021</td>
</tr>
<tr>
<td>OPERADOR</td>
<td>WIND AUTOGENERACIÓN S.A.S.</td>
</tr>
<tr bgcolor="#D4E4F3">
<td>PROYECTO</td>
<td>Línea eléctrica de transmisión Parque Eólico Windpeshi – Subestación Cuestecitas</td>
</tr>
<tr>
<td>NUM_ACT_AD</td>
<td>01621</td>
</tr>
<tr bgcolor="#D4E4F3">
<td>FEC_ACT_AD</td>
<td>13/09/2021</td>
</tr>
<tr>
<td>ART_ACT_AD</td>
<td>Artículo Tercero, Númeral 2.</td>
</tr>
<tr bgcolor="#D4E4F3">
<td>VEREDA</td>
<td>Comunidad Corralito</td>
</tr>
<tr>
<td>MUNICIPIO</td>
<td>44430</td>
</tr>
<tr bgcolor="#D4E4F3">
<td>DEPTO</td>
<td>44</td>
</tr>
<tr>
<td>CAR</td>
<td>1021</td>
</tr>
<tr bgcolor="#D4E4F3">
<td>NOMBRE</td>
<td>O33</td>
</tr>
<tr>
<td>ID_OCU_CAU</td>
<td>O33</td>
</tr>
<tr bgcolor="#D4E4F3">
<td>NOM_C_AG</td>
<td>Arroyo Apariuohu</td>
</tr>
<tr>
<td>ESTADO_OC</td>
<td>2001</td>
</tr>
<tr bgcolor="#D4E4F3">
<td>MARGEN</td>
<td>2011</td>
</tr>
<tr>
<td>T_CAUDAL</td>
<td>2120</td>
</tr>
<tr bgcolor="#D4E4F3">
<td>T_FUE_SUP</td>
<td>2212</td>
</tr>
<tr>
<td>TIPO_OCUP</td>
<td>Alcantarilla</td>
</tr>
<tr bgcolor="#D4E4F3">
<td>ESPECIFIC</td>
<td>Tuberías prefabricadas, sobre una cama compuesta 
de material de grava y confinado en relleno con material seleccionado.</td>
</tr>
<tr>
<td>AH</td>
<td>1</td>
</tr>
<tr bgcolor="#D4E4F3">
<td>ZH</td>
<td>15</td>
</tr>
<tr>
<td>SZH</td>
<td>1508</td>
</tr>
<tr bgcolor="#D4E4F3">
<td>N_NV_SUB</td>
<td>&lt;Null&gt;</td>
</tr>
<tr>
<td>C_NV_SUB</td>
<td>&lt;Null&gt;</td>
</tr>
<tr bgcolor="#D4E4F3">
<td>N_MIC_CUE</td>
<td>Arroyo Apariuohu</td>
</tr>
<tr>
<td>C_MIC_CUE</td>
<td>&lt;Null&gt;</td>
</tr>
<tr bgcolor="#D4E4F3">
<td>OBSERV</td>
<td>La construcción de esta ocupación no ha dado inicio a la fecha de corte del presente informe. El proyecto se encuentra suspendido desde el 15 de octubre del 2022.</td>
</tr>
<tr>
<td>COTA</td>
<td>16,827499</td>
</tr>
<tr bgcolor="#D4E4F3">
<td>COOR_ESTE</td>
<td>5096139,907</td>
</tr>
<tr>
<td>COOR_NORTE</td>
<td>2821823,7901</td>
</tr>
</table>
</td>
</tr>
</table>
</body><script type="text/javascript">
				function changeImage(attElement, nameElement) {
				document.getElementById('imageAttachment').src = attElement;
				document.getElementById('imageName').innerHTML = nameElement;}
			</script></html>
]]></description>
      <Point>
        <extrude>0</extrude><altitudeMode>clampToGround</altitudeMode>
        <coordinates> -72.11831161047084,11.43549888403857,0</coordinates>
      </Point>
    </Placemark>
    <Placemark id="ID_00032">
      <name>O34</name>
      <snippet></snippet>
      <description><![CDATA[<html xmlns:fo="http://www.w3.org/1999/XSL/Format" xmlns:msxsl="urn:schemas-microsoft-com:xslt">
<head>
<META http-equiv="Content-Type" content="text/html">
<meta http-equiv="content-type" content="text/html; charset=UTF-8">
</head>
<body style="margin:0px 0px 0px 0px;overflow:auto;background:#FFFFFF;">
<table style="font-family:Arial,Verdana,Times;font-size:12px;text-align:left;width:100%;border-collapse:collapse;padding:3px 3px 3px 3px">
<tr style="text-align:center;font-weight:bold;background:#9CBCE2">
<td>LAV0002-00-2021</td>
</tr>
<tr>
<td>
<table style="font-family:Arial,Verdana,Times;font-size:12px;text-align:left;width:100%;border-spacing:0px; padding:3px 3px 3px 3px">
<tr>
<td>SHAPE</td>
<td>Point</td>
</tr>
<tr bgcolor="#D4E4F3">
<td>EXPEDIENTE</td>
<td>LAV0002-00-2021</td>
</tr>
<tr>
<td>OPERADOR</td>
<td>WIND AUTOGENERACIÓN S.A.S.</td>
</tr>
<tr bgcolor="#D4E4F3">
<td>PROYECTO</td>
<td>Línea eléctrica de transmisión Parque Eólico Windpeshi – Subestación Cuestecitas</td>
</tr>
<tr>
<td>NUM_ACT_AD</td>
<td>01621</td>
</tr>
<tr bgcolor="#D4E4F3">
<td>FEC_ACT_AD</td>
<td>13/09/2021</td>
</tr>
<tr>
<td>ART_ACT_AD</td>
<td>Artículo Tercero, Númeral 2.</td>
</tr>
<tr bgcolor="#D4E4F3">
<td>VEREDA</td>
<td>Comunidad de Sabana Larga</td>
</tr>
<tr>
<td>MUNICIPIO</td>
<td>44430</td>
</tr>
<tr bgcolor="#D4E4F3">
<td>DEPTO</td>
<td>44</td>
</tr>
<tr>
<td>CAR</td>
<td>1021</td>
</tr>
<tr bgcolor="#D4E4F3">
<td>NOMBRE</td>
<td>O34</td>
</tr>
<tr>
<td>ID_OCU_CAU</td>
<td>O34</td>
</tr>
<tr bgcolor="#D4E4F3">
<td>NOM_C_AG</td>
<td>Arroyo Apariuohu</td>
</tr>
<tr>
<td>ESTADO_OC</td>
<td>2001</td>
</tr>
<tr bgcolor="#D4E4F3">
<td>MARGEN</td>
<td>2011</td>
</tr>
<tr>
<td>T_CAUDAL</td>
<td>2120</td>
</tr>
<tr bgcolor="#D4E4F3">
<td>T_FUE_SUP</td>
<td>2212</td>
</tr>
<tr>
<td>TIPO_OCUP</td>
<td>Alcantarilla</td>
</tr>
<tr bgcolor="#D4E4F3">
<td>ESPECIFIC</td>
<td>Tuberías prefabricadas, sobre una cama compuesta 
de material de grava y confinado en relleno con material seleccionado.</td>
</tr>
<tr>
<td>AH</td>
<td>1</td>
</tr>
<tr bgcolor="#D4E4F3">
<td>ZH</td>
<td>15</td>
</tr>
<tr>
<td>SZH</td>
<td>1508</td>
</tr>
<tr bgcolor="#D4E4F3">
<td>N_NV_SUB</td>
<td>&lt;Null&gt;</td>
</tr>
<tr>
<td>C_NV_SUB</td>
<td>&lt;Null&gt;</td>
</tr>
<tr bgcolor="#D4E4F3">
<td>N_MIC_CUE</td>
<td>Arroyo Apariuohu</td>
</tr>
<tr>
<td>C_MIC_CUE</td>
<td>&lt;Null&gt;</td>
</tr>
<tr bgcolor="#D4E4F3">
<td>OBSERV</td>
<td>La construcción de esta ocupación no ha dado inicio a la fecha de corte del presente informe. El proyecto se encuentra suspendido desde el 15 de octubre del 2022.</td>
</tr>
<tr>
<td>COTA</td>
<td>20,6971</td>
</tr>
<tr bgcolor="#D4E4F3">
<td>COOR_ESTE</td>
<td>5095243,8621</td>
</tr>
<tr>
<td>COOR_NORTE</td>
<td>2820900,1526</td>
</tr>
</table>
</td>
</tr>
</table>
</body><script type="text/javascript">
				function changeImage(attElement, nameElement) {
				document.getElementById('imageAttachment').src = attElement;
				document.getElementById('imageName').innerHTML = nameElement;}
			</script></html>
]]></description>
      <Point>
        <extrude>0</extrude><altitudeMode>clampToGround</altitudeMode>
        <coordinates> -72.12655406248179,11.42716799240887,0</coordinates>
      </Point>
    </Placemark>
    <Placemark id="ID_00033">
      <name>O35</name>
      <snippet></snippet>
      <description><![CDATA[<html xmlns:fo="http://www.w3.org/1999/XSL/Format" xmlns:msxsl="urn:schemas-microsoft-com:xslt">
<head>
<META http-equiv="Content-Type" content="text/html">
<meta http-equiv="content-type" content="text/html; charset=UTF-8">
</head>
<body style="margin:0px 0px 0px 0px;overflow:auto;background:#FFFFFF;">
<table style="font-family:Arial,Verdana,Times;font-size:12px;text-align:left;width:100%;border-collapse:collapse;padding:3px 3px 3px 3px">
<tr style="text-align:center;font-weight:bold;background:#9CBCE2">
<td>LAV0002-00-2021</td>
</tr>
<tr>
<td>
<table style="font-family:Arial,Verdana,Times;font-size:12px;text-align:left;width:100%;border-spacing:0px; padding:3px 3px 3px 3px">
<tr>
<td>SHAPE</td>
<td>Point</td>
</tr>
<tr bgcolor="#D4E4F3">
<td>EXPEDIENTE</td>
<td>LAV0002-00-2021</td>
</tr>
<tr>
<td>OPERADOR</td>
<td>WIND AUTOGENERACIÓN S.A.S.</td>
</tr>
<tr bgcolor="#D4E4F3">
<td>PROYECTO</td>
<td>Línea eléctrica de transmisión Parque Eólico Windpeshi – Subestación Cuestecitas</td>
</tr>
<tr>
<td>NUM_ACT_AD</td>
<td>01621</td>
</tr>
<tr bgcolor="#D4E4F3">
<td>FEC_ACT_AD</td>
<td>13/09/2021</td>
</tr>
<tr>
<td>ART_ACT_AD</td>
<td>Artículo Tercero, Númeral 2.</td>
</tr>
<tr bgcolor="#D4E4F3">
<td>VEREDA</td>
<td>Comunidad Siboru</td>
</tr>
<tr>
<td>MUNICIPIO</td>
<td>44430</td>
</tr>
<tr bgcolor="#D4E4F3">
<td>DEPTO</td>
<td>44</td>
</tr>
<tr>
<td>CAR</td>
<td>1021</td>
</tr>
<tr bgcolor="#D4E4F3">
<td>NOMBRE</td>
<td>O35</td>
</tr>
<tr>
<td>ID_OCU_CAU</td>
<td>O35</td>
</tr>
<tr bgcolor="#D4E4F3">
<td>NOM_C_AG</td>
<td>Arroyo Apariuohu</td>
</tr>
<tr>
<td>ESTADO_OC</td>
<td>2001</td>
</tr>
<tr bgcolor="#D4E4F3">
<td>MARGEN</td>
<td>2011</td>
</tr>
<tr>
<td>T_CAUDAL</td>
<td>2120</td>
</tr>
<tr bgcolor="#D4E4F3">
<td>T_FUE_SUP</td>
<td>2212</td>
</tr>
<tr>
<td>TIPO_OCUP</td>
<td>Alcantarilla</td>
</tr>
<tr bgcolor="#D4E4F3">
<td>ESPECIFIC</td>
<td>Tuberías prefabricadas, sobre una cama compuesta 
de material de grava y confinado en relleno con material seleccionado.</td>
</tr>
<tr>
<td>AH</td>
<td>1</td>
</tr>
<tr bgcolor="#D4E4F3">
<td>ZH</td>
<td>15</td>
</tr>
<tr>
<td>SZH</td>
<td>1508</td>
</tr>
<tr bgcolor="#D4E4F3">
<td>N_NV_SUB</td>
<td>&lt;Null&gt;</td>
</tr>
<tr>
<td>C_NV_SUB</td>
<td>&lt;Null&gt;</td>
</tr>
<tr bgcolor="#D4E4F3">
<td>N_MIC_CUE</td>
<td>Arroyo Apariuohu</td>
</tr>
<tr>
<td>C_MIC_CUE</td>
<td>&lt;Null&gt;</td>
</tr>
<tr bgcolor="#D4E4F3">
<td>OBSERV</td>
<td>La construcción de esta ocupación no ha dado inicio a la fecha de corte del presente informe. El proyecto se encuentra suspendido desde el 15 de octubre del 2022.</td>
</tr>
<tr>
<td>COTA</td>
<td>16,808701</td>
</tr>
<tr bgcolor="#D4E4F3">
<td>COOR_ESTE</td>
<td>5095242,4878</td>
</tr>
<tr>
<td>COOR_NORTE</td>
<td>2820109,1686</td>
</tr>
</table>
</td>
</tr>
</table>
</body><script type="text/javascript">
				function changeImage(attElement, nameElement) {
				document.getElementById('imageAttachment').src = attElement;
				document.getElementById('imageName').innerHTML = nameElement;}
			</script></html>
]]></description>
      <Point>
        <extrude>0</extrude><altitudeMode>clampToGround</altitudeMode>
        <coordinates> -72.12658856549953,11.42001254132771,0</coordinates>
      </Point>
    </Placemark>
    <Placemark id="ID_00034">
      <name>O36</name>
      <snippet></snippet>
      <description><![CDATA[<html xmlns:fo="http://www.w3.org/1999/XSL/Format" xmlns:msxsl="urn:schemas-microsoft-com:xslt">
<head>
<META http-equiv="Content-Type" content="text/html">
<meta http-equiv="content-type" content="text/html; charset=UTF-8">
</head>
<body style="margin:0px 0px 0px 0px;overflow:auto;background:#FFFFFF;">
<table style="font-family:Arial,Verdana,Times;font-size:12px;text-align:left;width:100%;border-collapse:collapse;padding:3px 3px 3px 3px">
<tr style="text-align:center;font-weight:bold;background:#9CBCE2">
<td>LAV0002-00-2021</td>
</tr>
<tr>
<td>
<table style="font-family:Arial,Verdana,Times;font-size:12px;text-align:left;width:100%;border-spacing:0px; padding:3px 3px 3px 3px">
<tr>
<td>SHAPE</td>
<td>Point</td>
</tr>
<tr bgcolor="#D4E4F3">
<td>EXPEDIENTE</td>
<td>LAV0002-00-2021</td>
</tr>
<tr>
<td>OPERADOR</td>
<td>WIND AUTOGENERACIÓN S.A.S.</td>
</tr>
<tr bgcolor="#D4E4F3">
<td>PROYECTO</td>
<td>Línea eléctrica de transmisión Parque Eólico Windpeshi – Subestación Cuestecitas</td>
</tr>
<tr>
<td>NUM_ACT_AD</td>
<td>01621</td>
</tr>
<tr bgcolor="#D4E4F3">
<td>FEC_ACT_AD</td>
<td>13/09/2021</td>
</tr>
<tr>
<td>ART_ACT_AD</td>
<td>Artículo Tercero, Númeral 2.</td>
</tr>
<tr bgcolor="#D4E4F3">
<td>VEREDA</td>
<td>Comunidad de Sabana Larga</td>
</tr>
<tr>
<td>MUNICIPIO</td>
<td>44430</td>
</tr>
<tr bgcolor="#D4E4F3">
<td>DEPTO</td>
<td>44</td>
</tr>
<tr>
<td>CAR</td>
<td>1021</td>
</tr>
<tr bgcolor="#D4E4F3">
<td>NOMBRE</td>
<td>O36</td>
</tr>
<tr>
<td>ID_OCU_CAU</td>
<td>O36</td>
</tr>
<tr bgcolor="#D4E4F3">
<td>NOM_C_AG</td>
<td>Arroyo Apariuohu</td>
</tr>
<tr>
<td>ESTADO_OC</td>
<td>2001</td>
</tr>
<tr bgcolor="#D4E4F3">
<td>MARGEN</td>
<td>2011</td>
</tr>
<tr>
<td>T_CAUDAL</td>
<td>2120</td>
</tr>
<tr bgcolor="#D4E4F3">
<td>T_FUE_SUP</td>
<td>2212</td>
</tr>
<tr>
<td>TIPO_OCUP</td>
<td>Alcantarilla</td>
</tr>
<tr bgcolor="#D4E4F3">
<td>ESPECIFIC</td>
<td>Tuberías prefabricadas, sobre una cama compuesta 
de material de grava y confinado en relleno con material seleccionado.</td>
</tr>
<tr>
<td>AH</td>
<td>1</td>
</tr>
<tr bgcolor="#D4E4F3">
<td>ZH</td>
<td>15</td>
</tr>
<tr>
<td>SZH</td>
<td>1508</td>
</tr>
<tr bgcolor="#D4E4F3">
<td>N_NV_SUB</td>
<td>&lt;Null&gt;</td>
</tr>
<tr>
<td>C_NV_SUB</td>
<td>&lt;Null&gt;</td>
</tr>
<tr bgcolor="#D4E4F3">
<td>N_MIC_CUE</td>
<td>Arroyo Apariuohu</td>
</tr>
<tr>
<td>C_MIC_CUE</td>
<td>&lt;Null&gt;</td>
</tr>
<tr bgcolor="#D4E4F3">
<td>OBSERV</td>
<td>La construcción de esta ocupación no ha dado inicio a la fecha de corte del presente informe. El proyecto se encuentra suspendido desde el 15 de octubre del 2022.</td>
</tr>
<tr>
<td>COTA</td>
<td>16,552601</td>
</tr>
<tr bgcolor="#D4E4F3">
<td>COOR_ESTE</td>
<td>5095269,7052</td>
</tr>
<tr>
<td>COOR_NORTE</td>
<td>2820266,6132</td>
</tr>
</table>
</td>
</tr>
</table>
</body><script type="text/javascript">
				function changeImage(attElement, nameElement) {
				document.getElementById('imageAttachment').src = attElement;
				document.getElementById('imageName').innerHTML = nameElement;}
			</script></html>
]]></description>
      <Point>
        <extrude>0</extrude><altitudeMode>clampToGround</altitudeMode>
        <coordinates> -72.12633463193301,11.42143609128444,0</coordinates>
      </Point>
    </Placemark>
    <Placemark id="ID_00035">
      <name>O37</name>
      <snippet></snippet>
      <description><![CDATA[<html xmlns:fo="http://www.w3.org/1999/XSL/Format" xmlns:msxsl="urn:schemas-microsoft-com:xslt">
<head>
<META http-equiv="Content-Type" content="text/html">
<meta http-equiv="content-type" content="text/html; charset=UTF-8">
</head>
<body style="margin:0px 0px 0px 0px;overflow:auto;background:#FFFFFF;">
<table style="font-family:Arial,Verdana,Times;font-size:12px;text-align:left;width:100%;border-collapse:collapse;padding:3px 3px 3px 3px">
<tr style="text-align:center;font-weight:bold;background:#9CBCE2">
<td>LAV0002-00-2021</td>
</tr>
<tr>
<td>
<table style="font-family:Arial,Verdana,Times;font-size:12px;text-align:left;width:100%;border-spacing:0px; padding:3px 3px 3px 3px">
<tr>
<td>SHAPE</td>
<td>Point</td>
</tr>
<tr bgcolor="#D4E4F3">
<td>EXPEDIENTE</td>
<td>LAV0002-00-2021</td>
</tr>
<tr>
<td>OPERADOR</td>
<td>WIND AUTOGENERACIÓN S.A.S.</td>
</tr>
<tr bgcolor="#D4E4F3">
<td>PROYECTO</td>
<td>Línea eléctrica de transmisión Parque Eólico Windpeshi – Subestación Cuestecitas</td>
</tr>
<tr>
<td>NUM_ACT_AD</td>
<td>01621</td>
</tr>
<tr bgcolor="#D4E4F3">
<td>FEC_ACT_AD</td>
<td>13/09/2021</td>
</tr>
<tr>
<td>ART_ACT_AD</td>
<td>Artículo Tercero, Númeral 2.</td>
</tr>
<tr bgcolor="#D4E4F3">
<td>VEREDA</td>
<td>Comunidad de Sabana Larga</td>
</tr>
<tr>
<td>MUNICIPIO</td>
<td>44430</td>
</tr>
<tr bgcolor="#D4E4F3">
<td>DEPTO</td>
<td>44</td>
</tr>
<tr>
<td>CAR</td>
<td>1021</td>
</tr>
<tr bgcolor="#D4E4F3">
<td>NOMBRE</td>
<td>O37</td>
</tr>
<tr>
<td>ID_OCU_CAU</td>
<td>O37</td>
</tr>
<tr bgcolor="#D4E4F3">
<td>NOM_C_AG</td>
<td>Arroyo Apariuohu</td>
</tr>
<tr>
<td>ESTADO_OC</td>
<td>2001</td>
</tr>
<tr bgcolor="#D4E4F3">
<td>MARGEN</td>
<td>2011</td>
</tr>
<tr>
<td>T_CAUDAL</td>
<td>2120</td>
</tr>
<tr bgcolor="#D4E4F3">
<td>T_FUE_SUP</td>
<td>2212</td>
</tr>
<tr>
<td>TIPO_OCUP</td>
<td>Alcantarilla</td>
</tr>
<tr bgcolor="#D4E4F3">
<td>ESPECIFIC</td>
<td>Tuberías prefabricadas, sobre una cama compuesta 
de material de grava y confinado en relleno con material seleccionado.</td>
</tr>
<tr>
<td>AH</td>
<td>1</td>
</tr>
<tr bgcolor="#D4E4F3">
<td>ZH</td>
<td>15</td>
</tr>
<tr>
<td>SZH</td>
<td>1508</td>
</tr>
<tr bgcolor="#D4E4F3">
<td>N_NV_SUB</td>
<td>&lt;Null&gt;</td>
</tr>
<tr>
<td>C_NV_SUB</td>
<td>&lt;Null&gt;</td>
</tr>
<tr bgcolor="#D4E4F3">
<td>N_MIC_CUE</td>
<td>Arroyo Apariuohu</td>
</tr>
<tr>
<td>C_MIC_CUE</td>
<td>&lt;Null&gt;</td>
</tr>
<tr bgcolor="#D4E4F3">
<td>OBSERV</td>
<td>La construcción de esta ocupación no ha dado inicio a la fecha de corte del presente informe. El proyecto se encuentra suspendido desde el 15 de octubre del 2022.</td>
</tr>
<tr>
<td>COTA</td>
<td>14,2683</td>
</tr>
<tr bgcolor="#D4E4F3">
<td>COOR_ESTE</td>
<td>5095686,0912</td>
</tr>
<tr>
<td>COOR_NORTE</td>
<td>2819993,628</td>
</tr>
</table>
</td>
</tr>
</table>
</body><script type="text/javascript">
				function changeImage(attElement, nameElement) {
				document.getElementById('imageAttachment').src = attElement;
				document.getElementById('imageName').innerHTML = nameElement;}
			</script></html>
]]></description>
      <Point>
        <extrude>0</extrude><altitudeMode>clampToGround</altitudeMode>
        <coordinates> -72.122524090651,11.41895518429521,0</coordinates>
      </Point>
    </Placemark>
    <Placemark id="ID_00036">
      <name>O38</name>
      <snippet></snippet>
      <description><![CDATA[<html xmlns:fo="http://www.w3.org/1999/XSL/Format" xmlns:msxsl="urn:schemas-microsoft-com:xslt">
<head>
<META http-equiv="Content-Type" content="text/html">
<meta http-equiv="content-type" content="text/html; charset=UTF-8">
</head>
<body style="margin:0px 0px 0px 0px;overflow:auto;background:#FFFFFF;">
<table style="font-family:Arial,Verdana,Times;font-size:12px;text-align:left;width:100%;border-collapse:collapse;padding:3px 3px 3px 3px">
<tr style="text-align:center;font-weight:bold;background:#9CBCE2">
<td>LAV0002-00-2021</td>
</tr>
<tr>
<td>
<table style="font-family:Arial,Verdana,Times;font-size:12px;text-align:left;width:100%;border-spacing:0px; padding:3px 3px 3px 3px">
<tr>
<td>SHAPE</td>
<td>Point</td>
</tr>
<tr bgcolor="#D4E4F3">
<td>EXPEDIENTE</td>
<td>LAV0002-00-2021</td>
</tr>
<tr>
<td>OPERADOR</td>
<td>WIND AUTOGENERACIÓN S.A.S.</td>
</tr>
<tr bgcolor="#D4E4F3">
<td>PROYECTO</td>
<td>Línea eléctrica de transmisión Parque Eólico Windpeshi – Subestación Cuestecitas</td>
</tr>
<tr>
<td>NUM_ACT_AD</td>
<td>01621</td>
</tr>
<tr bgcolor="#D4E4F3">
<td>FEC_ACT_AD</td>
<td>13/09/2021</td>
</tr>
<tr>
<td>ART_ACT_AD</td>
<td>Artículo Tercero, Númeral 2.</td>
</tr>
<tr bgcolor="#D4E4F3">
<td>VEREDA</td>
<td>Comunidad San Luis</td>
</tr>
<tr>
<td>MUNICIPIO</td>
<td>44430</td>
</tr>
<tr bgcolor="#D4E4F3">
<td>DEPTO</td>
<td>44</td>
</tr>
<tr>
<td>CAR</td>
<td>1021</td>
</tr>
<tr bgcolor="#D4E4F3">
<td>NOMBRE</td>
<td>O38</td>
</tr>
<tr>
<td>ID_OCU_CAU</td>
<td>O38</td>
</tr>
<tr bgcolor="#D4E4F3">
<td>NOM_C_AG</td>
<td>Arroyo Apariuohu</td>
</tr>
<tr>
<td>ESTADO_OC</td>
<td>2001</td>
</tr>
<tr bgcolor="#D4E4F3">
<td>MARGEN</td>
<td>2011</td>
</tr>
<tr>
<td>T_CAUDAL</td>
<td>2120</td>
</tr>
<tr bgcolor="#D4E4F3">
<td>T_FUE_SUP</td>
<td>2212</td>
</tr>
<tr>
<td>TIPO_OCUP</td>
<td>Alcantarilla</td>
</tr>
<tr bgcolor="#D4E4F3">
<td>ESPECIFIC</td>
<td>Tuberías prefabricadas, sobre una cama compuesta 
de material de grava y confinado en relleno con material seleccionado.</td>
</tr>
<tr>
<td>AH</td>
<td>1</td>
</tr>
<tr bgcolor="#D4E4F3">
<td>ZH</td>
<td>15</td>
</tr>
<tr>
<td>SZH</td>
<td>1508</td>
</tr>
<tr bgcolor="#D4E4F3">
<td>N_NV_SUB</td>
<td>&lt;Null&gt;</td>
</tr>
<tr>
<td>C_NV_SUB</td>
<td>&lt;Null&gt;</td>
</tr>
<tr bgcolor="#D4E4F3">
<td>N_MIC_CUE</td>
<td>Arroyo Apariuohu</td>
</tr>
<tr>
<td>C_MIC_CUE</td>
<td>&lt;Null&gt;</td>
</tr>
<tr bgcolor="#D4E4F3">
<td>OBSERV</td>
<td>La construcción de esta ocupación no ha dado inicio a la fecha de corte del presente informe. El proyecto se encuentra suspendido desde el 15 de octubre del 2022.</td>
</tr>
<tr>
<td>COTA</td>
<td>16,318199</td>
</tr>
<tr bgcolor="#D4E4F3">
<td>COOR_ESTE</td>
<td>5095251,2459</td>
</tr>
<tr>
<td>COOR_NORTE</td>
<td>2819187,1146</td>
</tr>
</table>
</td>
</tr>
</table>
</body><script type="text/javascript">
				function changeImage(attElement, nameElement) {
				document.getElementById('imageAttachment').src = attElement;
				document.getElementById('imageName').innerHTML = nameElement;}
			</script></html>
]]></description>
      <Point>
        <extrude>0</extrude><altitudeMode>clampToGround</altitudeMode>
        <coordinates> -72.12653377054818,11.41167110904924,0</coordinates>
      </Point>
    </Placemark>
    <Placemark id="ID_00037">
      <name>O39</name>
      <snippet></snippet>
      <description><![CDATA[<html xmlns:fo="http://www.w3.org/1999/XSL/Format" xmlns:msxsl="urn:schemas-microsoft-com:xslt">
<head>
<META http-equiv="Content-Type" content="text/html">
<meta http-equiv="content-type" content="text/html; charset=UTF-8">
</head>
<body style="margin:0px 0px 0px 0px;overflow:auto;background:#FFFFFF;">
<table style="font-family:Arial,Verdana,Times;font-size:12px;text-align:left;width:100%;border-collapse:collapse;padding:3px 3px 3px 3px">
<tr style="text-align:center;font-weight:bold;background:#9CBCE2">
<td>LAV0002-00-2021</td>
</tr>
<tr>
<td>
<table style="font-family:Arial,Verdana,Times;font-size:12px;text-align:left;width:100%;border-spacing:0px; padding:3px 3px 3px 3px">
<tr>
<td>SHAPE</td>
<td>Point</td>
</tr>
<tr bgcolor="#D4E4F3">
<td>EXPEDIENTE</td>
<td>LAV0002-00-2021</td>
</tr>
<tr>
<td>OPERADOR</td>
<td>WIND AUTOGENERACIÓN S.A.S.</td>
</tr>
<tr bgcolor="#D4E4F3">
<td>PROYECTO</td>
<td>Línea eléctrica de transmisión Parque Eólico Windpeshi – Subestación Cuestecitas</td>
</tr>
<tr>
<td>NUM_ACT_AD</td>
<td>01621</td>
</tr>
<tr bgcolor="#D4E4F3">
<td>FEC_ACT_AD</td>
<td>13/09/2021</td>
</tr>
<tr>
<td>ART_ACT_AD</td>
<td>Artículo Tercero, Númeral 2.</td>
</tr>
<tr bgcolor="#D4E4F3">
<td>VEREDA</td>
<td>Comunidad San Luis</td>
</tr>
<tr>
<td>MUNICIPIO</td>
<td>44430</td>
</tr>
<tr bgcolor="#D4E4F3">
<td>DEPTO</td>
<td>44</td>
</tr>
<tr>
<td>CAR</td>
<td>1021</td>
</tr>
<tr bgcolor="#D4E4F3">
<td>NOMBRE</td>
<td>O39</td>
</tr>
<tr>
<td>ID_OCU_CAU</td>
<td>O39</td>
</tr>
<tr bgcolor="#D4E4F3">
<td>NOM_C_AG</td>
<td>Arroyo Apariuohu</td>
</tr>
<tr>
<td>ESTADO_OC</td>
<td>2001</td>
</tr>
<tr bgcolor="#D4E4F3">
<td>MARGEN</td>
<td>2011</td>
</tr>
<tr>
<td>T_CAUDAL</td>
<td>2120</td>
</tr>
<tr bgcolor="#D4E4F3">
<td>T_FUE_SUP</td>
<td>2212</td>
</tr>
<tr>
<td>TIPO_OCUP</td>
<td>Alcantarilla</td>
</tr>
<tr bgcolor="#D4E4F3">
<td>ESPECIFIC</td>
<td>Tuberías prefabricadas, sobre una cama compuesta 
de material de grava y confinado en relleno con material seleccionado.</td>
</tr>
<tr>
<td>AH</td>
<td>1</td>
</tr>
<tr bgcolor="#D4E4F3">
<td>ZH</td>
<td>15</td>
</tr>
<tr>
<td>SZH</td>
<td>1508</td>
</tr>
<tr bgcolor="#D4E4F3">
<td>N_NV_SUB</td>
<td>&lt;Null&gt;</td>
</tr>
<tr>
<td>C_NV_SUB</td>
<td>&lt;Null&gt;</td>
</tr>
<tr bgcolor="#D4E4F3">
<td>N_MIC_CUE</td>
<td>Arroyo Apariuohu</td>
</tr>
<tr>
<td>C_MIC_CUE</td>
<td>&lt;Null&gt;</td>
</tr>
<tr bgcolor="#D4E4F3">
<td>OBSERV</td>
<td>La construcción de esta ocupación no ha dado inicio a la fecha de corte del presente informe. El proyecto se encuentra suspendido desde el 15 de octubre del 2022.</td>
</tr>
<tr>
<td>COTA</td>
<td>20,8899</td>
</tr>
<tr bgcolor="#D4E4F3">
<td>COOR_ESTE</td>
<td>5095239,4318</td>
</tr>
<tr>
<td>COOR_NORTE</td>
<td>2818666,7592</td>
</tr>
</table>
</td>
</tr>
</table>
</body><script type="text/javascript">
				function changeImage(attElement, nameElement) {
				document.getElementById('imageAttachment').src = attElement;
				document.getElementById('imageName').innerHTML = nameElement;}
			</script></html>
]]></description>
      <Point>
        <extrude>0</extrude><altitudeMode>clampToGround</altitudeMode>
        <coordinates> -72.12665648659089,11.4069641290773,0</coordinates>
      </Point>
    </Placemark>
    <Placemark id="ID_00038">
      <name>O40</name>
      <snippet></snippet>
      <description><![CDATA[<html xmlns:fo="http://www.w3.org/1999/XSL/Format" xmlns:msxsl="urn:schemas-microsoft-com:xslt">
<head>
<META http-equiv="Content-Type" content="text/html">
<meta http-equiv="content-type" content="text/html; charset=UTF-8">
</head>
<body style="margin:0px 0px 0px 0px;overflow:auto;background:#FFFFFF;">
<table style="font-family:Arial,Verdana,Times;font-size:12px;text-align:left;width:100%;border-collapse:collapse;padding:3px 3px 3px 3px">
<tr style="text-align:center;font-weight:bold;background:#9CBCE2">
<td>LAV0002-00-2021</td>
</tr>
<tr>
<td>
<table style="font-family:Arial,Verdana,Times;font-size:12px;text-align:left;width:100%;border-spacing:0px; padding:3px 3px 3px 3px">
<tr>
<td>SHAPE</td>
<td>Point</td>
</tr>
<tr bgcolor="#D4E4F3">
<td>EXPEDIENTE</td>
<td>LAV0002-00-2021</td>
</tr>
<tr>
<td>OPERADOR</td>
<td>WIND AUTOGENERACIÓN S.A.S.</td>
</tr>
<tr bgcolor="#D4E4F3">
<td>PROYECTO</td>
<td>Línea eléctrica de transmisión Parque Eólico Windpeshi – Subestación Cuestecitas</td>
</tr>
<tr>
<td>NUM_ACT_AD</td>
<td>01621</td>
</tr>
<tr bgcolor="#D4E4F3">
<td>FEC_ACT_AD</td>
<td>13/09/2021</td>
</tr>
<tr>
<td>ART_ACT_AD</td>
<td>Artículo Tercero, Númeral 2.</td>
</tr>
<tr bgcolor="#D4E4F3">
<td>VEREDA</td>
<td>Comunidad San Luis</td>
</tr>
<tr>
<td>MUNICIPIO</td>
<td>44430</td>
</tr>
<tr bgcolor="#D4E4F3">
<td>DEPTO</td>
<td>44</td>
</tr>
<tr>
<td>CAR</td>
<td>1021</td>
</tr>
<tr bgcolor="#D4E4F3">
<td>NOMBRE</td>
<td>O40</td>
</tr>
<tr>
<td>ID_OCU_CAU</td>
<td>O40</td>
</tr>
<tr bgcolor="#D4E4F3">
<td>NOM_C_AG</td>
<td>Río Carraipía</td>
</tr>
<tr>
<td>ESTADO_OC</td>
<td>2001</td>
</tr>
<tr bgcolor="#D4E4F3">
<td>MARGEN</td>
<td>2011</td>
</tr>
<tr>
<td>T_CAUDAL</td>
<td>2120</td>
</tr>
<tr bgcolor="#D4E4F3">
<td>T_FUE_SUP</td>
<td>2210</td>
</tr>
<tr>
<td>TIPO_OCUP</td>
<td>Alcantarilla</td>
</tr>
<tr bgcolor="#D4E4F3">
<td>ESPECIFIC</td>
<td>Tuberías prefabricadas, sobre una cama compuesta 
de material de grava y confinado en relleno con material seleccionado.</td>
</tr>
<tr>
<td>AH</td>
<td>1</td>
</tr>
<tr bgcolor="#D4E4F3">
<td>ZH</td>
<td>15</td>
</tr>
<tr>
<td>SZH</td>
<td>1508</td>
</tr>
<tr bgcolor="#D4E4F3">
<td>N_NV_SUB</td>
<td>&lt;Null&gt;</td>
</tr>
<tr>
<td>C_NV_SUB</td>
<td>&lt;Null&gt;</td>
</tr>
<tr bgcolor="#D4E4F3">
<td>N_MIC_CUE</td>
<td>Río Carraipía</td>
</tr>
<tr>
<td>C_MIC_CUE</td>
<td>&lt;Null&gt;</td>
</tr>
<tr bgcolor="#D4E4F3">
<td>OBSERV</td>
<td>La construcción de esta ocupación no ha dado inicio a la fecha de corte del presente informe. El proyecto se encuentra suspendido desde el 15 de octubre del 2022.</td>
</tr>
<tr>
<td>COTA</td>
<td>24,048201</td>
</tr>
<tr bgcolor="#D4E4F3">
<td>COOR_ESTE</td>
<td>5095244,4191</td>
</tr>
<tr>
<td>COOR_NORTE</td>
<td>2818122,0376</td>
</tr>
</table>
</td>
</tr>
</table>
</body><script type="text/javascript">
				function changeImage(attElement, nameElement) {
				document.getElementById('imageAttachment').src = attElement;
				document.getElementById('imageName').innerHTML = nameElement;}
			</script></html>
]]></description>
      <Point>
        <extrude>0</extrude><altitudeMode>clampToGround</altitudeMode>
        <coordinates> -72.126625812591,11.40203626465356,0</coordinates>
      </Point>
    </Placemark>
    <Placemark id="ID_00039">
      <name>O41</name>
      <snippet></snippet>
      <description><![CDATA[<html xmlns:fo="http://www.w3.org/1999/XSL/Format" xmlns:msxsl="urn:schemas-microsoft-com:xslt">
<head>
<META http-equiv="Content-Type" content="text/html">
<meta http-equiv="content-type" content="text/html; charset=UTF-8">
</head>
<body style="margin:0px 0px 0px 0px;overflow:auto;background:#FFFFFF;">
<table style="font-family:Arial,Verdana,Times;font-size:12px;text-align:left;width:100%;border-collapse:collapse;padding:3px 3px 3px 3px">
<tr style="text-align:center;font-weight:bold;background:#9CBCE2">
<td>LAV0002-00-2021</td>
</tr>
<tr>
<td>
<table style="font-family:Arial,Verdana,Times;font-size:12px;text-align:left;width:100%;border-spacing:0px; padding:3px 3px 3px 3px">
<tr>
<td>SHAPE</td>
<td>Point</td>
</tr>
<tr bgcolor="#D4E4F3">
<td>EXPEDIENTE</td>
<td>LAV0002-00-2021</td>
</tr>
<tr>
<td>OPERADOR</td>
<td>WIND AUTOGENERACIÓN S.A.S.</td>
</tr>
<tr bgcolor="#D4E4F3">
<td>PROYECTO</td>
<td>Línea eléctrica de transmisión Parque Eólico Windpeshi – Subestación Cuestecitas</td>
</tr>
<tr>
<td>NUM_ACT_AD</td>
<td>01621</td>
</tr>
<tr bgcolor="#D4E4F3">
<td>FEC_ACT_AD</td>
<td>13/09/2021</td>
</tr>
<tr>
<td>ART_ACT_AD</td>
<td>Artículo Tercero, Númeral 2.</td>
</tr>
<tr bgcolor="#D4E4F3">
<td>VEREDA</td>
<td>Comunidad Chuluita</td>
</tr>
<tr>
<td>MUNICIPIO</td>
<td>44430</td>
</tr>
<tr bgcolor="#D4E4F3">
<td>DEPTO</td>
<td>44</td>
</tr>
<tr>
<td>CAR</td>
<td>1021</td>
</tr>
<tr bgcolor="#D4E4F3">
<td>NOMBRE</td>
<td>O41</td>
</tr>
<tr>
<td>ID_OCU_CAU</td>
<td>O41</td>
</tr>
<tr bgcolor="#D4E4F3">
<td>NOM_C_AG</td>
<td>Río Carraipía</td>
</tr>
<tr>
<td>ESTADO_OC</td>
<td>2001</td>
</tr>
<tr bgcolor="#D4E4F3">
<td>MARGEN</td>
<td>2011</td>
</tr>
<tr>
<td>T_CAUDAL</td>
<td>2120</td>
</tr>
<tr bgcolor="#D4E4F3">
<td>T_FUE_SUP</td>
<td>2210</td>
</tr>
<tr>
<td>TIPO_OCUP</td>
<td>Alcantarilla</td>
</tr>
<tr bgcolor="#D4E4F3">
<td>ESPECIFIC</td>
<td>Tuberías prefabricadas, sobre una cama compuesta 
de material de grava y confinado en relleno con material seleccionado.</td>
</tr>
<tr>
<td>AH</td>
<td>1</td>
</tr>
<tr bgcolor="#D4E4F3">
<td>ZH</td>
<td>15</td>
</tr>
<tr>
<td>SZH</td>
<td>1508</td>
</tr>
<tr bgcolor="#D4E4F3">
<td>N_NV_SUB</td>
<td>&lt;Null&gt;</td>
</tr>
<tr>
<td>C_NV_SUB</td>
<td>&lt;Null&gt;</td>
</tr>
<tr bgcolor="#D4E4F3">
<td>N_MIC_CUE</td>
<td>Río Carraipía</td>
</tr>
<tr>
<td>C_MIC_CUE</td>
<td>&lt;Null&gt;</td>
</tr>
<tr bgcolor="#D4E4F3">
<td>OBSERV</td>
<td>La construcción de esta ocupación no ha dado inicio a la fecha de corte del presente informe. El proyecto se encuentra suspendido desde el 15 de octubre del 2022.</td>
</tr>
<tr>
<td>COTA</td>
<td>20,3787</td>
</tr>
<tr bgcolor="#D4E4F3">
<td>COOR_ESTE</td>
<td>5094536,9256</td>
</tr>
<tr>
<td>COOR_NORTE</td>
<td>2817409,4401</td>
</tr>
</table>
</td>
</tr>
</table>
</body><script type="text/javascript">
				function changeImage(attElement, nameElement) {
				document.getElementById('imageAttachment').src = attElement;
				document.getElementById('imageName').innerHTML = nameElement;}
			</script></html>
]]></description>
      <Point>
        <extrude>0</extrude><altitudeMode>clampToGround</altitudeMode>
        <coordinates> -72.13313242035152,11.39560907949601,0</coordinates>
      </Point>
    </Placemark>
    <Placemark id="ID_00040">
      <name>O42</name>
      <snippet></snippet>
      <description><![CDATA[<html xmlns:fo="http://www.w3.org/1999/XSL/Format" xmlns:msxsl="urn:schemas-microsoft-com:xslt">
<head>
<META http-equiv="Content-Type" content="text/html">
<meta http-equiv="content-type" content="text/html; charset=UTF-8">
</head>
<body style="margin:0px 0px 0px 0px;overflow:auto;background:#FFFFFF;">
<table style="font-family:Arial,Verdana,Times;font-size:12px;text-align:left;width:100%;border-collapse:collapse;padding:3px 3px 3px 3px">
<tr style="text-align:center;font-weight:bold;background:#9CBCE2">
<td>LAV0002-00-2021</td>
</tr>
<tr>
<td>
<table style="font-family:Arial,Verdana,Times;font-size:12px;text-align:left;width:100%;border-spacing:0px; padding:3px 3px 3px 3px">
<tr>
<td>SHAPE</td>
<td>Point</td>
</tr>
<tr bgcolor="#D4E4F3">
<td>EXPEDIENTE</td>
<td>LAV0002-00-2021</td>
</tr>
<tr>
<td>OPERADOR</td>
<td>WIND AUTOGENERACIÓN S.A.S.</td>
</tr>
<tr bgcolor="#D4E4F3">
<td>PROYECTO</td>
<td>Línea eléctrica de transmisión Parque Eólico Windpeshi – Subestación Cuestecitas</td>
</tr>
<tr>
<td>NUM_ACT_AD</td>
<td>01621</td>
</tr>
<tr bgcolor="#D4E4F3">
<td>FEC_ACT_AD</td>
<td>13/09/2021</td>
</tr>
<tr>
<td>ART_ACT_AD</td>
<td>Artículo Tercero, Númeral 2.</td>
</tr>
<tr bgcolor="#D4E4F3">
<td>VEREDA</td>
<td>Predio San carlos II</td>
</tr>
<tr>
<td>MUNICIPIO</td>
<td>44430</td>
</tr>
<tr bgcolor="#D4E4F3">
<td>DEPTO</td>
<td>44</td>
</tr>
<tr>
<td>CAR</td>
<td>1021</td>
</tr>
<tr bgcolor="#D4E4F3">
<td>NOMBRE</td>
<td>O42</td>
</tr>
<tr>
<td>ID_OCU_CAU</td>
<td>O42</td>
</tr>
<tr bgcolor="#D4E4F3">
<td>NOM_C_AG</td>
<td>Río Carraipía</td>
</tr>
<tr>
<td>ESTADO_OC</td>
<td>2001</td>
</tr>
<tr bgcolor="#D4E4F3">
<td>MARGEN</td>
<td>2011</td>
</tr>
<tr>
<td>T_CAUDAL</td>
<td>2120</td>
</tr>
<tr bgcolor="#D4E4F3">
<td>T_FUE_SUP</td>
<td>2210</td>
</tr>
<tr>
<td>TIPO_OCUP</td>
<td>Alcantarilla</td>
</tr>
<tr bgcolor="#D4E4F3">
<td>ESPECIFIC</td>
<td>Tuberías prefabricadas, sobre una cama compuesta 
de material de grava y confinado en relleno con material seleccionado.</td>
</tr>
<tr>
<td>AH</td>
<td>1</td>
</tr>
<tr bgcolor="#D4E4F3">
<td>ZH</td>
<td>15</td>
</tr>
<tr>
<td>SZH</td>
<td>1508</td>
</tr>
<tr bgcolor="#D4E4F3">
<td>N_NV_SUB</td>
<td>&lt;Null&gt;</td>
</tr>
<tr>
<td>C_NV_SUB</td>
<td>&lt;Null&gt;</td>
</tr>
<tr bgcolor="#D4E4F3">
<td>N_MIC_CUE</td>
<td>Río Carraipía</td>
</tr>
<tr>
<td>C_MIC_CUE</td>
<td>&lt;Null&gt;</td>
</tr>
<tr bgcolor="#D4E4F3">
<td>OBSERV</td>
<td>La construcción de esta ocupación no ha dado inicio a la fecha de corte del presente informe. El proyecto se encuentra suspendido desde el 15 de octubre del 2022.</td>
</tr>
<tr>
<td>COTA</td>
<td>33,7094</td>
</tr>
<tr bgcolor="#D4E4F3">
<td>COOR_ESTE</td>
<td>5091433,1331</td>
</tr>
<tr>
<td>COOR_NORTE</td>
<td>2811574,0124</td>
</tr>
</table>
</td>
</tr>
</table>
</body><script type="text/javascript">
				function changeImage(attElement, nameElement) {
				document.getElementById('imageAttachment').src = attElement;
				document.getElementById('imageName').innerHTML = nameElement;}
			</script></html>
]]></description>
      <Point>
        <extrude>0</extrude><altitudeMode>clampToGround</altitudeMode>
        <coordinates> -72.16174517984963,11.34290185920074,0</coordinates>
      </Point>
    </Placemark>
    <Placemark id="ID_00041">
      <name>O43</name>
      <snippet></snippet>
      <description><![CDATA[<html xmlns:fo="http://www.w3.org/1999/XSL/Format" xmlns:msxsl="urn:schemas-microsoft-com:xslt">
<head>
<META http-equiv="Content-Type" content="text/html">
<meta http-equiv="content-type" content="text/html; charset=UTF-8">
</head>
<body style="margin:0px 0px 0px 0px;overflow:auto;background:#FFFFFF;">
<table style="font-family:Arial,Verdana,Times;font-size:12px;text-align:left;width:100%;border-collapse:collapse;padding:3px 3px 3px 3px">
<tr style="text-align:center;font-weight:bold;background:#9CBCE2">
<td>LAV0002-00-2021</td>
</tr>
<tr>
<td>
<table style="font-family:Arial,Verdana,Times;font-size:12px;text-align:left;width:100%;border-spacing:0px; padding:3px 3px 3px 3px">
<tr>
<td>SHAPE</td>
<td>Point</td>
</tr>
<tr bgcolor="#D4E4F3">
<td>EXPEDIENTE</td>
<td>LAV0002-00-2021</td>
</tr>
<tr>
<td>OPERADOR</td>
<td>WIND AUTOGENERACIÓN S.A.S.</td>
</tr>
<tr bgcolor="#D4E4F3">
<td>PROYECTO</td>
<td>Línea eléctrica de transmisión Parque Eólico Windpeshi – Subestación Cuestecitas</td>
</tr>
<tr>
<td>NUM_ACT_AD</td>
<td>01621</td>
</tr>
<tr bgcolor="#D4E4F3">
<td>FEC_ACT_AD</td>
<td>13/09/2021</td>
</tr>
<tr>
<td>ART_ACT_AD</td>
<td>Artículo Tercero, Númeral 2.</td>
</tr>
<tr bgcolor="#D4E4F3">
<td>VEREDA</td>
<td>Predio Patajatamana</td>
</tr>
<tr>
<td>MUNICIPIO</td>
<td>44430</td>
</tr>
<tr bgcolor="#D4E4F3">
<td>DEPTO</td>
<td>44</td>
</tr>
<tr>
<td>CAR</td>
<td>1021</td>
</tr>
<tr bgcolor="#D4E4F3">
<td>NOMBRE</td>
<td>O43</td>
</tr>
<tr>
<td>ID_OCU_CAU</td>
<td>O43</td>
</tr>
<tr bgcolor="#D4E4F3">
<td>NOM_C_AG</td>
<td>Río Carraipía</td>
</tr>
<tr>
<td>ESTADO_OC</td>
<td>2001</td>
</tr>
<tr bgcolor="#D4E4F3">
<td>MARGEN</td>
<td>2011</td>
</tr>
<tr>
<td>T_CAUDAL</td>
<td>2120</td>
</tr>
<tr bgcolor="#D4E4F3">
<td>T_FUE_SUP</td>
<td>2210</td>
</tr>
<tr>
<td>TIPO_OCUP</td>
<td>Alcantarilla</td>
</tr>
<tr bgcolor="#D4E4F3">
<td>ESPECIFIC</td>
<td>Tuberías prefabricadas, sobre una cama compuesta 
de material de grava y confinado en relleno con material seleccionado.</td>
</tr>
<tr>
<td>AH</td>
<td>1</td>
</tr>
<tr bgcolor="#D4E4F3">
<td>ZH</td>
<td>15</td>
</tr>
<tr>
<td>SZH</td>
<td>1508</td>
</tr>
<tr bgcolor="#D4E4F3">
<td>N_NV_SUB</td>
<td>&lt;Null&gt;</td>
</tr>
<tr>
<td>C_NV_SUB</td>
<td>&lt;Null&gt;</td>
</tr>
<tr bgcolor="#D4E4F3">
<td>N_MIC_CUE</td>
<td>Río Carraipía</td>
</tr>
<tr>
<td>C_MIC_CUE</td>
<td>&lt;Null&gt;</td>
</tr>
<tr bgcolor="#D4E4F3">
<td>OBSERV</td>
<td>La construcción de esta ocupación no ha dado inicio a la fecha de corte del presente informe. El proyecto se encuentra suspendido desde el 15 de octubre del 2022.</td>
</tr>
<tr>
<td>COTA</td>
<td>47,740601</td>
</tr>
<tr bgcolor="#D4E4F3">
<td>COOR_ESTE</td>
<td>5090785,4204</td>
</tr>
<tr>
<td>COOR_NORTE</td>
<td>2810188,3124</td>
</tr>
</table>
</td>
</tr>
</table>
</body><script type="text/javascript">
				function changeImage(attElement, nameElement) {
				document.getElementById('imageAttachment').src = attElement;
				document.getElementById('imageName').innerHTML = nameElement;}
			</script></html>
]]></description>
      <Point>
        <extrude>0</extrude><altitudeMode>clampToGround</altitudeMode>
        <coordinates> -72.16771921797763,11.33038297716007,0</coordinates>
      </Point>
    </Placemark>
    <Placemark id="ID_00042">
      <name>O45</name>
      <snippet></snippet>
      <description><![CDATA[<html xmlns:fo="http://www.w3.org/1999/XSL/Format" xmlns:msxsl="urn:schemas-microsoft-com:xslt">
<head>
<META http-equiv="Content-Type" content="text/html">
<meta http-equiv="content-type" content="text/html; charset=UTF-8">
</head>
<body style="margin:0px 0px 0px 0px;overflow:auto;background:#FFFFFF;">
<table style="font-family:Arial,Verdana,Times;font-size:12px;text-align:left;width:100%;border-collapse:collapse;padding:3px 3px 3px 3px">
<tr style="text-align:center;font-weight:bold;background:#9CBCE2">
<td>LAV0002-00-2021</td>
</tr>
<tr>
<td>
<table style="font-family:Arial,Verdana,Times;font-size:12px;text-align:left;width:100%;border-spacing:0px; padding:3px 3px 3px 3px">
<tr>
<td>SHAPE</td>
<td>Point</td>
</tr>
<tr bgcolor="#D4E4F3">
<td>EXPEDIENTE</td>
<td>LAV0002-00-2021</td>
</tr>
<tr>
<td>OPERADOR</td>
<td>WIND AUTOGENERACIÓN S.A.S.</td>
</tr>
<tr bgcolor="#D4E4F3">
<td>PROYECTO</td>
<td>Línea eléctrica de transmisión Parque Eólico Windpeshi – Subestación Cuestecitas</td>
</tr>
<tr>
<td>NUM_ACT_AD</td>
<td>01621</td>
</tr>
<tr bgcolor="#D4E4F3">
<td>FEC_ACT_AD</td>
<td>13/09/2021</td>
</tr>
<tr>
<td>ART_ACT_AD</td>
<td>Artículo Tercero, Númeral 2.</td>
</tr>
<tr bgcolor="#D4E4F3">
<td>VEREDA</td>
<td>Predio Guacimal</td>
</tr>
<tr>
<td>MUNICIPIO</td>
<td>44430</td>
</tr>
<tr bgcolor="#D4E4F3">
<td>DEPTO</td>
<td>44</td>
</tr>
<tr>
<td>CAR</td>
<td>1021</td>
</tr>
<tr bgcolor="#D4E4F3">
<td>NOMBRE</td>
<td>O45</td>
</tr>
<tr>
<td>ID_OCU_CAU</td>
<td>O45</td>
</tr>
<tr bgcolor="#D4E4F3">
<td>NOM_C_AG</td>
<td>Arroyo Huáittapa</td>
</tr>
<tr>
<td>ESTADO_OC</td>
<td>2001</td>
</tr>
<tr bgcolor="#D4E4F3">
<td>MARGEN</td>
<td>2011</td>
</tr>
<tr>
<td>T_CAUDAL</td>
<td>2120</td>
</tr>
<tr bgcolor="#D4E4F3">
<td>T_FUE_SUP</td>
<td>2212</td>
</tr>
<tr>
<td>TIPO_OCUP</td>
<td>Alcantarilla</td>
</tr>
<tr bgcolor="#D4E4F3">
<td>ESPECIFIC</td>
<td>Tuberías prefabricadas, sobre una cama compuesta 
de material de grava y confinado en relleno con material seleccionado.</td>
</tr>
<tr>
<td>AH</td>
<td>1</td>
</tr>
<tr bgcolor="#D4E4F3">
<td>ZH</td>
<td>15</td>
</tr>
<tr>
<td>SZH</td>
<td>1508</td>
</tr>
<tr bgcolor="#D4E4F3">
<td>N_NV_SUB</td>
<td>&lt;Null&gt;</td>
</tr>
<tr>
<td>C_NV_SUB</td>
<td>&lt;Null&gt;</td>
</tr>
<tr bgcolor="#D4E4F3">
<td>N_MIC_CUE</td>
<td>Arroyo Huáittapa</td>
</tr>
<tr>
<td>C_MIC_CUE</td>
<td>&lt;Null&gt;</td>
</tr>
<tr bgcolor="#D4E4F3">
<td>OBSERV</td>
<td>La construcción de esta ocupación no ha dado inicio a la fecha de corte del presente informe. El proyecto se encuentra suspendido desde el 15 de octubre del 2022.</td>
</tr>
<tr>
<td>COTA</td>
<td>68,735703</td>
</tr>
<tr bgcolor="#D4E4F3">
<td>COOR_ESTE</td>
<td>5084334,0442</td>
</tr>
<tr>
<td>COOR_NORTE</td>
<td>2805268,749</td>
</tr>
</table>
</td>
</tr>
</table>
</body><script type="text/javascript">
				function changeImage(attElement, nameElement) {
				document.getElementById('imageAttachment').src = attElement;
				document.getElementById('imageName').innerHTML = nameElement;}
			</script></html>
]]></description>
      <Point>
        <extrude>0</extrude><altitudeMode>clampToGround</altitudeMode>
        <coordinates> -72.22697801878168,11.28603824740961,0</coordinates>
      </Point>
    </Placemark>
    <Placemark id="ID_00043">
      <name>O46</name>
      <snippet></snippet>
      <description><![CDATA[<html xmlns:fo="http://www.w3.org/1999/XSL/Format" xmlns:msxsl="urn:schemas-microsoft-com:xslt">
<head>
<META http-equiv="Content-Type" content="text/html">
<meta http-equiv="content-type" content="text/html; charset=UTF-8">
</head>
<body style="margin:0px 0px 0px 0px;overflow:auto;background:#FFFFFF;">
<table style="font-family:Arial,Verdana,Times;font-size:12px;text-align:left;width:100%;border-collapse:collapse;padding:3px 3px 3px 3px">
<tr style="text-align:center;font-weight:bold;background:#9CBCE2">
<td>LAV0002-00-2021</td>
</tr>
<tr>
<td>
<table style="font-family:Arial,Verdana,Times;font-size:12px;text-align:left;width:100%;border-spacing:0px; padding:3px 3px 3px 3px">
<tr>
<td>SHAPE</td>
<td>Point</td>
</tr>
<tr bgcolor="#D4E4F3">
<td>EXPEDIENTE</td>
<td>LAV0002-00-2021</td>
</tr>
<tr>
<td>OPERADOR</td>
<td>WIND AUTOGENERACIÓN S.A.S.</td>
</tr>
<tr bgcolor="#D4E4F3">
<td>PROYECTO</td>
<td>Línea eléctrica de transmisión Parque Eólico Windpeshi – Subestación Cuestecitas</td>
</tr>
<tr>
<td>NUM_ACT_AD</td>
<td>01621</td>
</tr>
<tr bgcolor="#D4E4F3">
<td>FEC_ACT_AD</td>
<td>13/09/2021</td>
</tr>
<tr>
<td>ART_ACT_AD</td>
<td>Artículo Tercero, Númeral 2.</td>
</tr>
<tr bgcolor="#D4E4F3">
<td>VEREDA</td>
<td>Predio Los Remedios</td>
</tr>
<tr>
<td>MUNICIPIO</td>
<td>44430</td>
</tr>
<tr bgcolor="#D4E4F3">
<td>DEPTO</td>
<td>44</td>
</tr>
<tr>
<td>CAR</td>
<td>1021</td>
</tr>
<tr bgcolor="#D4E4F3">
<td>NOMBRE</td>
<td>O46</td>
</tr>
<tr>
<td>ID_OCU_CAU</td>
<td>O46</td>
</tr>
<tr bgcolor="#D4E4F3">
<td>NOM_C_AG</td>
<td>Arroyo Káusharain</td>
</tr>
<tr>
<td>ESTADO_OC</td>
<td>2001</td>
</tr>
<tr bgcolor="#D4E4F3">
<td>MARGEN</td>
<td>2011</td>
</tr>
<tr>
<td>T_CAUDAL</td>
<td>2120</td>
</tr>
<tr bgcolor="#D4E4F3">
<td>T_FUE_SUP</td>
<td>2212</td>
</tr>
<tr>
<td>TIPO_OCUP</td>
<td>Alcantarilla</td>
</tr>
<tr bgcolor="#D4E4F3">
<td>ESPECIFIC</td>
<td>Tuberías prefabricadas, sobre una cama compuesta 
de material de grava y confinado en relleno con material seleccionado.</td>
</tr>
<tr>
<td>AH</td>
<td>1</td>
</tr>
<tr bgcolor="#D4E4F3">
<td>ZH</td>
<td>15</td>
</tr>
<tr>
<td>SZH</td>
<td>1508</td>
</tr>
<tr bgcolor="#D4E4F3">
<td>N_NV_SUB</td>
<td>&lt;Null&gt;</td>
</tr>
<tr>
<td>C_NV_SUB</td>
<td>&lt;Null&gt;</td>
</tr>
<tr bgcolor="#D4E4F3">
<td>N_MIC_CUE</td>
<td>Arroyo Káusharain</td>
</tr>
<tr>
<td>C_MIC_CUE</td>
<td>&lt;Null&gt;</td>
</tr>
<tr bgcolor="#D4E4F3">
<td>OBSERV</td>
<td>La construcción de esta ocupación no ha dado inicio a la fecha de corte del presente informe. El proyecto se encuentra suspendido desde el 15 de octubre del 2022.</td>
</tr>
<tr>
<td>COTA</td>
<td>110,825996</td>
</tr>
<tr bgcolor="#D4E4F3">
<td>COOR_ESTE</td>
<td>5078593,4294</td>
</tr>
<tr>
<td>COOR_NORTE</td>
<td>2793846,5132</td>
</tr>
</table>
</td>
</tr>
</table>
</body><script type="text/javascript">
				function changeImage(attElement, nameElement) {
				document.getElementById('imageAttachment').src = attElement;
				document.getElementById('imageName').innerHTML = nameElement;}
			</script></html>
]]></description>
      <Point>
        <extrude>0</extrude><altitudeMode>clampToGround</altitudeMode>
        <coordinates> -72.27985097092493,11.18283641453858,0</coordinates>
      </Point>
    </Placemark>
    <Placemark id="ID_00044">
      <name>O47</name>
      <snippet></snippet>
      <description><![CDATA[<html xmlns:fo="http://www.w3.org/1999/XSL/Format" xmlns:msxsl="urn:schemas-microsoft-com:xslt">
<head>
<META http-equiv="Content-Type" content="text/html">
<meta http-equiv="content-type" content="text/html; charset=UTF-8">
</head>
<body style="margin:0px 0px 0px 0px;overflow:auto;background:#FFFFFF;">
<table style="font-family:Arial,Verdana,Times;font-size:12px;text-align:left;width:100%;border-collapse:collapse;padding:3px 3px 3px 3px">
<tr style="text-align:center;font-weight:bold;background:#9CBCE2">
<td>LAV0002-00-2021</td>
</tr>
<tr>
<td>
<table style="font-family:Arial,Verdana,Times;font-size:12px;text-align:left;width:100%;border-spacing:0px; padding:3px 3px 3px 3px">
<tr>
<td>SHAPE</td>
<td>Point</td>
</tr>
<tr bgcolor="#D4E4F3">
<td>EXPEDIENTE</td>
<td>LAV0002-00-2021</td>
</tr>
<tr>
<td>OPERADOR</td>
<td>WIND AUTOGENERACIÓN S.A.S.</td>
</tr>
<tr bgcolor="#D4E4F3">
<td>PROYECTO</td>
<td>Línea eléctrica de transmisión Parque Eólico Windpeshi – Subestación Cuestecitas</td>
</tr>
<tr>
<td>NUM_ACT_AD</td>
<td>01621</td>
</tr>
<tr bgcolor="#D4E4F3">
<td>FEC_ACT_AD</td>
<td>13/09/2021</td>
</tr>
<tr>
<td>ART_ACT_AD</td>
<td>Artículo Tercero, Númeral 2.</td>
</tr>
<tr bgcolor="#D4E4F3">
<td>VEREDA</td>
<td>comunidad Kijotchon</td>
</tr>
<tr>
<td>MUNICIPIO</td>
<td>44430</td>
</tr>
<tr bgcolor="#D4E4F3">
<td>DEPTO</td>
<td>44</td>
</tr>
<tr>
<td>CAR</td>
<td>1021</td>
</tr>
<tr bgcolor="#D4E4F3">
<td>NOMBRE</td>
<td>O47</td>
</tr>
<tr>
<td>ID_OCU_CAU</td>
<td>O47</td>
</tr>
<tr bgcolor="#D4E4F3">
<td>NOM_C_AG</td>
<td>Arroyo Wampeshi</td>
</tr>
<tr>
<td>ESTADO_OC</td>
<td>2001</td>
</tr>
<tr bgcolor="#D4E4F3">
<td>MARGEN</td>
<td>2011</td>
</tr>
<tr>
<td>T_CAUDAL</td>
<td>2120</td>
</tr>
<tr bgcolor="#D4E4F3">
<td>T_FUE_SUP</td>
<td>2212</td>
</tr>
<tr>
<td>TIPO_OCUP</td>
<td>Alcantarilla</td>
</tr>
<tr bgcolor="#D4E4F3">
<td>ESPECIFIC</td>
<td>Tuberías prefabricadas, sobre una cama compuesta 
de material de grava y confinado en relleno con material seleccionado.</td>
</tr>
<tr>
<td>AH</td>
<td>1</td>
</tr>
<tr bgcolor="#D4E4F3">
<td>ZH</td>
<td>15</td>
</tr>
<tr>
<td>SZH</td>
<td>1508</td>
</tr>
<tr bgcolor="#D4E4F3">
<td>N_NV_SUB</td>
<td>&lt;Null&gt;</td>
</tr>
<tr>
<td>C_NV_SUB</td>
<td>&lt;Null&gt;</td>
</tr>
<tr bgcolor="#D4E4F3">
<td>N_MIC_CUE</td>
<td>Arroyo Wampeshi</td>
</tr>
<tr>
<td>C_MIC_CUE</td>
<td>&lt;Null&gt;</td>
</tr>
<tr bgcolor="#D4E4F3">
<td>OBSERV</td>
<td>La construcción de esta ocupación no ha dado inicio a la fecha de corte del presente informe. El proyecto se encuentra suspendido desde el 15 de octubre del 2022.</td>
</tr>
<tr>
<td>COTA</td>
<td>10,2865</td>
</tr>
<tr bgcolor="#D4E4F3">
<td>COOR_ESTE</td>
<td>5100926,9991</td>
</tr>
<tr>
<td>COOR_NORTE</td>
<td>2834631,0237</td>
</tr>
</table>
</td>
</tr>
</table>
</body><script type="text/javascript">
				function changeImage(attElement, nameElement) {
				document.getElementById('imageAttachment').src = attElement;
				document.getElementById('imageName').innerHTML = nameElement;}
			</script></html>
]]></description>
      <Point>
        <extrude>0</extrude><altitudeMode>clampToGround</altitudeMode>
        <coordinates> -72.07403540283696,11.55121947794273,0</coordinates>
      </Point>
    </Placemark>
    <Placemark id="ID_00045">
      <name>O48</name>
      <snippet></snippet>
      <description><![CDATA[<html xmlns:fo="http://www.w3.org/1999/XSL/Format" xmlns:msxsl="urn:schemas-microsoft-com:xslt">
<head>
<META http-equiv="Content-Type" content="text/html">
<meta http-equiv="content-type" content="text/html; charset=UTF-8">
</head>
<body style="margin:0px 0px 0px 0px;overflow:auto;background:#FFFFFF;">
<table style="font-family:Arial,Verdana,Times;font-size:12px;text-align:left;width:100%;border-collapse:collapse;padding:3px 3px 3px 3px">
<tr style="text-align:center;font-weight:bold;background:#9CBCE2">
<td>LAV0002-00-2021</td>
</tr>
<tr>
<td>
<table style="font-family:Arial,Verdana,Times;font-size:12px;text-align:left;width:100%;border-spacing:0px; padding:3px 3px 3px 3px">
<tr>
<td>SHAPE</td>
<td>Point</td>
</tr>
<tr bgcolor="#D4E4F3">
<td>EXPEDIENTE</td>
<td>LAV0002-00-2021</td>
</tr>
<tr>
<td>OPERADOR</td>
<td>WIND AUTOGENERACIÓN S.A.S.</td>
</tr>
<tr bgcolor="#D4E4F3">
<td>PROYECTO</td>
<td>Línea eléctrica de transmisión Parque Eólico Windpeshi – Subestación Cuestecitas</td>
</tr>
<tr>
<td>NUM_ACT_AD</td>
<td>01621</td>
</tr>
<tr bgcolor="#D4E4F3">
<td>FEC_ACT_AD</td>
<td>13/09/2021</td>
</tr>
<tr>
<td>ART_ACT_AD</td>
<td>Artículo Tercero, Númeral 2.</td>
</tr>
<tr bgcolor="#D4E4F3">
<td>VEREDA</td>
<td>Comunidad de Sabana Larga</td>
</tr>
<tr>
<td>MUNICIPIO</td>
<td>44430</td>
</tr>
<tr bgcolor="#D4E4F3">
<td>DEPTO</td>
<td>44</td>
</tr>
<tr>
<td>CAR</td>
<td>1021</td>
</tr>
<tr bgcolor="#D4E4F3">
<td>NOMBRE</td>
<td>O48</td>
</tr>
<tr>
<td>ID_OCU_CAU</td>
<td>O48</td>
</tr>
<tr bgcolor="#D4E4F3">
<td>NOM_C_AG</td>
<td>Arroyo Apariuohu</td>
</tr>
<tr>
<td>ESTADO_OC</td>
<td>2001</td>
</tr>
<tr bgcolor="#D4E4F3">
<td>MARGEN</td>
<td>2011</td>
</tr>
<tr>
<td>T_CAUDAL</td>
<td>2120</td>
</tr>
<tr bgcolor="#D4E4F3">
<td>T_FUE_SUP</td>
<td>2212</td>
</tr>
<tr>
<td>TIPO_OCUP</td>
<td>Alcantarilla</td>
</tr>
<tr bgcolor="#D4E4F3">
<td>ESPECIFIC</td>
<td>Tuberías prefabricadas, sobre una cama compuesta 
de material de grava y confinado en relleno con material seleccionado.</td>
</tr>
<tr>
<td>AH</td>
<td>1</td>
</tr>
<tr bgcolor="#D4E4F3">
<td>ZH</td>
<td>15</td>
</tr>
<tr>
<td>SZH</td>
<td>1508</td>
</tr>
<tr bgcolor="#D4E4F3">
<td>N_NV_SUB</td>
<td>&lt;Null&gt;</td>
</tr>
<tr>
<td>C_NV_SUB</td>
<td>&lt;Null&gt;</td>
</tr>
<tr bgcolor="#D4E4F3">
<td>N_MIC_CUE</td>
<td>Arroyo Apariuohu</td>
</tr>
<tr>
<td>C_MIC_CUE</td>
<td>&lt;Null&gt;</td>
</tr>
<tr bgcolor="#D4E4F3">
<td>OBSERV</td>
<td>La construcción de esta ocupación no ha dado inicio a la fecha de corte del presente informe. El proyecto se encuentra suspendido desde el 15 de octubre del 2022.</td>
</tr>
<tr>
<td>COTA</td>
<td>22,9865</td>
</tr>
<tr bgcolor="#D4E4F3">
<td>COOR_ESTE</td>
<td>5095540,9767</td>
</tr>
<tr>
<td>COOR_NORTE</td>
<td>2820957,3513</td>
</tr>
</table>
</td>
</tr>
</table>
</body><script type="text/javascript">
				function changeImage(attElement, nameElement) {
				document.getElementById('imageAttachment').src = attElement;
				document.getElementById('imageName').innerHTML = nameElement;}
			</script></html>
]]></description>
      <Point>
        <extrude>0</extrude><altitudeMode>clampToGround</altitudeMode>
        <coordinates> -72.12382796774499,11.42767729805618,0</coordinates>
      </Point>
    </Placemark>
    <Placemark id="ID_00046">
      <name>O49</name>
      <snippet></snippet>
      <description><![CDATA[<html xmlns:fo="http://www.w3.org/1999/XSL/Format" xmlns:msxsl="urn:schemas-microsoft-com:xslt">
<head>
<META http-equiv="Content-Type" content="text/html">
<meta http-equiv="content-type" content="text/html; charset=UTF-8">
</head>
<body style="margin:0px 0px 0px 0px;overflow:auto;background:#FFFFFF;">
<table style="font-family:Arial,Verdana,Times;font-size:12px;text-align:left;width:100%;border-collapse:collapse;padding:3px 3px 3px 3px">
<tr style="text-align:center;font-weight:bold;background:#9CBCE2">
<td>LAV0002-00-2021</td>
</tr>
<tr>
<td>
<table style="font-family:Arial,Verdana,Times;font-size:12px;text-align:left;width:100%;border-spacing:0px; padding:3px 3px 3px 3px">
<tr>
<td>SHAPE</td>
<td>Point</td>
</tr>
<tr bgcolor="#D4E4F3">
<td>EXPEDIENTE</td>
<td>LAV0002-00-2021</td>
</tr>
<tr>
<td>OPERADOR</td>
<td>WIND AUTOGENERACIÓN S.A.S.</td>
</tr>
<tr bgcolor="#D4E4F3">
<td>PROYECTO</td>
<td>Línea eléctrica de transmisión Parque Eólico Windpeshi – Subestación Cuestecitas</td>
</tr>
<tr>
<td>NUM_ACT_AD</td>
<td>01621</td>
</tr>
<tr bgcolor="#D4E4F3">
<td>FEC_ACT_AD</td>
<td>13/09/2021</td>
</tr>
<tr>
<td>ART_ACT_AD</td>
<td>Artículo Tercero, Númeral 2.</td>
</tr>
<tr bgcolor="#D4E4F3">
<td>VEREDA</td>
<td>Comunidad de Sabana Larga</td>
</tr>
<tr>
<td>MUNICIPIO</td>
<td>44430</td>
</tr>
<tr bgcolor="#D4E4F3">
<td>DEPTO</td>
<td>44</td>
</tr>
<tr>
<td>CAR</td>
<td>1021</td>
</tr>
<tr bgcolor="#D4E4F3">
<td>NOMBRE</td>
<td>O49</td>
</tr>
<tr>
<td>ID_OCU_CAU</td>
<td>O49</td>
</tr>
<tr bgcolor="#D4E4F3">
<td>NOM_C_AG</td>
<td>Arroyo Apariuohu</td>
</tr>
<tr>
<td>ESTADO_OC</td>
<td>2001</td>
</tr>
<tr bgcolor="#D4E4F3">
<td>MARGEN</td>
<td>2011</td>
</tr>
<tr>
<td>T_CAUDAL</td>
<td>2120</td>
</tr>
<tr bgcolor="#D4E4F3">
<td>T_FUE_SUP</td>
<td>2212</td>
</tr>
<tr>
<td>TIPO_OCUP</td>
<td>Alcantarilla</td>
</tr>
<tr bgcolor="#D4E4F3">
<td>ESPECIFIC</td>
<td>Tuberías prefabricadas, sobre una cama compuesta 
de material de grava y confinado en relleno con material seleccionado.</td>
</tr>
<tr>
<td>AH</td>
<td>1</td>
</tr>
<tr bgcolor="#D4E4F3">
<td>ZH</td>
<td>15</td>
</tr>
<tr>
<td>SZH</td>
<td>1508</td>
</tr>
<tr bgcolor="#D4E4F3">
<td>N_NV_SUB</td>
<td>&lt;Null&gt;</td>
</tr>
<tr>
<td>C_NV_SUB</td>
<td>&lt;Null&gt;</td>
</tr>
<tr bgcolor="#D4E4F3">
<td>N_MIC_CUE</td>
<td>Arroyo Apariuohu</td>
</tr>
<tr>
<td>C_MIC_CUE</td>
<td>&lt;Null&gt;</td>
</tr>
<tr bgcolor="#D4E4F3">
<td>OBSERV</td>
<td>La construcción de esta ocupación no ha dado inicio a la fecha de corte del presente informe. El proyecto se encuentra suspendido desde el 15 de octubre del 2022.</td>
</tr>
<tr>
<td>COTA</td>
<td>18,0037</td>
</tr>
<tr bgcolor="#D4E4F3">
<td>COOR_ESTE</td>
<td>5095325,2326</td>
</tr>
<tr>
<td>COOR_NORTE</td>
<td>2820615,4957</td>
</tr>
</table>
</td>
</tr>
</table>
</body><script type="text/javascript">
				function changeImage(attElement, nameElement) {
				document.getElementById('imageAttachment').src = attElement;
				document.getElementById('imageName').innerHTML = nameElement;}
			</script></html>
]]></description>
      <Point>
        <extrude>0</extrude><altitudeMode>clampToGround</altitudeMode>
        <coordinates> -72.12581579462702,11.42459067364095,0</coordinates>
      </Point>
    </Placemark>
    <Placemark id="ID_00047">
      <name>O50</name>
      <snippet></snippet>
      <description><![CDATA[<html xmlns:fo="http://www.w3.org/1999/XSL/Format" xmlns:msxsl="urn:schemas-microsoft-com:xslt">
<head>
<META http-equiv="Content-Type" content="text/html">
<meta http-equiv="content-type" content="text/html; charset=UTF-8">
</head>
<body style="margin:0px 0px 0px 0px;overflow:auto;background:#FFFFFF;">
<table style="font-family:Arial,Verdana,Times;font-size:12px;text-align:left;width:100%;border-collapse:collapse;padding:3px 3px 3px 3px">
<tr style="text-align:center;font-weight:bold;background:#9CBCE2">
<td>LAV0002-00-2021</td>
</tr>
<tr>
<td>
<table style="font-family:Arial,Verdana,Times;font-size:12px;text-align:left;width:100%;border-spacing:0px; padding:3px 3px 3px 3px">
<tr>
<td>SHAPE</td>
<td>Point</td>
</tr>
<tr bgcolor="#D4E4F3">
<td>EXPEDIENTE</td>
<td>LAV0002-00-2021</td>
</tr>
<tr>
<td>OPERADOR</td>
<td>WIND AUTOGENERACIÓN S.A.S.</td>
</tr>
<tr bgcolor="#D4E4F3">
<td>PROYECTO</td>
<td>Línea eléctrica de transmisión Parque Eólico Windpeshi – Subestación Cuestecitas</td>
</tr>
<tr>
<td>NUM_ACT_AD</td>
<td>01621</td>
</tr>
<tr bgcolor="#D4E4F3">
<td>FEC_ACT_AD</td>
<td>13/09/2021</td>
</tr>
<tr>
<td>ART_ACT_AD</td>
<td>Artículo Tercero, Númeral 2.</td>
</tr>
<tr bgcolor="#D4E4F3">
<td>VEREDA</td>
<td>Comunidad Chuluita</td>
</tr>
<tr>
<td>MUNICIPIO</td>
<td>44430</td>
</tr>
<tr bgcolor="#D4E4F3">
<td>DEPTO</td>
<td>44</td>
</tr>
<tr>
<td>CAR</td>
<td>1021</td>
</tr>
<tr bgcolor="#D4E4F3">
<td>NOMBRE</td>
<td>O50</td>
</tr>
<tr>
<td>ID_OCU_CAU</td>
<td>O50</td>
</tr>
<tr bgcolor="#D4E4F3">
<td>NOM_C_AG</td>
<td>Río Carraipía</td>
</tr>
<tr>
<td>ESTADO_OC</td>
<td>2001</td>
</tr>
<tr bgcolor="#D4E4F3">
<td>MARGEN</td>
<td>2011</td>
</tr>
<tr>
<td>T_CAUDAL</td>
<td>2120</td>
</tr>
<tr bgcolor="#D4E4F3">
<td>T_FUE_SUP</td>
<td>2210</td>
</tr>
<tr>
<td>TIPO_OCUP</td>
<td>Alcantarilla</td>
</tr>
<tr bgcolor="#D4E4F3">
<td>ESPECIFIC</td>
<td>Tuberías prefabricadas, sobre una cama compuesta 
de material de grava y confinado en relleno con material seleccionado.</td>
</tr>
<tr>
<td>AH</td>
<td>1</td>
</tr>
<tr bgcolor="#D4E4F3">
<td>ZH</td>
<td>15</td>
</tr>
<tr>
<td>SZH</td>
<td>1508</td>
</tr>
<tr bgcolor="#D4E4F3">
<td>N_NV_SUB</td>
<td>&lt;Null&gt;</td>
</tr>
<tr>
<td>C_NV_SUB</td>
<td>&lt;Null&gt;</td>
</tr>
<tr bgcolor="#D4E4F3">
<td>N_MIC_CUE</td>
<td>Río Carraipía</td>
</tr>
<tr>
<td>C_MIC_CUE</td>
<td>&lt;Null&gt;</td>
</tr>
<tr bgcolor="#D4E4F3">
<td>OBSERV</td>
<td>La construcción de esta ocupación no ha dado inicio a la fecha de corte del presente informe. El proyecto se encuentra suspendido desde el 15 de octubre del 2022.</td>
</tr>
<tr>
<td>COTA</td>
<td>21,502399</td>
</tr>
<tr bgcolor="#D4E4F3">
<td>COOR_ESTE</td>
<td>5094085,9095</td>
</tr>
<tr>
<td>COOR_NORTE</td>
<td>2817053,1335</td>
</tr>
</table>
</td>
</tr>
</table>
</body><script type="text/javascript">
				function changeImage(attElement, nameElement) {
				document.getElementById('imageAttachment').src = attElement;
				document.getElementById('imageName').innerHTML = nameElement;}
			</script></html>
]]></description>
      <Point>
        <extrude>0</extrude><altitudeMode>clampToGround</altitudeMode>
        <coordinates> -72.13727745737398,11.39239797149563,0</coordinates>
      </Point>
    </Placemark>
    <Placemark id="ID_00048">
      <name>O51</name>
      <snippet></snippet>
      <description><![CDATA[<html xmlns:fo="http://www.w3.org/1999/XSL/Format" xmlns:msxsl="urn:schemas-microsoft-com:xslt">
<head>
<META http-equiv="Content-Type" content="text/html">
<meta http-equiv="content-type" content="text/html; charset=UTF-8">
</head>
<body style="margin:0px 0px 0px 0px;overflow:auto;background:#FFFFFF;">
<table style="font-family:Arial,Verdana,Times;font-size:12px;text-align:left;width:100%;border-collapse:collapse;padding:3px 3px 3px 3px">
<tr style="text-align:center;font-weight:bold;background:#9CBCE2">
<td>LAV0002-00-2021</td>
</tr>
<tr>
<td>
<table style="font-family:Arial,Verdana,Times;font-size:12px;text-align:left;width:100%;border-spacing:0px; padding:3px 3px 3px 3px">
<tr>
<td>SHAPE</td>
<td>Point</td>
</tr>
<tr bgcolor="#D4E4F3">
<td>EXPEDIENTE</td>
<td>LAV0002-00-2021</td>
</tr>
<tr>
<td>OPERADOR</td>
<td>WIND AUTOGENERACIÓN S.A.S.</td>
</tr>
<tr bgcolor="#D4E4F3">
<td>PROYECTO</td>
<td>Línea eléctrica de transmisión Parque Eólico Windpeshi – Subestación Cuestecitas</td>
</tr>
<tr>
<td>NUM_ACT_AD</td>
<td>01621</td>
</tr>
<tr bgcolor="#D4E4F3">
<td>FEC_ACT_AD</td>
<td>13/09/2021</td>
</tr>
<tr>
<td>ART_ACT_AD</td>
<td>Artículo Tercero, Númeral 2.</td>
</tr>
<tr bgcolor="#D4E4F3">
<td>VEREDA</td>
<td>Predio Yaritauha</td>
</tr>
<tr>
<td>MUNICIPIO</td>
<td>44430</td>
</tr>
<tr bgcolor="#D4E4F3">
<td>DEPTO</td>
<td>44</td>
</tr>
<tr>
<td>CAR</td>
<td>1021</td>
</tr>
<tr bgcolor="#D4E4F3">
<td>NOMBRE</td>
<td>O51</td>
</tr>
<tr>
<td>ID_OCU_CAU</td>
<td>O51</td>
</tr>
<tr bgcolor="#D4E4F3">
<td>NOM_C_AG</td>
<td>Arroyo Káusharain</td>
</tr>
<tr>
<td>ESTADO_OC</td>
<td>2001</td>
</tr>
<tr bgcolor="#D4E4F3">
<td>MARGEN</td>
<td>2011</td>
</tr>
<tr>
<td>T_CAUDAL</td>
<td>2120</td>
</tr>
<tr bgcolor="#D4E4F3">
<td>T_FUE_SUP</td>
<td>2212</td>
</tr>
<tr>
<td>TIPO_OCUP</td>
<td>Alcantarilla</td>
</tr>
<tr bgcolor="#D4E4F3">
<td>ESPECIFIC</td>
<td>Tuberías prefabricadas, sobre una cama compuesta 
de material de grava y confinado en relleno con material seleccionado.</td>
</tr>
<tr>
<td>AH</td>
<td>1</td>
</tr>
<tr bgcolor="#D4E4F3">
<td>ZH</td>
<td>15</td>
</tr>
<tr>
<td>SZH</td>
<td>1508</td>
</tr>
<tr bgcolor="#D4E4F3">
<td>N_NV_SUB</td>
<td>&lt;Null&gt;</td>
</tr>
<tr>
<td>C_NV_SUB</td>
<td>&lt;Null&gt;</td>
</tr>
<tr bgcolor="#D4E4F3">
<td>N_MIC_CUE</td>
<td>Arroyo Káusharain</td>
</tr>
<tr>
<td>C_MIC_CUE</td>
<td>&lt;Null&gt;</td>
</tr>
<tr bgcolor="#D4E4F3">
<td>OBSERV</td>
<td>La construcción de esta ocupación no ha dado inicio a la fecha de corte del presente informe. El proyecto se encuentra suspendido desde el 15 de octubre del 2022.</td>
</tr>
<tr>
<td>COTA</td>
<td>110,156998</td>
</tr>
<tr bgcolor="#D4E4F3">
<td>COOR_ESTE</td>
<td>5079896,2379</td>
</tr>
<tr>
<td>COOR_NORTE</td>
<td>2794250,5115</td>
</tr>
</table>
</td>
</tr>
</table>
</body><script type="text/javascript">
				function changeImage(attElement, nameElement) {
				document.getElementById('imageAttachment').src = attElement;
				document.getElementById('imageName').innerHTML = nameElement;}
			</script></html>
]]></description>
      <Point>
        <extrude>0</extrude><altitudeMode>clampToGround</altitudeMode>
        <coordinates> -72.2679048769467,11.18646232530608,0</coordinates>
      </Point>
    </Placemark>
    <Placemark id="ID_00049">
      <name>O53</name>
      <snippet></snippet>
      <description><![CDATA[<html xmlns:fo="http://www.w3.org/1999/XSL/Format" xmlns:msxsl="urn:schemas-microsoft-com:xslt">
<head>
<META http-equiv="Content-Type" content="text/html">
<meta http-equiv="content-type" content="text/html; charset=UTF-8">
</head>
<body style="margin:0px 0px 0px 0px;overflow:auto;background:#FFFFFF;">
<table style="font-family:Arial,Verdana,Times;font-size:12px;text-align:left;width:100%;border-collapse:collapse;padding:3px 3px 3px 3px">
<tr style="text-align:center;font-weight:bold;background:#9CBCE2">
<td>LAV0002-00-2021</td>
</tr>
<tr>
<td>
<table style="font-family:Arial,Verdana,Times;font-size:12px;text-align:left;width:100%;border-spacing:0px; padding:3px 3px 3px 3px">
<tr>
<td>SHAPE</td>
<td>Point</td>
</tr>
<tr bgcolor="#D4E4F3">
<td>EXPEDIENTE</td>
<td>LAV0002-00-2021</td>
</tr>
<tr>
<td>OPERADOR</td>
<td>WIND AUTOGENERACIÓN S.A.S.</td>
</tr>
<tr bgcolor="#D4E4F3">
<td>PROYECTO</td>
<td>Línea eléctrica de transmisión Parque Eólico Windpeshi – Subestación Cuestecitas</td>
</tr>
<tr>
<td>NUM_ACT_AD</td>
<td>01621</td>
</tr>
<tr bgcolor="#D4E4F3">
<td>FEC_ACT_AD</td>
<td>13/09/2021</td>
</tr>
<tr>
<td>ART_ACT_AD</td>
<td>Artículo Tercero, Númeral 2.</td>
</tr>
<tr bgcolor="#D4E4F3">
<td>VEREDA</td>
<td>Comunidad Pioureka</td>
</tr>
<tr>
<td>MUNICIPIO</td>
<td>44430</td>
</tr>
<tr bgcolor="#D4E4F3">
<td>DEPTO</td>
<td>44</td>
</tr>
<tr>
<td>CAR</td>
<td>1021</td>
</tr>
<tr bgcolor="#D4E4F3">
<td>NOMBRE</td>
<td>O53</td>
</tr>
<tr>
<td>ID_OCU_CAU</td>
<td>O53</td>
</tr>
<tr bgcolor="#D4E4F3">
<td>NOM_C_AG</td>
<td>Arroyo Wampeshi</td>
</tr>
<tr>
<td>ESTADO_OC</td>
<td>2001</td>
</tr>
<tr bgcolor="#D4E4F3">
<td>MARGEN</td>
<td>2011</td>
</tr>
<tr>
<td>T_CAUDAL</td>
<td>2120</td>
</tr>
<tr bgcolor="#D4E4F3">
<td>T_FUE_SUP</td>
<td>2212</td>
</tr>
<tr>
<td>TIPO_OCUP</td>
<td>Alcantarilla</td>
</tr>
<tr bgcolor="#D4E4F3">
<td>ESPECIFIC</td>
<td>Tuberías prefabricadas, sobre una cama compuesta 
de material de grava y confinado en relleno con material seleccionado.</td>
</tr>
<tr>
<td>AH</td>
<td>1</td>
</tr>
<tr bgcolor="#D4E4F3">
<td>ZH</td>
<td>15</td>
</tr>
<tr>
<td>SZH</td>
<td>1508</td>
</tr>
<tr bgcolor="#D4E4F3">
<td>N_NV_SUB</td>
<td>&lt;Null&gt;</td>
</tr>
<tr>
<td>C_NV_SUB</td>
<td>&lt;Null&gt;</td>
</tr>
<tr bgcolor="#D4E4F3">
<td>N_MIC_CUE</td>
<td>Arroyo Wampeshi</td>
</tr>
<tr>
<td>C_MIC_CUE</td>
<td>&lt;Null&gt;</td>
</tr>
<tr bgcolor="#D4E4F3">
<td>OBSERV</td>
<td>La construcción de esta ocupación no ha dado inicio a la fecha de corte del presente informe. El proyecto se encuentra suspendido desde el 15 de octubre del 2022.</td>
</tr>
<tr>
<td>COTA</td>
<td>12,7192</td>
</tr>
<tr bgcolor="#D4E4F3">
<td>COOR_ESTE</td>
<td>5097780,1779</td>
</tr>
<tr>
<td>COOR_NORTE</td>
<td>2832095,5529</td>
</tr>
</table>
</td>
</tr>
</table>
</body><script type="text/javascript">
				function changeImage(attElement, nameElement) {
				document.getElementById('imageAttachment').src = attElement;
				document.getElementById('imageName').innerHTML = nameElement;}
			</script></html>
]]></description>
      <Point>
        <extrude>0</extrude><altitudeMode>clampToGround</altitudeMode>
        <coordinates> -72.10297656844391,11.5283738403552,0</coordinates>
      </Point>
    </Placemark>
    <Placemark id="ID_00050">
      <name>O54</name>
      <snippet></snippet>
      <description><![CDATA[<html xmlns:fo="http://www.w3.org/1999/XSL/Format" xmlns:msxsl="urn:schemas-microsoft-com:xslt">
<head>
<META http-equiv="Content-Type" content="text/html">
<meta http-equiv="content-type" content="text/html; charset=UTF-8">
</head>
<body style="margin:0px 0px 0px 0px;overflow:auto;background:#FFFFFF;">
<table style="font-family:Arial,Verdana,Times;font-size:12px;text-align:left;width:100%;border-collapse:collapse;padding:3px 3px 3px 3px">
<tr style="text-align:center;font-weight:bold;background:#9CBCE2">
<td>LAV0002-00-2021</td>
</tr>
<tr>
<td>
<table style="font-family:Arial,Verdana,Times;font-size:12px;text-align:left;width:100%;border-spacing:0px; padding:3px 3px 3px 3px">
<tr>
<td>SHAPE</td>
<td>Point</td>
</tr>
<tr bgcolor="#D4E4F3">
<td>EXPEDIENTE</td>
<td>LAV0002-00-2021</td>
</tr>
<tr>
<td>OPERADOR</td>
<td>WIND AUTOGENERACIÓN S.A.S.</td>
</tr>
<tr bgcolor="#D4E4F3">
<td>PROYECTO</td>
<td>Línea eléctrica de transmisión Parque Eólico Windpeshi – Subestación Cuestecitas</td>
</tr>
<tr>
<td>NUM_ACT_AD</td>
<td>01621</td>
</tr>
<tr bgcolor="#D4E4F3">
<td>FEC_ACT_AD</td>
<td>13/09/2021</td>
</tr>
<tr>
<td>ART_ACT_AD</td>
<td>Artículo Tercero, Númeral 2.</td>
</tr>
<tr bgcolor="#D4E4F3">
<td>VEREDA</td>
<td>Comunidad Sirruma</td>
</tr>
<tr>
<td>MUNICIPIO</td>
<td>44430</td>
</tr>
<tr bgcolor="#D4E4F3">
<td>DEPTO</td>
<td>44</td>
</tr>
<tr>
<td>CAR</td>
<td>1021</td>
</tr>
<tr bgcolor="#D4E4F3">
<td>NOMBRE</td>
<td>O54</td>
</tr>
<tr>
<td>ID_OCU_CAU</td>
<td>O54</td>
</tr>
<tr bgcolor="#D4E4F3">
<td>NOM_C_AG</td>
<td>Arroyo Wampeshi</td>
</tr>
<tr>
<td>ESTADO_OC</td>
<td>2001</td>
</tr>
<tr bgcolor="#D4E4F3">
<td>MARGEN</td>
<td>2011</td>
</tr>
<tr>
<td>T_CAUDAL</td>
<td>2120</td>
</tr>
<tr bgcolor="#D4E4F3">
<td>T_FUE_SUP</td>
<td>2212</td>
</tr>
<tr>
<td>TIPO_OCUP</td>
<td>Alcantarilla</td>
</tr>
<tr bgcolor="#D4E4F3">
<td>ESPECIFIC</td>
<td>Tuberías prefabricadas, sobre una cama compuesta 
de material de grava y confinado en relleno con material seleccionado.</td>
</tr>
<tr>
<td>AH</td>
<td>1</td>
</tr>
<tr bgcolor="#D4E4F3">
<td>ZH</td>
<td>15</td>
</tr>
<tr>
<td>SZH</td>
<td>1508</td>
</tr>
<tr bgcolor="#D4E4F3">
<td>N_NV_SUB</td>
<td>&lt;Null&gt;</td>
</tr>
<tr>
<td>C_NV_SUB</td>
<td>&lt;Null&gt;</td>
</tr>
<tr bgcolor="#D4E4F3">
<td>N_MIC_CUE</td>
<td>Arroyo Wampeshi</td>
</tr>
<tr>
<td>C_MIC_CUE</td>
<td>&lt;Null&gt;</td>
</tr>
<tr bgcolor="#D4E4F3">
<td>OBSERV</td>
<td>La construcción de esta ocupación no ha dado inicio a la fecha de corte del presente informe. El proyecto se encuentra suspendido desde el 15 de octubre del 2022.</td>
</tr>
<tr>
<td>COTA</td>
<td>22,398199</td>
</tr>
<tr bgcolor="#D4E4F3">
<td>COOR_ESTE</td>
<td>5094743,6411</td>
</tr>
<tr>
<td>COOR_NORTE</td>
<td>2823965,4534</td>
</tr>
</table>
</td>
</tr>
</table>
</body><script type="text/javascript">
				function changeImage(attElement, nameElement) {
				document.getElementById('imageAttachment').src = attElement;
				document.getElementById('imageName').innerHTML = nameElement;}
			</script></html>
]]></description>
      <Point>
        <extrude>0</extrude><altitudeMode>clampToGround</altitudeMode>
        <coordinates> -72.13105646856908,11.45491129498991,0</coordinates>
      </Point>
    </Placemark>
    <Placemark id="ID_00051">
      <name>O55</name>
      <snippet></snippet>
      <description><![CDATA[<html xmlns:fo="http://www.w3.org/1999/XSL/Format" xmlns:msxsl="urn:schemas-microsoft-com:xslt">
<head>
<META http-equiv="Content-Type" content="text/html">
<meta http-equiv="content-type" content="text/html; charset=UTF-8">
</head>
<body style="margin:0px 0px 0px 0px;overflow:auto;background:#FFFFFF;">
<table style="font-family:Arial,Verdana,Times;font-size:12px;text-align:left;width:100%;border-collapse:collapse;padding:3px 3px 3px 3px">
<tr style="text-align:center;font-weight:bold;background:#9CBCE2">
<td>LAV0002-00-2021</td>
</tr>
<tr>
<td>
<table style="font-family:Arial,Verdana,Times;font-size:12px;text-align:left;width:100%;border-spacing:0px; padding:3px 3px 3px 3px">
<tr>
<td>SHAPE</td>
<td>Point</td>
</tr>
<tr bgcolor="#D4E4F3">
<td>EXPEDIENTE</td>
<td>LAV0002-00-2021</td>
</tr>
<tr>
<td>OPERADOR</td>
<td>WIND AUTOGENERACIÓN S.A.S.</td>
</tr>
<tr bgcolor="#D4E4F3">
<td>PROYECTO</td>
<td>Línea eléctrica de transmisión Parque Eólico Windpeshi – Subestación Cuestecitas</td>
</tr>
<tr>
<td>NUM_ACT_AD</td>
<td>01621</td>
</tr>
<tr bgcolor="#D4E4F3">
<td>FEC_ACT_AD</td>
<td>13/09/2021</td>
</tr>
<tr>
<td>ART_ACT_AD</td>
<td>Artículo Tercero, Númeral 2.</td>
</tr>
<tr bgcolor="#D4E4F3">
<td>VEREDA</td>
<td>Comunidad Sirruma</td>
</tr>
<tr>
<td>MUNICIPIO</td>
<td>44430</td>
</tr>
<tr bgcolor="#D4E4F3">
<td>DEPTO</td>
<td>44</td>
</tr>
<tr>
<td>CAR</td>
<td>1021</td>
</tr>
<tr bgcolor="#D4E4F3">
<td>NOMBRE</td>
<td>O55</td>
</tr>
<tr>
<td>ID_OCU_CAU</td>
<td>O55</td>
</tr>
<tr bgcolor="#D4E4F3">
<td>NOM_C_AG</td>
<td>Arroyo Wampeshi</td>
</tr>
<tr>
<td>ESTADO_OC</td>
<td>2001</td>
</tr>
<tr bgcolor="#D4E4F3">
<td>MARGEN</td>
<td>2011</td>
</tr>
<tr>
<td>T_CAUDAL</td>
<td>2120</td>
</tr>
<tr bgcolor="#D4E4F3">
<td>T_FUE_SUP</td>
<td>2212</td>
</tr>
<tr>
<td>TIPO_OCUP</td>
<td>Alcantarilla</td>
</tr>
<tr bgcolor="#D4E4F3">
<td>ESPECIFIC</td>
<td>Tuberías prefabricadas, sobre una cama compuesta 
de material de grava y confinado en relleno con material seleccionado.</td>
</tr>
<tr>
<td>AH</td>
<td>1</td>
</tr>
<tr bgcolor="#D4E4F3">
<td>ZH</td>
<td>15</td>
</tr>
<tr>
<td>SZH</td>
<td>1508</td>
</tr>
<tr bgcolor="#D4E4F3">
<td>N_NV_SUB</td>
<td>&lt;Null&gt;</td>
</tr>
<tr>
<td>C_NV_SUB</td>
<td>&lt;Null&gt;</td>
</tr>
<tr bgcolor="#D4E4F3">
<td>N_MIC_CUE</td>
<td>Arroyo Wampeshi</td>
</tr>
<tr>
<td>C_MIC_CUE</td>
<td>&lt;Null&gt;</td>
</tr>
<tr bgcolor="#D4E4F3">
<td>OBSERV</td>
<td>La construcción de esta ocupación no ha dado inicio a la fecha de corte del presente informe. El proyecto se encuentra suspendido desde el 15 de octubre del 2022.</td>
</tr>
<tr>
<td>COTA</td>
<td>27,1877</td>
</tr>
<tr bgcolor="#D4E4F3">
<td>COOR_ESTE</td>
<td>5095453,1408</td>
</tr>
<tr>
<td>COOR_NORTE</td>
<td>2824144,7904</td>
</tr>
</table>
</td>
</tr>
</table>
</body><script type="text/javascript">
				function changeImage(attElement, nameElement) {
				document.getElementById('imageAttachment').src = attElement;
				document.getElementById('imageName').innerHTML = nameElement;}
			</script></html>
]]></description>
      <Point>
        <extrude>0</extrude><altitudeMode>clampToGround</altitudeMode>
        <coordinates> -72.12454481153388,11.45651422382362,0</coordinates>
      </Point>
    </Placemark>
    <Placemark id="ID_00052">
      <name>O56</name>
      <snippet></snippet>
      <description><![CDATA[<html xmlns:fo="http://www.w3.org/1999/XSL/Format" xmlns:msxsl="urn:schemas-microsoft-com:xslt">
<head>
<META http-equiv="Content-Type" content="text/html">
<meta http-equiv="content-type" content="text/html; charset=UTF-8">
</head>
<body style="margin:0px 0px 0px 0px;overflow:auto;background:#FFFFFF;">
<table style="font-family:Arial,Verdana,Times;font-size:12px;text-align:left;width:100%;border-collapse:collapse;padding:3px 3px 3px 3px">
<tr style="text-align:center;font-weight:bold;background:#9CBCE2">
<td>LAV0002-00-2021</td>
</tr>
<tr>
<td>
<table style="font-family:Arial,Verdana,Times;font-size:12px;text-align:left;width:100%;border-spacing:0px; padding:3px 3px 3px 3px">
<tr>
<td>SHAPE</td>
<td>Point</td>
</tr>
<tr bgcolor="#D4E4F3">
<td>EXPEDIENTE</td>
<td>LAV0002-00-2021</td>
</tr>
<tr>
<td>OPERADOR</td>
<td>WIND AUTOGENERACIÓN S.A.S.</td>
</tr>
<tr bgcolor="#D4E4F3">
<td>PROYECTO</td>
<td>Línea eléctrica de transmisión Parque Eólico Windpeshi – Subestación Cuestecitas</td>
</tr>
<tr>
<td>NUM_ACT_AD</td>
<td>01621</td>
</tr>
<tr bgcolor="#D4E4F3">
<td>FEC_ACT_AD</td>
<td>13/09/2021</td>
</tr>
<tr>
<td>ART_ACT_AD</td>
<td>Artículo Tercero, Númeral 2.</td>
</tr>
<tr bgcolor="#D4E4F3">
<td>VEREDA</td>
<td>Comunidad Corralito</td>
</tr>
<tr>
<td>MUNICIPIO</td>
<td>44430</td>
</tr>
<tr bgcolor="#D4E4F3">
<td>DEPTO</td>
<td>44</td>
</tr>
<tr>
<td>CAR</td>
<td>1021</td>
</tr>
<tr bgcolor="#D4E4F3">
<td>NOMBRE</td>
<td>O56</td>
</tr>
<tr>
<td>ID_OCU_CAU</td>
<td>O56</td>
</tr>
<tr bgcolor="#D4E4F3">
<td>NOM_C_AG</td>
<td>Arroyo Apariuohu</td>
</tr>
<tr>
<td>ESTADO_OC</td>
<td>2001</td>
</tr>
<tr bgcolor="#D4E4F3">
<td>MARGEN</td>
<td>2011</td>
</tr>
<tr>
<td>T_CAUDAL</td>
<td>2120</td>
</tr>
<tr bgcolor="#D4E4F3">
<td>T_FUE_SUP</td>
<td>2212</td>
</tr>
<tr>
<td>TIPO_OCUP</td>
<td>Alcantarilla</td>
</tr>
<tr bgcolor="#D4E4F3">
<td>ESPECIFIC</td>
<td>Tuberías prefabricadas, sobre una cama compuesta 
de material de grava y confinado en relleno con material seleccionado.</td>
</tr>
<tr>
<td>AH</td>
<td>1</td>
</tr>
<tr bgcolor="#D4E4F3">
<td>ZH</td>
<td>15</td>
</tr>
<tr>
<td>SZH</td>
<td>1508</td>
</tr>
<tr bgcolor="#D4E4F3">
<td>N_NV_SUB</td>
<td>&lt;Null&gt;</td>
</tr>
<tr>
<td>C_NV_SUB</td>
<td>&lt;Null&gt;</td>
</tr>
<tr bgcolor="#D4E4F3">
<td>N_MIC_CUE</td>
<td>Arroyo Apariuohu</td>
</tr>
<tr>
<td>C_MIC_CUE</td>
<td>&lt;Null&gt;</td>
</tr>
<tr bgcolor="#D4E4F3">
<td>OBSERV</td>
<td>La construcción de esta ocupación no ha dado inicio a la fecha de corte del presente informe. El proyecto se encuentra suspendido desde el 15 de octubre del 2022.</td>
</tr>
<tr>
<td>COTA</td>
<td>23,848801</td>
</tr>
<tr bgcolor="#D4E4F3">
<td>COOR_ESTE</td>
<td>5094784,908</td>
</tr>
<tr>
<td>COOR_NORTE</td>
<td>2823708,2783</td>
</tr>
</table>
</td>
</tr>
</table>
</body><script type="text/javascript">
				function changeImage(attElement, nameElement) {
				document.getElementById('imageAttachment').src = attElement;
				document.getElementById('imageName').innerHTML = nameElement;}
			</script></html>
]]></description>
      <Point>
        <extrude>0</extrude><altitudeMode>clampToGround</altitudeMode>
        <coordinates> -72.13068512503452,11.45258368612286,0</coordinates>
      </Point>
    </Placemark>
    <Placemark id="ID_00053">
      <name>O57</name>
      <snippet></snippet>
      <description><![CDATA[<html xmlns:fo="http://www.w3.org/1999/XSL/Format" xmlns:msxsl="urn:schemas-microsoft-com:xslt">
<head>
<META http-equiv="Content-Type" content="text/html">
<meta http-equiv="content-type" content="text/html; charset=UTF-8">
</head>
<body style="margin:0px 0px 0px 0px;overflow:auto;background:#FFFFFF;">
<table style="font-family:Arial,Verdana,Times;font-size:12px;text-align:left;width:100%;border-collapse:collapse;padding:3px 3px 3px 3px">
<tr style="text-align:center;font-weight:bold;background:#9CBCE2">
<td>LAV0002-00-2021</td>
</tr>
<tr>
<td>
<table style="font-family:Arial,Verdana,Times;font-size:12px;text-align:left;width:100%;border-spacing:0px; padding:3px 3px 3px 3px">
<tr>
<td>SHAPE</td>
<td>Point</td>
</tr>
<tr bgcolor="#D4E4F3">
<td>EXPEDIENTE</td>
<td>LAV0002-00-2021</td>
</tr>
<tr>
<td>OPERADOR</td>
<td>WIND AUTOGENERACIÓN S.A.S.</td>
</tr>
<tr bgcolor="#D4E4F3">
<td>PROYECTO</td>
<td>Línea eléctrica de transmisión Parque Eólico Windpeshi – Subestación Cuestecitas</td>
</tr>
<tr>
<td>NUM_ACT_AD</td>
<td>01621</td>
</tr>
<tr bgcolor="#D4E4F3">
<td>FEC_ACT_AD</td>
<td>13/09/2021</td>
</tr>
<tr>
<td>ART_ACT_AD</td>
<td>Artículo Tercero, Númeral 2.</td>
</tr>
<tr bgcolor="#D4E4F3">
<td>VEREDA</td>
<td>Comunidad de Sabana Larga</td>
</tr>
<tr>
<td>MUNICIPIO</td>
<td>44430</td>
</tr>
<tr bgcolor="#D4E4F3">
<td>DEPTO</td>
<td>44</td>
</tr>
<tr>
<td>CAR</td>
<td>1021</td>
</tr>
<tr bgcolor="#D4E4F3">
<td>NOMBRE</td>
<td>O57</td>
</tr>
<tr>
<td>ID_OCU_CAU</td>
<td>O57</td>
</tr>
<tr bgcolor="#D4E4F3">
<td>NOM_C_AG</td>
<td>Arroyo Apariuohu</td>
</tr>
<tr>
<td>ESTADO_OC</td>
<td>2001</td>
</tr>
<tr bgcolor="#D4E4F3">
<td>MARGEN</td>
<td>2011</td>
</tr>
<tr>
<td>T_CAUDAL</td>
<td>2120</td>
</tr>
<tr bgcolor="#D4E4F3">
<td>T_FUE_SUP</td>
<td>2212</td>
</tr>
<tr>
<td>TIPO_OCUP</td>
<td>Alcantarilla</td>
</tr>
<tr bgcolor="#D4E4F3">
<td>ESPECIFIC</td>
<td>Tuberías prefabricadas, sobre una cama compuesta 
de material de grava y confinado en relleno con material seleccionado.</td>
</tr>
<tr>
<td>AH</td>
<td>1</td>
</tr>
<tr bgcolor="#D4E4F3">
<td>ZH</td>
<td>15</td>
</tr>
<tr>
<td>SZH</td>
<td>1508</td>
</tr>
<tr bgcolor="#D4E4F3">
<td>N_NV_SUB</td>
<td>&lt;Null&gt;</td>
</tr>
<tr>
<td>C_NV_SUB</td>
<td>&lt;Null&gt;</td>
</tr>
<tr bgcolor="#D4E4F3">
<td>N_MIC_CUE</td>
<td>Arroyo Apariuohu</td>
</tr>
<tr>
<td>C_MIC_CUE</td>
<td>&lt;Null&gt;</td>
</tr>
<tr bgcolor="#D4E4F3">
<td>OBSERV</td>
<td>La construcción de esta ocupación no ha dado inicio a la fecha de corte del presente informe. El proyecto se encuentra suspendido desde el 15 de octubre del 2022.</td>
</tr>
<tr>
<td>COTA</td>
<td>17,614201</td>
</tr>
<tr bgcolor="#D4E4F3">
<td>COOR_ESTE</td>
<td>5095442,3042</td>
</tr>
<tr>
<td>COOR_NORTE</td>
<td>2821397,002</td>
</tr>
</table>
</td>
</tr>
</table>
</body><script type="text/javascript">
				function changeImage(attElement, nameElement) {
				document.getElementById('imageAttachment').src = attElement;
				document.getElementById('imageName').innerHTML = nameElement;}
			</script></html>
]]></description>
      <Point>
        <extrude>0</extrude><altitudeMode>clampToGround</altitudeMode>
        <coordinates> -72.12472057867218,11.43165721547756,0</coordinates>
      </Point>
    </Placemark>
    <Placemark id="ID_00054">
      <name>O58</name>
      <snippet></snippet>
      <description><![CDATA[<html xmlns:fo="http://www.w3.org/1999/XSL/Format" xmlns:msxsl="urn:schemas-microsoft-com:xslt">
<head>
<META http-equiv="Content-Type" content="text/html">
<meta http-equiv="content-type" content="text/html; charset=UTF-8">
</head>
<body style="margin:0px 0px 0px 0px;overflow:auto;background:#FFFFFF;">
<table style="font-family:Arial,Verdana,Times;font-size:12px;text-align:left;width:100%;border-collapse:collapse;padding:3px 3px 3px 3px">
<tr style="text-align:center;font-weight:bold;background:#9CBCE2">
<td>LAV0002-00-2021</td>
</tr>
<tr>
<td>
<table style="font-family:Arial,Verdana,Times;font-size:12px;text-align:left;width:100%;border-spacing:0px; padding:3px 3px 3px 3px">
<tr>
<td>SHAPE</td>
<td>Point</td>
</tr>
<tr bgcolor="#D4E4F3">
<td>EXPEDIENTE</td>
<td>LAV0002-00-2021</td>
</tr>
<tr>
<td>OPERADOR</td>
<td>WIND AUTOGENERACIÓN S.A.S.</td>
</tr>
<tr bgcolor="#D4E4F3">
<td>PROYECTO</td>
<td>Línea eléctrica de transmisión Parque Eólico Windpeshi – Subestación Cuestecitas</td>
</tr>
<tr>
<td>NUM_ACT_AD</td>
<td>01621</td>
</tr>
<tr bgcolor="#D4E4F3">
<td>FEC_ACT_AD</td>
<td>13/09/2021</td>
</tr>
<tr>
<td>ART_ACT_AD</td>
<td>Artículo Tercero, Númeral 2.</td>
</tr>
<tr bgcolor="#D4E4F3">
<td>VEREDA</td>
<td>Comunidad de Sabana Larga</td>
</tr>
<tr>
<td>MUNICIPIO</td>
<td>44430</td>
</tr>
<tr bgcolor="#D4E4F3">
<td>DEPTO</td>
<td>44</td>
</tr>
<tr>
<td>CAR</td>
<td>1021</td>
</tr>
<tr bgcolor="#D4E4F3">
<td>NOMBRE</td>
<td>O58</td>
</tr>
<tr>
<td>ID_OCU_CAU</td>
<td>O58</td>
</tr>
<tr bgcolor="#D4E4F3">
<td>NOM_C_AG</td>
<td>Arroyo Apariuohu</td>
</tr>
<tr>
<td>ESTADO_OC</td>
<td>2001</td>
</tr>
<tr bgcolor="#D4E4F3">
<td>MARGEN</td>
<td>2011</td>
</tr>
<tr>
<td>T_CAUDAL</td>
<td>2120</td>
</tr>
<tr bgcolor="#D4E4F3">
<td>T_FUE_SUP</td>
<td>2212</td>
</tr>
<tr>
<td>TIPO_OCUP</td>
<td>Alcantarilla</td>
</tr>
<tr bgcolor="#D4E4F3">
<td>ESPECIFIC</td>
<td>Tuberías prefabricadas, sobre una cama compuesta 
de material de grava y confinado en relleno con material seleccionado.</td>
</tr>
<tr>
<td>AH</td>
<td>1</td>
</tr>
<tr bgcolor="#D4E4F3">
<td>ZH</td>
<td>15</td>
</tr>
<tr>
<td>SZH</td>
<td>1508</td>
</tr>
<tr bgcolor="#D4E4F3">
<td>N_NV_SUB</td>
<td>&lt;Null&gt;</td>
</tr>
<tr>
<td>C_NV_SUB</td>
<td>&lt;Null&gt;</td>
</tr>
<tr bgcolor="#D4E4F3">
<td>N_MIC_CUE</td>
<td>Arroyo Apariuohu</td>
</tr>
<tr>
<td>C_MIC_CUE</td>
<td>&lt;Null&gt;</td>
</tr>
<tr bgcolor="#D4E4F3">
<td>OBSERV</td>
<td>La construcción de esta ocupación no ha dado inicio a la fecha de corte del presente informe. El proyecto se encuentra suspendido desde el 15 de octubre del 2022.</td>
</tr>
<tr>
<td>COTA</td>
<td>18,6443</td>
</tr>
<tr bgcolor="#D4E4F3">
<td>COOR_ESTE</td>
<td>5095157,0779</td>
</tr>
<tr>
<td>COOR_NORTE</td>
<td>2821008,9779</td>
</tr>
</table>
</td>
</tr>
</table>
</body><script type="text/javascript">
				function changeImage(attElement, nameElement) {
				document.getElementById('imageAttachment').src = attElement;
				document.getElementById('imageName').innerHTML = nameElement;}
			</script></html>
]]></description>
      <Point>
        <extrude>0</extrude><altitudeMode>clampToGround</altitudeMode>
        <coordinates> -72.12734685203679,11.42815483029099,0</coordinates>
      </Point>
    </Placemark>
  </Folder>
  <Style id="IconStyle00">
    <IconStyle>
      <scale>1.000000</scale>
      <Icon><href>Layer0_Symbol_9d4a6420_0.png</href></Icon>
    </IconStyle>
    <LabelStyle>
      <color>ffa84d00</color>
      <scale>0.500000</scale>
    </LabelStyle>
    <PolyStyle>
      <color>ff000000</color>
      <outline>0</outline>
    </PolyStyle>
  </Style>
</Document>
</kml>