<?xml version="1.0" encoding="UTF-8"?>
<kml xmlns="http://www.opengis.net/kml/2.2" xmlns:gx="http://www.google.com/kml/ext/2.2" xmlns:xsi="http://www.w3.org/2001/XMLSchema-instance"
 xsi:schemaLocation="http://www.opengis.net/kml/2.2 http://schemas.opengis.net/kml/2.2.0/ogckml22.xsd http://www.google.com/kml/ext/2.2 http://code.google.com/apis/kml/schema/kml22gx.xsd">
<Document id="Torres">
  <name>Torres</name>
  <snippet></snippet>
  <Folder id="FeatureLayer0">
    <name>Torres</name>
    <snippet></snippet>
    <Placemark id="ID_00000">
      <name>T108V</name>
      <snippet></snippet>
      <description><![CDATA[<html xmlns:fo="http://www.w3.org/1999/XSL/Format" xmlns:msxsl="urn:schemas-microsoft-com:xslt">
<head>
<META http-equiv="Content-Type" content="text/html">
<meta http-equiv="content-type" content="text/html; charset=UTF-8">
</head>
<body style="margin:0px 0px 0px 0px;overflow:auto;background:#FFFFFF;">
<table style="font-family:Arial,Verdana,Times;font-size:12px;text-align:left;width:100%;border-collapse:collapse;padding:3px 3px 3px 3px">
<tr style="text-align:center;font-weight:bold;background:#9CBCE2">
<td></td>
</tr>
<tr>
<td>
<table style="font-family:Arial,Verdana,Times;font-size:12px;text-align:left;width:100%;border-spacing:0px; padding:3px 3px 3px 3px">
<tr>
<td>TIPO_INFRA</td>
<td>Torre</td>
</tr>
<tr bgcolor="#D4E4F3">
<td>ID_INFRA_PT</td>
<td>T108V</td>
</tr>
<tr>
<td>COOR_ESTE</td>
<td>5085966,5298</td>
</tr>
<tr bgcolor="#D4E4F3">
<td>COOR_NORTE</td>
<td>2804748,666</td>
</tr>
<tr>
<td>SITIO</td>
<td>T108V</td>
</tr>
<tr bgcolor="#D4E4F3">
<td>Comunidad</td>
<td>Predio Guasimalito</td>
</tr>
<tr>
<td>AHUYENTAMIENTO DE FAUNA</td>
<td>NO</td>
</tr>
<tr bgcolor="#D4E4F3">
<td>DESPEJE TORRE</td>
<td>0</td>
</tr>
<tr>
<td>EXCAVACIÓN</td>
<td>0</td>
</tr>
<tr bgcolor="#D4E4F3">
<td>SOLADO</td>
<td>0</td>
</tr>
<tr>
<td>CIMENTACION</td>
<td>0</td>
</tr>
<tr bgcolor="#D4E4F3">
<td>ACERO DE REFUERZO</td>
<td>0</td>
</tr>
<tr>
<td>CONCRETO</td>
<td>0</td>
</tr>
<tr bgcolor="#D4E4F3">
<td>RELLENO Y COMPACTACIÓN</td>
<td>0</td>
</tr>
<tr>
<td>COOR_X</td>
<td>5085966,5298</td>
</tr>
<tr bgcolor="#D4E4F3">
<td>COOR_Y</td>
<td>2804748,666</td>
</tr>
<tr>
<td>Text</td>
<td>#N/A</td>
</tr>
<tr bgcolor="#D4E4F3">
<td>ObjectID</td>
<td>106</td>
</tr>
</table>
</td>
</tr>
</table>
</body><script type="text/javascript">
				function changeImage(attElement, nameElement) {
				document.getElementById('imageAttachment').src = attElement;
				document.getElementById('imageName').innerHTML = nameElement;}
			</script></html>
]]></description>
      <Point>
        <extrude>0</extrude><altitudeMode>clampToGround</altitudeMode>
        <coordinates> -72.21202814774091,11.28129389200954,0</coordinates>
      </Point>
    </Placemark>
    <Placemark id="ID_00001">
      <name>T109V</name>
      <snippet></snippet>
      <description><![CDATA[<html xmlns:fo="http://www.w3.org/1999/XSL/Format" xmlns:msxsl="urn:schemas-microsoft-com:xslt">
<head>
<META http-equiv="Content-Type" content="text/html">
<meta http-equiv="content-type" content="text/html; charset=UTF-8">
</head>
<body style="margin:0px 0px 0px 0px;overflow:auto;background:#FFFFFF;">
<table style="font-family:Arial,Verdana,Times;font-size:12px;text-align:left;width:100%;border-collapse:collapse;padding:3px 3px 3px 3px">
<tr style="text-align:center;font-weight:bold;background:#9CBCE2">
<td></td>
</tr>
<tr>
<td>
<table style="font-family:Arial,Verdana,Times;font-size:12px;text-align:left;width:100%;border-spacing:0px; padding:3px 3px 3px 3px">
<tr>
<td>TIPO_INFRA</td>
<td>Torre</td>
</tr>
<tr bgcolor="#D4E4F3">
<td>ID_INFRA_PT</td>
<td>T109V</td>
</tr>
<tr>
<td>COOR_ESTE</td>
<td>5085605,6833</td>
</tr>
<tr bgcolor="#D4E4F3">
<td>COOR_NORTE</td>
<td>2804570,0401</td>
</tr>
<tr>
<td>SITIO</td>
<td>T109V</td>
</tr>
<tr bgcolor="#D4E4F3">
<td>Comunidad</td>
<td>Predio Rancho Nercita</td>
</tr>
<tr>
<td>AHUYENTAMIENTO DE FAUNA</td>
<td>NO</td>
</tr>
<tr bgcolor="#D4E4F3">
<td>DESPEJE TORRE</td>
<td>0</td>
</tr>
<tr>
<td>EXCAVACIÓN</td>
<td>0</td>
</tr>
<tr bgcolor="#D4E4F3">
<td>SOLADO</td>
<td>0</td>
</tr>
<tr>
<td>CIMENTACION</td>
<td>0</td>
</tr>
<tr bgcolor="#D4E4F3">
<td>ACERO DE REFUERZO</td>
<td>0</td>
</tr>
<tr>
<td>CONCRETO</td>
<td>0</td>
</tr>
<tr bgcolor="#D4E4F3">
<td>RELLENO Y COMPACTACIÓN</td>
<td>0</td>
</tr>
<tr>
<td>COOR_X</td>
<td>5085605,6833</td>
</tr>
<tr bgcolor="#D4E4F3">
<td>COOR_Y</td>
<td>2804570,0401</td>
</tr>
<tr>
<td>Text</td>
<td>#N/A</td>
</tr>
<tr bgcolor="#D4E4F3">
<td>ObjectID</td>
<td>107</td>
</tr>
</table>
</td>
</tr>
</table>
</body><script type="text/javascript">
				function changeImage(attElement, nameElement) {
				document.getElementById('imageAttachment').src = attElement;
				document.getElementById('imageName').innerHTML = nameElement;}
			</script></html>
]]></description>
      <Point>
        <extrude>0</extrude><altitudeMode>clampToGround</altitudeMode>
        <coordinates> -72.2153398475233,11.27968669888209,0</coordinates>
      </Point>
    </Placemark>
    <Placemark id="ID_00002">
      <name>T110V</name>
      <snippet></snippet>
      <description><![CDATA[<html xmlns:fo="http://www.w3.org/1999/XSL/Format" xmlns:msxsl="urn:schemas-microsoft-com:xslt">
<head>
<META http-equiv="Content-Type" content="text/html">
<meta http-equiv="content-type" content="text/html; charset=UTF-8">
</head>
<body style="margin:0px 0px 0px 0px;overflow:auto;background:#FFFFFF;">
<table style="font-family:Arial,Verdana,Times;font-size:12px;text-align:left;width:100%;border-collapse:collapse;padding:3px 3px 3px 3px">
<tr style="text-align:center;font-weight:bold;background:#9CBCE2">
<td></td>
</tr>
<tr>
<td>
<table style="font-family:Arial,Verdana,Times;font-size:12px;text-align:left;width:100%;border-spacing:0px; padding:3px 3px 3px 3px">
<tr>
<td>TIPO_INFRA</td>
<td>Torre</td>
</tr>
<tr bgcolor="#D4E4F3">
<td>ID_INFRA_PT</td>
<td>T110V</td>
</tr>
<tr>
<td>COOR_ESTE</td>
<td>5085216,1848</td>
</tr>
<tr bgcolor="#D4E4F3">
<td>COOR_NORTE</td>
<td>2804377,2322</td>
</tr>
<tr>
<td>SITIO</td>
<td>T110V</td>
</tr>
<tr bgcolor="#D4E4F3">
<td>Comunidad</td>
<td>Predio Rancho Nercita</td>
</tr>
<tr>
<td>AHUYENTAMIENTO DE FAUNA</td>
<td>NO</td>
</tr>
<tr bgcolor="#D4E4F3">
<td>DESPEJE TORRE</td>
<td>0</td>
</tr>
<tr>
<td>EXCAVACIÓN</td>
<td>0</td>
</tr>
<tr bgcolor="#D4E4F3">
<td>SOLADO</td>
<td>0</td>
</tr>
<tr>
<td>CIMENTACION</td>
<td>0</td>
</tr>
<tr bgcolor="#D4E4F3">
<td>ACERO DE REFUERZO</td>
<td>0</td>
</tr>
<tr>
<td>CONCRETO</td>
<td>0</td>
</tr>
<tr bgcolor="#D4E4F3">
<td>RELLENO Y COMPACTACIÓN</td>
<td>0</td>
</tr>
<tr>
<td>COOR_X</td>
<td>5085216,1848</td>
</tr>
<tr bgcolor="#D4E4F3">
<td>COOR_Y</td>
<td>2804377,2322</td>
</tr>
<tr>
<td>Text</td>
<td>#N/A</td>
</tr>
<tr bgcolor="#D4E4F3">
<td>ObjectID</td>
<td>108</td>
</tr>
</table>
</td>
</tr>
</table>
</body><script type="text/javascript">
				function changeImage(attElement, nameElement) {
				document.getElementById('imageAttachment').src = attElement;
				document.getElementById('imageName').innerHTML = nameElement;}
			</script></html>
]]></description>
      <Point>
        <extrude>0</extrude><altitudeMode>clampToGround</altitudeMode>
        <coordinates> -72.21891446430044,11.27795185831178,0</coordinates>
      </Point>
    </Placemark>
    <Placemark id="ID_00003">
      <name>T111V</name>
      <snippet></snippet>
      <description><![CDATA[<html xmlns:fo="http://www.w3.org/1999/XSL/Format" xmlns:msxsl="urn:schemas-microsoft-com:xslt">
<head>
<META http-equiv="Content-Type" content="text/html">
<meta http-equiv="content-type" content="text/html; charset=UTF-8">
</head>
<body style="margin:0px 0px 0px 0px;overflow:auto;background:#FFFFFF;">
<table style="font-family:Arial,Verdana,Times;font-size:12px;text-align:left;width:100%;border-collapse:collapse;padding:3px 3px 3px 3px">
<tr style="text-align:center;font-weight:bold;background:#9CBCE2">
<td></td>
</tr>
<tr>
<td>
<table style="font-family:Arial,Verdana,Times;font-size:12px;text-align:left;width:100%;border-spacing:0px; padding:3px 3px 3px 3px">
<tr>
<td>TIPO_INFRA</td>
<td>Torre</td>
</tr>
<tr bgcolor="#D4E4F3">
<td>ID_INFRA_PT</td>
<td>T111V</td>
</tr>
<tr>
<td>COOR_ESTE</td>
<td>5084856,5972</td>
</tr>
<tr bgcolor="#D4E4F3">
<td>COOR_NORTE</td>
<td>2804199,2304</td>
</tr>
<tr>
<td>SITIO</td>
<td>T111V</td>
</tr>
<tr bgcolor="#D4E4F3">
<td>Comunidad</td>
<td>Predio Rancho Nercita</td>
</tr>
<tr>
<td>AHUYENTAMIENTO DE FAUNA</td>
<td>NO</td>
</tr>
<tr bgcolor="#D4E4F3">
<td>DESPEJE TORRE</td>
<td>0</td>
</tr>
<tr>
<td>EXCAVACIÓN</td>
<td>0</td>
</tr>
<tr bgcolor="#D4E4F3">
<td>SOLADO</td>
<td>0</td>
</tr>
<tr>
<td>CIMENTACION</td>
<td>0</td>
</tr>
<tr bgcolor="#D4E4F3">
<td>ACERO DE REFUERZO</td>
<td>0</td>
</tr>
<tr>
<td>CONCRETO</td>
<td>0</td>
</tr>
<tr bgcolor="#D4E4F3">
<td>RELLENO Y COMPACTACIÓN</td>
<td>0</td>
</tr>
<tr>
<td>COOR_X</td>
<td>5084856,5972</td>
</tr>
<tr bgcolor="#D4E4F3">
<td>COOR_Y</td>
<td>2804199,2304</td>
</tr>
<tr>
<td>Text</td>
<td>#N/A</td>
</tr>
<tr bgcolor="#D4E4F3">
<td>ObjectID</td>
<td>109</td>
</tr>
</table>
</td>
</tr>
</table>
</body><script type="text/javascript">
				function changeImage(attElement, nameElement) {
				document.getElementById('imageAttachment').src = attElement;
				document.getElementById('imageName').innerHTML = nameElement;}
			</script></html>
]]></description>
      <Point>
        <extrude>0</extrude><altitudeMode>clampToGround</altitudeMode>
        <coordinates> -72.22221453813533,11.27635019862808,0</coordinates>
      </Point>
    </Placemark>
    <Placemark id="ID_00004">
      <name>T112V</name>
      <snippet></snippet>
      <description><![CDATA[<html xmlns:fo="http://www.w3.org/1999/XSL/Format" xmlns:msxsl="urn:schemas-microsoft-com:xslt">
<head>
<META http-equiv="Content-Type" content="text/html">
<meta http-equiv="content-type" content="text/html; charset=UTF-8">
</head>
<body style="margin:0px 0px 0px 0px;overflow:auto;background:#FFFFFF;">
<table style="font-family:Arial,Verdana,Times;font-size:12px;text-align:left;width:100%;border-collapse:collapse;padding:3px 3px 3px 3px">
<tr style="text-align:center;font-weight:bold;background:#9CBCE2">
<td></td>
</tr>
<tr>
<td>
<table style="font-family:Arial,Verdana,Times;font-size:12px;text-align:left;width:100%;border-spacing:0px; padding:3px 3px 3px 3px">
<tr>
<td>TIPO_INFRA</td>
<td>Torre</td>
</tr>
<tr bgcolor="#D4E4F3">
<td>ID_INFRA_PT</td>
<td>T112V</td>
</tr>
<tr>
<td>COOR_ESTE</td>
<td>5084549,3994</td>
</tr>
<tr bgcolor="#D4E4F3">
<td>COOR_NORTE</td>
<td>2804047,1634</td>
</tr>
<tr>
<td>SITIO</td>
<td>T112V</td>
</tr>
<tr bgcolor="#D4E4F3">
<td>Comunidad</td>
<td>Predio Villa Esperanza</td>
</tr>
<tr>
<td>AHUYENTAMIENTO DE FAUNA</td>
<td>NO</td>
</tr>
<tr bgcolor="#D4E4F3">
<td>DESPEJE TORRE</td>
<td>0</td>
</tr>
<tr>
<td>EXCAVACIÓN</td>
<td>0</td>
</tr>
<tr bgcolor="#D4E4F3">
<td>SOLADO</td>
<td>0</td>
</tr>
<tr>
<td>CIMENTACION</td>
<td>0</td>
</tr>
<tr bgcolor="#D4E4F3">
<td>ACERO DE REFUERZO</td>
<td>0</td>
</tr>
<tr>
<td>CONCRETO</td>
<td>0</td>
</tr>
<tr bgcolor="#D4E4F3">
<td>RELLENO Y COMPACTACIÓN</td>
<td>0</td>
</tr>
<tr>
<td>COOR_X</td>
<td>5084549,3994</td>
</tr>
<tr bgcolor="#D4E4F3">
<td>COOR_Y</td>
<td>2804047,1634</td>
</tr>
<tr>
<td>Text</td>
<td>#N/A</td>
</tr>
<tr bgcolor="#D4E4F3">
<td>ObjectID</td>
<td>110</td>
</tr>
</table>
</td>
</tr>
</table>
</body><script type="text/javascript">
				function changeImage(attElement, nameElement) {
				document.getElementById('imageAttachment').src = attElement;
				document.getElementById('imageName').innerHTML = nameElement;}
			</script></html>
]]></description>
      <Point>
        <extrude>0</extrude><altitudeMode>clampToGround</altitudeMode>
        <coordinates> -72.22503378312707,11.2749818691284,0</coordinates>
      </Point>
    </Placemark>
    <Placemark id="ID_00005">
      <name>T113V</name>
      <snippet></snippet>
      <description><![CDATA[<html xmlns:fo="http://www.w3.org/1999/XSL/Format" xmlns:msxsl="urn:schemas-microsoft-com:xslt">
<head>
<META http-equiv="Content-Type" content="text/html">
<meta http-equiv="content-type" content="text/html; charset=UTF-8">
</head>
<body style="margin:0px 0px 0px 0px;overflow:auto;background:#FFFFFF;">
<table style="font-family:Arial,Verdana,Times;font-size:12px;text-align:left;width:100%;border-collapse:collapse;padding:3px 3px 3px 3px">
<tr style="text-align:center;font-weight:bold;background:#9CBCE2">
<td></td>
</tr>
<tr>
<td>
<table style="font-family:Arial,Verdana,Times;font-size:12px;text-align:left;width:100%;border-spacing:0px; padding:3px 3px 3px 3px">
<tr>
<td>TIPO_INFRA</td>
<td>Torre</td>
</tr>
<tr bgcolor="#D4E4F3">
<td>ID_INFRA_PT</td>
<td>T113V</td>
</tr>
<tr>
<td>COOR_ESTE</td>
<td>5084493,2702</td>
</tr>
<tr bgcolor="#D4E4F3">
<td>COOR_NORTE</td>
<td>2803670,3473</td>
</tr>
<tr>
<td>SITIO</td>
<td>T113V</td>
</tr>
<tr bgcolor="#D4E4F3">
<td>Comunidad</td>
<td>Predio Miriam</td>
</tr>
<tr>
<td>AHUYENTAMIENTO DE FAUNA</td>
<td>NO</td>
</tr>
<tr bgcolor="#D4E4F3">
<td>DESPEJE TORRE</td>
<td>0</td>
</tr>
<tr>
<td>EXCAVACIÓN</td>
<td>0</td>
</tr>
<tr bgcolor="#D4E4F3">
<td>SOLADO</td>
<td>0</td>
</tr>
<tr>
<td>CIMENTACION</td>
<td>0</td>
</tr>
<tr bgcolor="#D4E4F3">
<td>ACERO DE REFUERZO</td>
<td>0</td>
</tr>
<tr>
<td>CONCRETO</td>
<td>0</td>
</tr>
<tr bgcolor="#D4E4F3">
<td>RELLENO Y COMPACTACIÓN</td>
<td>0</td>
</tr>
<tr>
<td>COOR_X</td>
<td>5084493,2702</td>
</tr>
<tr bgcolor="#D4E4F3">
<td>COOR_Y</td>
<td>2803670,3473</td>
</tr>
<tr>
<td>Text</td>
<td>#N/A</td>
</tr>
<tr bgcolor="#D4E4F3">
<td>ObjectID</td>
<td>111</td>
</tr>
</table>
</td>
</tr>
</table>
</body><script type="text/javascript">
				function changeImage(attElement, nameElement) {
				document.getElementById('imageAttachment').src = attElement;
				document.getElementById('imageName').innerHTML = nameElement;}
			</script></html>
]]></description>
      <Point>
        <extrude>0</extrude><altitudeMode>clampToGround</altitudeMode>
        <coordinates> -72.22555734781508,11.27157429544775,0</coordinates>
      </Point>
    </Placemark>
    <Placemark id="ID_00006">
      <name>T114V</name>
      <snippet></snippet>
      <description><![CDATA[<html xmlns:fo="http://www.w3.org/1999/XSL/Format" xmlns:msxsl="urn:schemas-microsoft-com:xslt">
<head>
<META http-equiv="Content-Type" content="text/html">
<meta http-equiv="content-type" content="text/html; charset=UTF-8">
</head>
<body style="margin:0px 0px 0px 0px;overflow:auto;background:#FFFFFF;">
<table style="font-family:Arial,Verdana,Times;font-size:12px;text-align:left;width:100%;border-collapse:collapse;padding:3px 3px 3px 3px">
<tr style="text-align:center;font-weight:bold;background:#9CBCE2">
<td></td>
</tr>
<tr>
<td>
<table style="font-family:Arial,Verdana,Times;font-size:12px;text-align:left;width:100%;border-spacing:0px; padding:3px 3px 3px 3px">
<tr>
<td>TIPO_INFRA</td>
<td>Torre</td>
</tr>
<tr bgcolor="#D4E4F3">
<td>ID_INFRA_PT</td>
<td>T114V</td>
</tr>
<tr>
<td>COOR_ESTE</td>
<td>5084430,1208</td>
</tr>
<tr bgcolor="#D4E4F3">
<td>COOR_NORTE</td>
<td>2803246,4131</td>
</tr>
<tr>
<td>SITIO</td>
<td>T114V</td>
</tr>
<tr bgcolor="#D4E4F3">
<td>Comunidad</td>
<td>Predio Miriam</td>
</tr>
<tr>
<td>AHUYENTAMIENTO DE FAUNA</td>
<td>NO</td>
</tr>
<tr bgcolor="#D4E4F3">
<td>DESPEJE TORRE</td>
<td>0</td>
</tr>
<tr>
<td>EXCAVACIÓN</td>
<td>0</td>
</tr>
<tr bgcolor="#D4E4F3">
<td>SOLADO</td>
<td>0</td>
</tr>
<tr>
<td>CIMENTACION</td>
<td>0</td>
</tr>
<tr bgcolor="#D4E4F3">
<td>ACERO DE REFUERZO</td>
<td>0</td>
</tr>
<tr>
<td>CONCRETO</td>
<td>0</td>
</tr>
<tr bgcolor="#D4E4F3">
<td>RELLENO Y COMPACTACIÓN</td>
<td>0</td>
</tr>
<tr>
<td>COOR_X</td>
<td>5084430,1208</td>
</tr>
<tr bgcolor="#D4E4F3">
<td>COOR_Y</td>
<td>2803246,4131</td>
</tr>
<tr>
<td>Text</td>
<td>#N/A</td>
</tr>
<tr bgcolor="#D4E4F3">
<td>ObjectID</td>
<td>112</td>
</tr>
</table>
</td>
</tr>
</table>
</body><script type="text/javascript">
				function changeImage(attElement, nameElement) {
				document.getElementById('imageAttachment').src = attElement;
				document.getElementById('imageName').innerHTML = nameElement;}
			</script></html>
]]></description>
      <Point>
        <extrude>0</extrude><altitudeMode>clampToGround</altitudeMode>
        <coordinates> -72.22614637767532,11.26774062661427,0</coordinates>
      </Point>
    </Placemark>
    <Placemark id="ID_00007">
      <name>T115V</name>
      <snippet></snippet>
      <description><![CDATA[<html xmlns:fo="http://www.w3.org/1999/XSL/Format" xmlns:msxsl="urn:schemas-microsoft-com:xslt">
<head>
<META http-equiv="Content-Type" content="text/html">
<meta http-equiv="content-type" content="text/html; charset=UTF-8">
</head>
<body style="margin:0px 0px 0px 0px;overflow:auto;background:#FFFFFF;">
<table style="font-family:Arial,Verdana,Times;font-size:12px;text-align:left;width:100%;border-collapse:collapse;padding:3px 3px 3px 3px">
<tr style="text-align:center;font-weight:bold;background:#9CBCE2">
<td></td>
</tr>
<tr>
<td>
<table style="font-family:Arial,Verdana,Times;font-size:12px;text-align:left;width:100%;border-spacing:0px; padding:3px 3px 3px 3px">
<tr>
<td>TIPO_INFRA</td>
<td>Torre</td>
</tr>
<tr bgcolor="#D4E4F3">
<td>ID_INFRA_PT</td>
<td>T115V</td>
</tr>
<tr>
<td>COOR_ESTE</td>
<td>5084377,5702</td>
</tr>
<tr bgcolor="#D4E4F3">
<td>COOR_NORTE</td>
<td>2802893,6297</td>
</tr>
<tr>
<td>SITIO</td>
<td>T115V</td>
</tr>
<tr bgcolor="#D4E4F3">
<td>Comunidad</td>
<td>Predio Miriam</td>
</tr>
<tr>
<td>AHUYENTAMIENTO DE FAUNA</td>
<td>NO</td>
</tr>
<tr bgcolor="#D4E4F3">
<td>DESPEJE TORRE</td>
<td>0</td>
</tr>
<tr>
<td>EXCAVACIÓN</td>
<td>0</td>
</tr>
<tr bgcolor="#D4E4F3">
<td>SOLADO</td>
<td>0</td>
</tr>
<tr>
<td>CIMENTACION</td>
<td>0</td>
</tr>
<tr bgcolor="#D4E4F3">
<td>ACERO DE REFUERZO</td>
<td>0</td>
</tr>
<tr>
<td>CONCRETO</td>
<td>0</td>
</tr>
<tr bgcolor="#D4E4F3">
<td>RELLENO Y COMPACTACIÓN</td>
<td>0</td>
</tr>
<tr>
<td>COOR_X</td>
<td>5084377,5702</td>
</tr>
<tr bgcolor="#D4E4F3">
<td>COOR_Y</td>
<td>2802893,6297</td>
</tr>
<tr>
<td>Text</td>
<td>#N/A</td>
</tr>
<tr bgcolor="#D4E4F3">
<td>ObjectID</td>
<td>113</td>
</tr>
</table>
</td>
</tr>
</table>
</body><script type="text/javascript">
				function changeImage(attElement, nameElement) {
				document.getElementById('imageAttachment').src = attElement;
				document.getElementById('imageName').innerHTML = nameElement;}
			</script></html>
]]></description>
      <Point>
        <extrude>0</extrude><altitudeMode>clampToGround</altitudeMode>
        <coordinates> -72.22663653214869,11.26455037738722,0</coordinates>
      </Point>
    </Placemark>
    <Placemark id="ID_00008">
      <name>T115AV</name>
      <snippet></snippet>
      <description><![CDATA[<html xmlns:fo="http://www.w3.org/1999/XSL/Format" xmlns:msxsl="urn:schemas-microsoft-com:xslt">
<head>
<META http-equiv="Content-Type" content="text/html">
<meta http-equiv="content-type" content="text/html; charset=UTF-8">
</head>
<body style="margin:0px 0px 0px 0px;overflow:auto;background:#FFFFFF;">
<table style="font-family:Arial,Verdana,Times;font-size:12px;text-align:left;width:100%;border-collapse:collapse;padding:3px 3px 3px 3px">
<tr style="text-align:center;font-weight:bold;background:#9CBCE2">
<td></td>
</tr>
<tr>
<td>
<table style="font-family:Arial,Verdana,Times;font-size:12px;text-align:left;width:100%;border-spacing:0px; padding:3px 3px 3px 3px">
<tr>
<td>TIPO_INFRA</td>
<td>Torre</td>
</tr>
<tr bgcolor="#D4E4F3">
<td>ID_INFRA_PT</td>
<td>T115AV</td>
</tr>
<tr>
<td>COOR_ESTE</td>
<td>5084320,0129</td>
</tr>
<tr bgcolor="#D4E4F3">
<td>COOR_NORTE</td>
<td>2802507,2474</td>
</tr>
<tr>
<td>SITIO</td>
<td>T115AV</td>
</tr>
<tr bgcolor="#D4E4F3">
<td>Comunidad</td>
<td>Predio Miriam</td>
</tr>
<tr>
<td>AHUYENTAMIENTO DE FAUNA</td>
<td>NO</td>
</tr>
<tr bgcolor="#D4E4F3">
<td>DESPEJE TORRE</td>
<td>0</td>
</tr>
<tr>
<td>EXCAVACIÓN</td>
<td>0</td>
</tr>
<tr bgcolor="#D4E4F3">
<td>SOLADO</td>
<td>0</td>
</tr>
<tr>
<td>CIMENTACION</td>
<td>0</td>
</tr>
<tr bgcolor="#D4E4F3">
<td>ACERO DE REFUERZO</td>
<td>0</td>
</tr>
<tr>
<td>CONCRETO</td>
<td>0</td>
</tr>
<tr bgcolor="#D4E4F3">
<td>RELLENO Y COMPACTACIÓN</td>
<td>0</td>
</tr>
<tr>
<td>COOR_X</td>
<td>5084320,0129</td>
</tr>
<tr bgcolor="#D4E4F3">
<td>COOR_Y</td>
<td>2802507,2474</td>
</tr>
<tr>
<td>Text</td>
<td>#N/A</td>
</tr>
<tr bgcolor="#D4E4F3">
<td>ObjectID</td>
<td>114</td>
</tr>
</table>
</td>
</tr>
</table>
</body><script type="text/javascript">
				function changeImage(attElement, nameElement) {
				document.getElementById('imageAttachment').src = attElement;
				document.getElementById('imageName').innerHTML = nameElement;}
			</script></html>
]]></description>
      <Point>
        <extrude>0</extrude><altitudeMode>clampToGround</altitudeMode>
        <coordinates> -72.22717337018425,11.26105628807093,0</coordinates>
      </Point>
    </Placemark>
    <Placemark id="ID_00009">
      <name>T115BV</name>
      <snippet></snippet>
      <description><![CDATA[<html xmlns:fo="http://www.w3.org/1999/XSL/Format" xmlns:msxsl="urn:schemas-microsoft-com:xslt">
<head>
<META http-equiv="Content-Type" content="text/html">
<meta http-equiv="content-type" content="text/html; charset=UTF-8">
</head>
<body style="margin:0px 0px 0px 0px;overflow:auto;background:#FFFFFF;">
<table style="font-family:Arial,Verdana,Times;font-size:12px;text-align:left;width:100%;border-collapse:collapse;padding:3px 3px 3px 3px">
<tr style="text-align:center;font-weight:bold;background:#9CBCE2">
<td></td>
</tr>
<tr>
<td>
<table style="font-family:Arial,Verdana,Times;font-size:12px;text-align:left;width:100%;border-spacing:0px; padding:3px 3px 3px 3px">
<tr>
<td>TIPO_INFRA</td>
<td>Torre</td>
</tr>
<tr bgcolor="#D4E4F3">
<td>ID_INFRA_PT</td>
<td>T115BV</td>
</tr>
<tr>
<td>COOR_ESTE</td>
<td>5084253,0338</td>
</tr>
<tr bgcolor="#D4E4F3">
<td>COOR_NORTE</td>
<td>2802057,6217</td>
</tr>
<tr>
<td>SITIO</td>
<td>T115BV</td>
</tr>
<tr bgcolor="#D4E4F3">
<td>Comunidad</td>
<td>Predio Miriam</td>
</tr>
<tr>
<td>AHUYENTAMIENTO DE FAUNA</td>
<td>NO</td>
</tr>
<tr bgcolor="#D4E4F3">
<td>DESPEJE TORRE</td>
<td>0</td>
</tr>
<tr>
<td>EXCAVACIÓN</td>
<td>0</td>
</tr>
<tr bgcolor="#D4E4F3">
<td>SOLADO</td>
<td>0</td>
</tr>
<tr>
<td>CIMENTACION</td>
<td>0</td>
</tr>
<tr bgcolor="#D4E4F3">
<td>ACERO DE REFUERZO</td>
<td>0</td>
</tr>
<tr>
<td>CONCRETO</td>
<td>0</td>
</tr>
<tr bgcolor="#D4E4F3">
<td>RELLENO Y COMPACTACIÓN</td>
<td>0</td>
</tr>
<tr>
<td>COOR_X</td>
<td>5084253,0338</td>
</tr>
<tr bgcolor="#D4E4F3">
<td>COOR_Y</td>
<td>2802057,6217</td>
</tr>
<tr>
<td>Text</td>
<td>#N/A</td>
</tr>
<tr bgcolor="#D4E4F3">
<td>ObjectID</td>
<td>115</td>
</tr>
</table>
</td>
</tr>
</table>
</body><script type="text/javascript">
				function changeImage(attElement, nameElement) {
				document.getElementById('imageAttachment').src = attElement;
				document.getElementById('imageName').innerHTML = nameElement;}
			</script></html>
]]></description>
      <Point>
        <extrude>0</extrude><altitudeMode>clampToGround</altitudeMode>
        <coordinates> -72.22779806558154,11.25699027979285,0</coordinates>
      </Point>
    </Placemark>
    <Placemark id="ID_00010">
      <name>T2N</name>
      <snippet></snippet>
      <description><![CDATA[<html xmlns:fo="http://www.w3.org/1999/XSL/Format" xmlns:msxsl="urn:schemas-microsoft-com:xslt">
<head>
<META http-equiv="Content-Type" content="text/html">
<meta http-equiv="content-type" content="text/html; charset=UTF-8">
</head>
<body style="margin:0px 0px 0px 0px;overflow:auto;background:#FFFFFF;">
<table style="font-family:Arial,Verdana,Times;font-size:12px;text-align:left;width:100%;border-collapse:collapse;padding:3px 3px 3px 3px">
<tr style="text-align:center;font-weight:bold;background:#9CBCE2">
<td></td>
</tr>
<tr>
<td>
<table style="font-family:Arial,Verdana,Times;font-size:12px;text-align:left;width:100%;border-spacing:0px; padding:3px 3px 3px 3px">
<tr>
<td>TIPO_INFRA</td>
<td>Torre</td>
</tr>
<tr bgcolor="#D4E4F3">
<td>ID_INFRA_PT</td>
<td>T2N</td>
</tr>
<tr>
<td>COOR_ESTE</td>
<td>5107351,6247</td>
</tr>
<tr bgcolor="#D4E4F3">
<td>COOR_NORTE</td>
<td>2840267,4283</td>
</tr>
<tr>
<td>SITIO</td>
<td>T2N</td>
</tr>
<tr bgcolor="#D4E4F3">
<td>Comunidad</td>
<td>Utkap</td>
</tr>
<tr>
<td>AHUYENTAMIENTO DE FAUNA</td>
<td>NO</td>
</tr>
<tr bgcolor="#D4E4F3">
<td>DESPEJE TORRE</td>
<td>0</td>
</tr>
<tr>
<td>EXCAVACIÓN</td>
<td>0</td>
</tr>
<tr bgcolor="#D4E4F3">
<td>SOLADO</td>
<td>0</td>
</tr>
<tr>
<td>CIMENTACION</td>
<td>0</td>
</tr>
<tr bgcolor="#D4E4F3">
<td>ACERO DE REFUERZO</td>
<td>0</td>
</tr>
<tr>
<td>CONCRETO</td>
<td>0</td>
</tr>
<tr bgcolor="#D4E4F3">
<td>RELLENO Y COMPACTACIÓN</td>
<td>0</td>
</tr>
<tr>
<td>COOR_X</td>
<td>5107351,6247</td>
</tr>
<tr bgcolor="#D4E4F3">
<td>COOR_Y</td>
<td>2840267,4283</td>
</tr>
<tr>
<td>Text</td>
<td>Utkap</td>
</tr>
<tr bgcolor="#D4E4F3">
<td>ObjectID</td>
<td>1</td>
</tr>
</table>
</td>
</tr>
</table>
</body><script type="text/javascript">
				function changeImage(attElement, nameElement) {
				document.getElementById('imageAttachment').src = attElement;
				document.getElementById('imageName').innerHTML = nameElement;}
			</script></html>
]]></description>
      <Point>
        <extrude>0</extrude><altitudeMode>clampToGround</altitudeMode>
        <coordinates> -72.01491952665137,11.60201192261666,0</coordinates>
      </Point>
    </Placemark>
    <Placemark id="ID_00011">
      <name>T3</name>
      <snippet></snippet>
      <description><![CDATA[<html xmlns:fo="http://www.w3.org/1999/XSL/Format" xmlns:msxsl="urn:schemas-microsoft-com:xslt">
<head>
<META http-equiv="Content-Type" content="text/html">
<meta http-equiv="content-type" content="text/html; charset=UTF-8">
</head>
<body style="margin:0px 0px 0px 0px;overflow:auto;background:#FFFFFF;">
<table style="font-family:Arial,Verdana,Times;font-size:12px;text-align:left;width:100%;border-collapse:collapse;padding:3px 3px 3px 3px">
<tr style="text-align:center;font-weight:bold;background:#9CBCE2">
<td></td>
</tr>
<tr>
<td>
<table style="font-family:Arial,Verdana,Times;font-size:12px;text-align:left;width:100%;border-spacing:0px; padding:3px 3px 3px 3px">
<tr>
<td>TIPO_INFRA</td>
<td>Torre</td>
</tr>
<tr bgcolor="#D4E4F3">
<td>ID_INFRA_PT</td>
<td>T3</td>
</tr>
<tr>
<td>COOR_ESTE</td>
<td>5107730,9263</td>
</tr>
<tr bgcolor="#D4E4F3">
<td>COOR_NORTE</td>
<td>2840100,6732</td>
</tr>
<tr>
<td>SITIO</td>
<td>T3</td>
</tr>
<tr bgcolor="#D4E4F3">
<td>Comunidad</td>
<td>Utkap</td>
</tr>
<tr>
<td>AHUYENTAMIENTO DE FAUNA</td>
<td>NO</td>
</tr>
<tr bgcolor="#D4E4F3">
<td>DESPEJE TORRE</td>
<td>0</td>
</tr>
<tr>
<td>EXCAVACIÓN</td>
<td>0</td>
</tr>
<tr bgcolor="#D4E4F3">
<td>SOLADO</td>
<td>0</td>
</tr>
<tr>
<td>CIMENTACION</td>
<td>0</td>
</tr>
<tr bgcolor="#D4E4F3">
<td>ACERO DE REFUERZO</td>
<td>0</td>
</tr>
<tr>
<td>CONCRETO</td>
<td>0</td>
</tr>
<tr bgcolor="#D4E4F3">
<td>RELLENO Y COMPACTACIÓN</td>
<td>0</td>
</tr>
<tr>
<td>COOR_X</td>
<td>5107730,9263</td>
</tr>
<tr bgcolor="#D4E4F3">
<td>COOR_Y</td>
<td>2840100,6732</td>
</tr>
<tr>
<td>Text</td>
<td>Utkap</td>
</tr>
<tr bgcolor="#D4E4F3">
<td>ObjectID</td>
<td>2</td>
</tr>
</table>
</td>
</tr>
</table>
</body><script type="text/javascript">
				function changeImage(attElement, nameElement) {
				document.getElementById('imageAttachment').src = attElement;
				document.getElementById('imageName').innerHTML = nameElement;}
			</script></html>
]]></description>
      <Point>
        <extrude>0</extrude><altitudeMode>clampToGround</altitudeMode>
        <coordinates> -72.01144464761695,11.60049158579805,0</coordinates>
      </Point>
    </Placemark>
    <Placemark id="ID_00012">
      <name>T4</name>
      <snippet></snippet>
      <description><![CDATA[<html xmlns:fo="http://www.w3.org/1999/XSL/Format" xmlns:msxsl="urn:schemas-microsoft-com:xslt">
<head>
<META http-equiv="Content-Type" content="text/html">
<meta http-equiv="content-type" content="text/html; charset=UTF-8">
</head>
<body style="margin:0px 0px 0px 0px;overflow:auto;background:#FFFFFF;">
<table style="font-family:Arial,Verdana,Times;font-size:12px;text-align:left;width:100%;border-collapse:collapse;padding:3px 3px 3px 3px">
<tr style="text-align:center;font-weight:bold;background:#9CBCE2">
<td></td>
</tr>
<tr>
<td>
<table style="font-family:Arial,Verdana,Times;font-size:12px;text-align:left;width:100%;border-spacing:0px; padding:3px 3px 3px 3px">
<tr>
<td>TIPO_INFRA</td>
<td>Torre</td>
</tr>
<tr bgcolor="#D4E4F3">
<td>ID_INFRA_PT</td>
<td>T4</td>
</tr>
<tr>
<td>COOR_ESTE</td>
<td>5108056,3927</td>
</tr>
<tr bgcolor="#D4E4F3">
<td>COOR_NORTE</td>
<td>2839957,586</td>
</tr>
<tr>
<td>SITIO</td>
<td>T4</td>
</tr>
<tr bgcolor="#D4E4F3">
<td>Comunidad</td>
<td>Utkap</td>
</tr>
<tr>
<td>AHUYENTAMIENTO DE FAUNA</td>
<td>NO</td>
</tr>
<tr bgcolor="#D4E4F3">
<td>DESPEJE TORRE</td>
<td>0</td>
</tr>
<tr>
<td>EXCAVACIÓN</td>
<td>0</td>
</tr>
<tr bgcolor="#D4E4F3">
<td>SOLADO</td>
<td>0</td>
</tr>
<tr>
<td>CIMENTACION</td>
<td>0</td>
</tr>
<tr bgcolor="#D4E4F3">
<td>ACERO DE REFUERZO</td>
<td>0</td>
</tr>
<tr>
<td>CONCRETO</td>
<td>0</td>
</tr>
<tr bgcolor="#D4E4F3">
<td>RELLENO Y COMPACTACIÓN</td>
<td>0</td>
</tr>
<tr>
<td>COOR_X</td>
<td>5108056,3927</td>
</tr>
<tr bgcolor="#D4E4F3">
<td>COOR_Y</td>
<td>2839957,586</td>
</tr>
<tr>
<td>Text</td>
<td>Utkap</td>
</tr>
<tr bgcolor="#D4E4F3">
<td>ObjectID</td>
<td>3</td>
</tr>
</table>
</td>
</tr>
</table>
</body><script type="text/javascript">
				function changeImage(attElement, nameElement) {
				document.getElementById('imageAttachment').src = attElement;
				document.getElementById('imageName').innerHTML = nameElement;}
			</script></html>
]]></description>
      <Point>
        <extrude>0</extrude><altitudeMode>clampToGround</altitudeMode>
        <coordinates> -72.00846299887067,11.599187002575,0</coordinates>
      </Point>
    </Placemark>
    <Placemark id="ID_00013">
      <name>T5</name>
      <snippet></snippet>
      <description><![CDATA[<html xmlns:fo="http://www.w3.org/1999/XSL/Format" xmlns:msxsl="urn:schemas-microsoft-com:xslt">
<head>
<META http-equiv="Content-Type" content="text/html">
<meta http-equiv="content-type" content="text/html; charset=UTF-8">
</head>
<body style="margin:0px 0px 0px 0px;overflow:auto;background:#FFFFFF;">
<table style="font-family:Arial,Verdana,Times;font-size:12px;text-align:left;width:100%;border-collapse:collapse;padding:3px 3px 3px 3px">
<tr style="text-align:center;font-weight:bold;background:#9CBCE2">
<td></td>
</tr>
<tr>
<td>
<table style="font-family:Arial,Verdana,Times;font-size:12px;text-align:left;width:100%;border-spacing:0px; padding:3px 3px 3px 3px">
<tr>
<td>TIPO_INFRA</td>
<td>Torre</td>
</tr>
<tr bgcolor="#D4E4F3">
<td>ID_INFRA_PT</td>
<td>T5</td>
</tr>
<tr>
<td>COOR_ESTE</td>
<td>5108135,1652</td>
</tr>
<tr bgcolor="#D4E4F3">
<td>COOR_NORTE</td>
<td>2839681,1371</td>
</tr>
<tr>
<td>SITIO</td>
<td>T5</td>
</tr>
<tr bgcolor="#D4E4F3">
<td>Comunidad</td>
<td>Utkap</td>
</tr>
<tr>
<td>AHUYENTAMIENTO DE FAUNA</td>
<td>NO</td>
</tr>
<tr bgcolor="#D4E4F3">
<td>DESPEJE TORRE</td>
<td>0</td>
</tr>
<tr>
<td>EXCAVACIÓN</td>
<td>0</td>
</tr>
<tr bgcolor="#D4E4F3">
<td>SOLADO</td>
<td>0</td>
</tr>
<tr>
<td>CIMENTACION</td>
<td>0</td>
</tr>
<tr bgcolor="#D4E4F3">
<td>ACERO DE REFUERZO</td>
<td>0</td>
</tr>
<tr>
<td>CONCRETO</td>
<td>0</td>
</tr>
<tr bgcolor="#D4E4F3">
<td>RELLENO Y COMPACTACIÓN</td>
<td>0</td>
</tr>
<tr>
<td>COOR_X</td>
<td>5108135,1652</td>
</tr>
<tr bgcolor="#D4E4F3">
<td>COOR_Y</td>
<td>2839681,1371</td>
</tr>
<tr>
<td>Text</td>
<td>Utkap</td>
</tr>
<tr bgcolor="#D4E4F3">
<td>ObjectID</td>
<td>4</td>
</tr>
</table>
</td>
</tr>
</table>
</body><script type="text/javascript">
				function changeImage(attElement, nameElement) {
				document.getElementById('imageAttachment').src = attElement;
				document.getElementById('imageName').innerHTML = nameElement;}
			</script></html>
]]></description>
      <Point>
        <extrude>0</extrude><altitudeMode>clampToGround</altitudeMode>
        <coordinates> -72.00774908160238,11.59668379367563,0</coordinates>
      </Point>
    </Placemark>
    <Placemark id="ID_00014">
      <name>T6</name>
      <snippet></snippet>
      <description><![CDATA[<html xmlns:fo="http://www.w3.org/1999/XSL/Format" xmlns:msxsl="urn:schemas-microsoft-com:xslt">
<head>
<META http-equiv="Content-Type" content="text/html">
<meta http-equiv="content-type" content="text/html; charset=UTF-8">
</head>
<body style="margin:0px 0px 0px 0px;overflow:auto;background:#FFFFFF;">
<table style="font-family:Arial,Verdana,Times;font-size:12px;text-align:left;width:100%;border-collapse:collapse;padding:3px 3px 3px 3px">
<tr style="text-align:center;font-weight:bold;background:#9CBCE2">
<td></td>
</tr>
<tr>
<td>
<table style="font-family:Arial,Verdana,Times;font-size:12px;text-align:left;width:100%;border-spacing:0px; padding:3px 3px 3px 3px">
<tr>
<td>TIPO_INFRA</td>
<td>Torre</td>
</tr>
<tr bgcolor="#D4E4F3">
<td>ID_INFRA_PT</td>
<td>T6</td>
</tr>
<tr>
<td>COOR_ESTE</td>
<td>5108239,0041</td>
</tr>
<tr bgcolor="#D4E4F3">
<td>COOR_NORTE</td>
<td>2839316,715</td>
</tr>
<tr>
<td>SITIO</td>
<td>T6</td>
</tr>
<tr bgcolor="#D4E4F3">
<td>Comunidad</td>
<td>Utkap</td>
</tr>
<tr>
<td>AHUYENTAMIENTO DE FAUNA</td>
<td>NO</td>
</tr>
<tr bgcolor="#D4E4F3">
<td>DESPEJE TORRE</td>
<td>0</td>
</tr>
<tr>
<td>EXCAVACIÓN</td>
<td>0</td>
</tr>
<tr bgcolor="#D4E4F3">
<td>SOLADO</td>
<td>0</td>
</tr>
<tr>
<td>CIMENTACION</td>
<td>0</td>
</tr>
<tr bgcolor="#D4E4F3">
<td>ACERO DE REFUERZO</td>
<td>0</td>
</tr>
<tr>
<td>CONCRETO</td>
<td>0</td>
</tr>
<tr bgcolor="#D4E4F3">
<td>RELLENO Y COMPACTACIÓN</td>
<td>0</td>
</tr>
<tr>
<td>COOR_X</td>
<td>5108239,0041</td>
</tr>
<tr bgcolor="#D4E4F3">
<td>COOR_Y</td>
<td>2839316,715</td>
</tr>
<tr>
<td>Text</td>
<td>Utkap</td>
</tr>
<tr bgcolor="#D4E4F3">
<td>ObjectID</td>
<td>5</td>
</tr>
</table>
</td>
</tr>
</table>
</body><script type="text/javascript">
				function changeImage(attElement, nameElement) {
				document.getElementById('imageAttachment').src = attElement;
				document.getElementById('imageName').innerHTML = nameElement;}
			</script></html>
]]></description>
      <Point>
        <extrude>0</extrude><altitudeMode>clampToGround</altitudeMode>
        <coordinates> -72.00680800379078,11.59338399715344,0</coordinates>
      </Point>
    </Placemark>
    <Placemark id="ID_00015">
      <name>T7</name>
      <snippet></snippet>
      <description><![CDATA[<html xmlns:fo="http://www.w3.org/1999/XSL/Format" xmlns:msxsl="urn:schemas-microsoft-com:xslt">
<head>
<META http-equiv="Content-Type" content="text/html">
<meta http-equiv="content-type" content="text/html; charset=UTF-8">
</head>
<body style="margin:0px 0px 0px 0px;overflow:auto;background:#FFFFFF;">
<table style="font-family:Arial,Verdana,Times;font-size:12px;text-align:left;width:100%;border-collapse:collapse;padding:3px 3px 3px 3px">
<tr style="text-align:center;font-weight:bold;background:#9CBCE2">
<td></td>
</tr>
<tr>
<td>
<table style="font-family:Arial,Verdana,Times;font-size:12px;text-align:left;width:100%;border-spacing:0px; padding:3px 3px 3px 3px">
<tr>
<td>TIPO_INFRA</td>
<td>Torre</td>
</tr>
<tr bgcolor="#D4E4F3">
<td>ID_INFRA_PT</td>
<td>T7</td>
</tr>
<tr>
<td>COOR_ESTE</td>
<td>5108048,653</td>
</tr>
<tr bgcolor="#D4E4F3">
<td>COOR_NORTE</td>
<td>2838872,1125</td>
</tr>
<tr>
<td>SITIO</td>
<td>T7</td>
</tr>
<tr bgcolor="#D4E4F3">
<td>Comunidad</td>
<td>Utkap</td>
</tr>
<tr>
<td>AHUYENTAMIENTO DE FAUNA</td>
<td>NO</td>
</tr>
<tr bgcolor="#D4E4F3">
<td>DESPEJE TORRE</td>
<td>0</td>
</tr>
<tr>
<td>EXCAVACIÓN</td>
<td>0</td>
</tr>
<tr bgcolor="#D4E4F3">
<td>SOLADO</td>
<td>0</td>
</tr>
<tr>
<td>CIMENTACION</td>
<td>0</td>
</tr>
<tr bgcolor="#D4E4F3">
<td>ACERO DE REFUERZO</td>
<td>0</td>
</tr>
<tr>
<td>CONCRETO</td>
<td>0</td>
</tr>
<tr bgcolor="#D4E4F3">
<td>RELLENO Y COMPACTACIÓN</td>
<td>0</td>
</tr>
<tr>
<td>COOR_X</td>
<td>5108048,653</td>
</tr>
<tr bgcolor="#D4E4F3">
<td>COOR_Y</td>
<td>2838872,1125</td>
</tr>
<tr>
<td>Text</td>
<td>Utkap</td>
</tr>
<tr bgcolor="#D4E4F3">
<td>ObjectID</td>
<td>6</td>
</tr>
</table>
</td>
</tr>
</table>
</body><script type="text/javascript">
				function changeImage(attElement, nameElement) {
				document.getElementById('imageAttachment').src = attElement;
				document.getElementById('imageName').innerHTML = nameElement;}
			</script></html>
]]></description>
      <Point>
        <extrude>0</extrude><altitudeMode>clampToGround</altitudeMode>
        <coordinates> -72.0085686510982,11.58936815957769,0</coordinates>
      </Point>
    </Placemark>
    <Placemark id="ID_00016">
      <name>T8</name>
      <snippet></snippet>
      <description><![CDATA[<html xmlns:fo="http://www.w3.org/1999/XSL/Format" xmlns:msxsl="urn:schemas-microsoft-com:xslt">
<head>
<META http-equiv="Content-Type" content="text/html">
<meta http-equiv="content-type" content="text/html; charset=UTF-8">
</head>
<body style="margin:0px 0px 0px 0px;overflow:auto;background:#FFFFFF;">
<table style="font-family:Arial,Verdana,Times;font-size:12px;text-align:left;width:100%;border-collapse:collapse;padding:3px 3px 3px 3px">
<tr style="text-align:center;font-weight:bold;background:#9CBCE2">
<td></td>
</tr>
<tr>
<td>
<table style="font-family:Arial,Verdana,Times;font-size:12px;text-align:left;width:100%;border-spacing:0px; padding:3px 3px 3px 3px">
<tr>
<td>TIPO_INFRA</td>
<td>Torre</td>
</tr>
<tr bgcolor="#D4E4F3">
<td>ID_INFRA_PT</td>
<td>T8</td>
</tr>
<tr>
<td>COOR_ESTE</td>
<td>5107873,0317</td>
</tr>
<tr bgcolor="#D4E4F3">
<td>COOR_NORTE</td>
<td>2838461,9191</td>
</tr>
<tr>
<td>SITIO</td>
<td>T8</td>
</tr>
<tr bgcolor="#D4E4F3">
<td>Comunidad</td>
<td>Mashuamana</td>
</tr>
<tr>
<td>AHUYENTAMIENTO DE FAUNA</td>
<td>NO</td>
</tr>
<tr bgcolor="#D4E4F3">
<td>DESPEJE TORRE</td>
<td>0</td>
</tr>
<tr>
<td>EXCAVACIÓN</td>
<td>0</td>
</tr>
<tr bgcolor="#D4E4F3">
<td>SOLADO</td>
<td>0</td>
</tr>
<tr>
<td>CIMENTACION</td>
<td>0</td>
</tr>
<tr bgcolor="#D4E4F3">
<td>ACERO DE REFUERZO</td>
<td>0</td>
</tr>
<tr>
<td>CONCRETO</td>
<td>0</td>
</tr>
<tr bgcolor="#D4E4F3">
<td>RELLENO Y COMPACTACIÓN</td>
<td>0</td>
</tr>
<tr>
<td>COOR_X</td>
<td>5107873,0317</td>
</tr>
<tr bgcolor="#D4E4F3">
<td>COOR_Y</td>
<td>2838461,9191</td>
</tr>
<tr>
<td>Text</td>
<td>Mashuamana</td>
</tr>
<tr bgcolor="#D4E4F3">
<td>ObjectID</td>
<td>7</td>
</tr>
</table>
</td>
</tr>
</table>
</body><script type="text/javascript">
				function changeImage(attElement, nameElement) {
				document.getElementById('imageAttachment').src = attElement;
				document.getElementById('imageName').innerHTML = nameElement;}
			</script></html>
]]></description>
      <Point>
        <extrude>0</extrude><altitudeMode>clampToGround</altitudeMode>
        <coordinates> -72.0101930072653,11.58566310545323,0</coordinates>
      </Point>
    </Placemark>
    <Placemark id="ID_00017">
      <name>T9</name>
      <snippet></snippet>
      <description><![CDATA[<html xmlns:fo="http://www.w3.org/1999/XSL/Format" xmlns:msxsl="urn:schemas-microsoft-com:xslt">
<head>
<META http-equiv="Content-Type" content="text/html">
<meta http-equiv="content-type" content="text/html; charset=UTF-8">
</head>
<body style="margin:0px 0px 0px 0px;overflow:auto;background:#FFFFFF;">
<table style="font-family:Arial,Verdana,Times;font-size:12px;text-align:left;width:100%;border-collapse:collapse;padding:3px 3px 3px 3px">
<tr style="text-align:center;font-weight:bold;background:#9CBCE2">
<td></td>
</tr>
<tr>
<td>
<table style="font-family:Arial,Verdana,Times;font-size:12px;text-align:left;width:100%;border-spacing:0px; padding:3px 3px 3px 3px">
<tr>
<td>TIPO_INFRA</td>
<td>Torre</td>
</tr>
<tr bgcolor="#D4E4F3">
<td>ID_INFRA_PT</td>
<td>T9</td>
</tr>
<tr>
<td>COOR_ESTE</td>
<td>5107693,7314</td>
</tr>
<tr bgcolor="#D4E4F3">
<td>COOR_NORTE</td>
<td>2838043,1342</td>
</tr>
<tr>
<td>SITIO</td>
<td>T9</td>
</tr>
<tr bgcolor="#D4E4F3">
<td>Comunidad</td>
<td>Mashuamana Wane</td>
</tr>
<tr>
<td>AHUYENTAMIENTO DE FAUNA</td>
<td>SI</td>
</tr>
<tr bgcolor="#D4E4F3">
<td>DESPEJE TORRE</td>
<td>0,4</td>
</tr>
<tr>
<td>EXCAVACIÓN</td>
<td>0</td>
</tr>
<tr bgcolor="#D4E4F3">
<td>SOLADO</td>
<td>0</td>
</tr>
<tr>
<td>CIMENTACION</td>
<td>0</td>
</tr>
<tr bgcolor="#D4E4F3">
<td>ACERO DE REFUERZO</td>
<td>0</td>
</tr>
<tr>
<td>CONCRETO</td>
<td>0</td>
</tr>
<tr bgcolor="#D4E4F3">
<td>RELLENO Y COMPACTACIÓN</td>
<td>0</td>
</tr>
<tr>
<td>COOR_X</td>
<td>5107693,7314</td>
</tr>
<tr bgcolor="#D4E4F3">
<td>COOR_Y</td>
<td>2838043,1342</td>
</tr>
<tr>
<td>Text</td>
<td>Mashuamana Wane</td>
</tr>
<tr bgcolor="#D4E4F3">
<td>ObjectID</td>
<td>8</td>
</tr>
</table>
</td>
</tr>
</table>
</body><script type="text/javascript">
				function changeImage(attElement, nameElement) {
				document.getElementById('imageAttachment').src = attElement;
				document.getElementById('imageName').innerHTML = nameElement;}
			</script></html>
]]></description>
      <Point>
        <extrude>0</extrude><altitudeMode>clampToGround</altitudeMode>
        <coordinates> -72.0118513435783,11.58188043500788,0</coordinates>
      </Point>
    </Placemark>
    <Placemark id="ID_00018">
      <name>T10</name>
      <snippet></snippet>
      <description><![CDATA[<html xmlns:fo="http://www.w3.org/1999/XSL/Format" xmlns:msxsl="urn:schemas-microsoft-com:xslt">
<head>
<META http-equiv="Content-Type" content="text/html">
<meta http-equiv="content-type" content="text/html; charset=UTF-8">
</head>
<body style="margin:0px 0px 0px 0px;overflow:auto;background:#FFFFFF;">
<table style="font-family:Arial,Verdana,Times;font-size:12px;text-align:left;width:100%;border-collapse:collapse;padding:3px 3px 3px 3px">
<tr style="text-align:center;font-weight:bold;background:#9CBCE2">
<td></td>
</tr>
<tr>
<td>
<table style="font-family:Arial,Verdana,Times;font-size:12px;text-align:left;width:100%;border-spacing:0px; padding:3px 3px 3px 3px">
<tr>
<td>TIPO_INFRA</td>
<td>Torre</td>
</tr>
<tr bgcolor="#D4E4F3">
<td>ID_INFRA_PT</td>
<td>T10</td>
</tr>
<tr>
<td>COOR_ESTE</td>
<td>5107500,8151</td>
</tr>
<tr bgcolor="#D4E4F3">
<td>COOR_NORTE</td>
<td>2837592,5506</td>
</tr>
<tr>
<td>SITIO</td>
<td>T10</td>
</tr>
<tr bgcolor="#D4E4F3">
<td>Comunidad</td>
<td>Mashuamana Wane</td>
</tr>
<tr>
<td>AHUYENTAMIENTO DE FAUNA</td>
<td>SI</td>
</tr>
<tr bgcolor="#D4E4F3">
<td>DESPEJE TORRE</td>
<td>1</td>
</tr>
<tr>
<td>EXCAVACIÓN</td>
<td>0</td>
</tr>
<tr bgcolor="#D4E4F3">
<td>SOLADO</td>
<td>0</td>
</tr>
<tr>
<td>CIMENTACION</td>
<td>0</td>
</tr>
<tr bgcolor="#D4E4F3">
<td>ACERO DE REFUERZO</td>
<td>0</td>
</tr>
<tr>
<td>CONCRETO</td>
<td>0</td>
</tr>
<tr bgcolor="#D4E4F3">
<td>RELLENO Y COMPACTACIÓN</td>
<td>0</td>
</tr>
<tr>
<td>COOR_X</td>
<td>5107500,8151</td>
</tr>
<tr bgcolor="#D4E4F3">
<td>COOR_Y</td>
<td>2837592,5506</td>
</tr>
<tr>
<td>Text</td>
<td>Mashuamana Wane</td>
</tr>
<tr bgcolor="#D4E4F3">
<td>ObjectID</td>
<td>9</td>
</tr>
</table>
</td>
</tr>
</table>
</body><script type="text/javascript">
				function changeImage(attElement, nameElement) {
				document.getElementById('imageAttachment').src = attElement;
				document.getElementById('imageName').innerHTML = nameElement;}
			</script></html>
]]></description>
      <Point>
        <extrude>0</extrude><altitudeMode>clampToGround</altitudeMode>
        <coordinates> -72.01363555954116,11.57781052739747,0</coordinates>
      </Point>
    </Placemark>
    <Placemark id="ID_00019">
      <name>T11</name>
      <snippet></snippet>
      <description><![CDATA[<html xmlns:fo="http://www.w3.org/1999/XSL/Format" xmlns:msxsl="urn:schemas-microsoft-com:xslt">
<head>
<META http-equiv="Content-Type" content="text/html">
<meta http-equiv="content-type" content="text/html; charset=UTF-8">
</head>
<body style="margin:0px 0px 0px 0px;overflow:auto;background:#FFFFFF;">
<table style="font-family:Arial,Verdana,Times;font-size:12px;text-align:left;width:100%;border-collapse:collapse;padding:3px 3px 3px 3px">
<tr style="text-align:center;font-weight:bold;background:#9CBCE2">
<td></td>
</tr>
<tr>
<td>
<table style="font-family:Arial,Verdana,Times;font-size:12px;text-align:left;width:100%;border-spacing:0px; padding:3px 3px 3px 3px">
<tr>
<td>TIPO_INFRA</td>
<td>Torre</td>
</tr>
<tr bgcolor="#D4E4F3">
<td>ID_INFRA_PT</td>
<td>T11</td>
</tr>
<tr>
<td>COOR_ESTE</td>
<td>5107378,2599</td>
</tr>
<tr bgcolor="#D4E4F3">
<td>COOR_NORTE</td>
<td>2837306,3054</td>
</tr>
<tr>
<td>SITIO</td>
<td>T11</td>
</tr>
<tr bgcolor="#D4E4F3">
<td>Comunidad</td>
<td>Mashuamana Wane</td>
</tr>
<tr>
<td>AHUYENTAMIENTO DE FAUNA</td>
<td>SI</td>
</tr>
<tr bgcolor="#D4E4F3">
<td>DESPEJE TORRE</td>
<td>1</td>
</tr>
<tr>
<td>EXCAVACIÓN</td>
<td>0</td>
</tr>
<tr bgcolor="#D4E4F3">
<td>SOLADO</td>
<td>0</td>
</tr>
<tr>
<td>CIMENTACION</td>
<td>0</td>
</tr>
<tr bgcolor="#D4E4F3">
<td>ACERO DE REFUERZO</td>
<td>0</td>
</tr>
<tr>
<td>CONCRETO</td>
<td>0</td>
</tr>
<tr bgcolor="#D4E4F3">
<td>RELLENO Y COMPACTACIÓN</td>
<td>0</td>
</tr>
<tr>
<td>COOR_X</td>
<td>5107378,2599</td>
</tr>
<tr bgcolor="#D4E4F3">
<td>COOR_Y</td>
<td>2837306,3054</td>
</tr>
<tr>
<td>Text</td>
<td>Mashuamana Wane</td>
</tr>
<tr bgcolor="#D4E4F3">
<td>ObjectID</td>
<td>10</td>
</tr>
</table>
</td>
</tr>
</table>
</body><script type="text/javascript">
				function changeImage(attElement, nameElement) {
				document.getElementById('imageAttachment').src = attElement;
				document.getElementById('imageName').innerHTML = nameElement;}
			</script></html>
]]></description>
      <Point>
        <extrude>0</extrude><altitudeMode>clampToGround</altitudeMode>
        <coordinates> -72.01476900119086,11.57522500199863,0</coordinates>
      </Point>
    </Placemark>
    <Placemark id="ID_00020">
      <name>T12</name>
      <snippet></snippet>
      <description><![CDATA[<html xmlns:fo="http://www.w3.org/1999/XSL/Format" xmlns:msxsl="urn:schemas-microsoft-com:xslt">
<head>
<META http-equiv="Content-Type" content="text/html">
<meta http-equiv="content-type" content="text/html; charset=UTF-8">
</head>
<body style="margin:0px 0px 0px 0px;overflow:auto;background:#FFFFFF;">
<table style="font-family:Arial,Verdana,Times;font-size:12px;text-align:left;width:100%;border-collapse:collapse;padding:3px 3px 3px 3px">
<tr style="text-align:center;font-weight:bold;background:#9CBCE2">
<td></td>
</tr>
<tr>
<td>
<table style="font-family:Arial,Verdana,Times;font-size:12px;text-align:left;width:100%;border-spacing:0px; padding:3px 3px 3px 3px">
<tr>
<td>TIPO_INFRA</td>
<td>Torre</td>
</tr>
<tr bgcolor="#D4E4F3">
<td>ID_INFRA_PT</td>
<td>T12</td>
</tr>
<tr>
<td>COOR_ESTE</td>
<td>5107022,736</td>
</tr>
<tr bgcolor="#D4E4F3">
<td>COOR_NORTE</td>
<td>2837166,3579</td>
</tr>
<tr>
<td>SITIO</td>
<td>T12</td>
</tr>
<tr bgcolor="#D4E4F3">
<td>Comunidad</td>
<td>Mashuamana Wane</td>
</tr>
<tr>
<td>AHUYENTAMIENTO DE FAUNA</td>
<td>SI</td>
</tr>
<tr bgcolor="#D4E4F3">
<td>DESPEJE TORRE</td>
<td>1</td>
</tr>
<tr>
<td>EXCAVACIÓN</td>
<td>1</td>
</tr>
<tr bgcolor="#D4E4F3">
<td>SOLADO</td>
<td>1</td>
</tr>
<tr>
<td>CIMENTACION</td>
<td>0</td>
</tr>
<tr bgcolor="#D4E4F3">
<td>ACERO DE REFUERZO</td>
<td>1</td>
</tr>
<tr>
<td>CONCRETO</td>
<td>0,12</td>
</tr>
<tr bgcolor="#D4E4F3">
<td>RELLENO Y COMPACTACIÓN</td>
<td>0</td>
</tr>
<tr>
<td>COOR_X</td>
<td>5107022,736</td>
</tr>
<tr bgcolor="#D4E4F3">
<td>COOR_Y</td>
<td>2837166,3579</td>
</tr>
<tr>
<td>Text</td>
<td>Mashuamana Wane</td>
</tr>
<tr bgcolor="#D4E4F3">
<td>ObjectID</td>
<td>11</td>
</tr>
</table>
</td>
</tr>
</table>
</body><script type="text/javascript">
				function changeImage(attElement, nameElement) {
				document.getElementById('imageAttachment').src = attElement;
				document.getElementById('imageName').innerHTML = nameElement;}
			</script></html>
]]></description>
      <Point>
        <extrude>0</extrude><altitudeMode>clampToGround</altitudeMode>
        <coordinates> -72.0180351311552,11.573970124568,0</coordinates>
      </Point>
    </Placemark>
    <Placemark id="ID_00021">
      <name>T13</name>
      <snippet></snippet>
      <description><![CDATA[<html xmlns:fo="http://www.w3.org/1999/XSL/Format" xmlns:msxsl="urn:schemas-microsoft-com:xslt">
<head>
<META http-equiv="Content-Type" content="text/html">
<meta http-equiv="content-type" content="text/html; charset=UTF-8">
</head>
<body style="margin:0px 0px 0px 0px;overflow:auto;background:#FFFFFF;">
<table style="font-family:Arial,Verdana,Times;font-size:12px;text-align:left;width:100%;border-collapse:collapse;padding:3px 3px 3px 3px">
<tr style="text-align:center;font-weight:bold;background:#9CBCE2">
<td></td>
</tr>
<tr>
<td>
<table style="font-family:Arial,Verdana,Times;font-size:12px;text-align:left;width:100%;border-spacing:0px; padding:3px 3px 3px 3px">
<tr>
<td>TIPO_INFRA</td>
<td>Torre</td>
</tr>
<tr bgcolor="#D4E4F3">
<td>ID_INFRA_PT</td>
<td>T13</td>
</tr>
<tr>
<td>COOR_ESTE</td>
<td>5106568,9208</td>
</tr>
<tr bgcolor="#D4E4F3">
<td>COOR_NORTE</td>
<td>2836987,7204</td>
</tr>
<tr>
<td>SITIO</td>
<td>T13</td>
</tr>
<tr bgcolor="#D4E4F3">
<td>Comunidad</td>
<td>Kamushipá</td>
</tr>
<tr>
<td>AHUYENTAMIENTO DE FAUNA</td>
<td>SI</td>
</tr>
<tr bgcolor="#D4E4F3">
<td>DESPEJE TORRE</td>
<td>1</td>
</tr>
<tr>
<td>EXCAVACIÓN</td>
<td>1</td>
</tr>
<tr bgcolor="#D4E4F3">
<td>SOLADO</td>
<td>1</td>
</tr>
<tr>
<td>CIMENTACION</td>
<td>1</td>
</tr>
<tr bgcolor="#D4E4F3">
<td>ACERO DE REFUERZO</td>
<td>1</td>
</tr>
<tr>
<td>CONCRETO</td>
<td>1</td>
</tr>
<tr bgcolor="#D4E4F3">
<td>RELLENO Y COMPACTACIÓN</td>
<td>1</td>
</tr>
<tr>
<td>COOR_X</td>
<td>5106568,9208</td>
</tr>
<tr bgcolor="#D4E4F3">
<td>COOR_Y</td>
<td>2836987,7204</td>
</tr>
<tr>
<td>Text</td>
<td>Kamushipá</td>
</tr>
<tr bgcolor="#D4E4F3">
<td>ObjectID</td>
<td>12</td>
</tr>
</table>
</td>
</tr>
</table>
</body><script type="text/javascript">
				function changeImage(attElement, nameElement) {
				document.getElementById('imageAttachment').src = attElement;
				document.getElementById('imageName').innerHTML = nameElement;}
			</script></html>
]]></description>
      <Point>
        <extrude>0</extrude><altitudeMode>clampToGround</altitudeMode>
        <coordinates> -72.02220420591652,11.57236826566477,0</coordinates>
      </Point>
    </Placemark>
    <Placemark id="ID_00022">
      <name>T14</name>
      <snippet></snippet>
      <description><![CDATA[<html xmlns:fo="http://www.w3.org/1999/XSL/Format" xmlns:msxsl="urn:schemas-microsoft-com:xslt">
<head>
<META http-equiv="Content-Type" content="text/html">
<meta http-equiv="content-type" content="text/html; charset=UTF-8">
</head>
<body style="margin:0px 0px 0px 0px;overflow:auto;background:#FFFFFF;">
<table style="font-family:Arial,Verdana,Times;font-size:12px;text-align:left;width:100%;border-collapse:collapse;padding:3px 3px 3px 3px">
<tr style="text-align:center;font-weight:bold;background:#9CBCE2">
<td></td>
</tr>
<tr>
<td>
<table style="font-family:Arial,Verdana,Times;font-size:12px;text-align:left;width:100%;border-spacing:0px; padding:3px 3px 3px 3px">
<tr>
<td>TIPO_INFRA</td>
<td>Torre</td>
</tr>
<tr bgcolor="#D4E4F3">
<td>ID_INFRA_PT</td>
<td>T14</td>
</tr>
<tr>
<td>COOR_ESTE</td>
<td>5106107,8434</td>
</tr>
<tr bgcolor="#D4E4F3">
<td>COOR_NORTE</td>
<td>2836806,2241</td>
</tr>
<tr>
<td>SITIO</td>
<td>T14</td>
</tr>
<tr bgcolor="#D4E4F3">
<td>Comunidad</td>
<td>Kamushipá</td>
</tr>
<tr>
<td>AHUYENTAMIENTO DE FAUNA</td>
<td>SI</td>
</tr>
<tr bgcolor="#D4E4F3">
<td>DESPEJE TORRE</td>
<td>1</td>
</tr>
<tr>
<td>EXCAVACIÓN</td>
<td>1</td>
</tr>
<tr bgcolor="#D4E4F3">
<td>SOLADO</td>
<td>1</td>
</tr>
<tr>
<td>CIMENTACION</td>
<td>1</td>
</tr>
<tr bgcolor="#D4E4F3">
<td>ACERO DE REFUERZO</td>
<td>1</td>
</tr>
<tr>
<td>CONCRETO</td>
<td>1</td>
</tr>
<tr bgcolor="#D4E4F3">
<td>RELLENO Y COMPACTACIÓN</td>
<td>1</td>
</tr>
<tr>
<td>COOR_X</td>
<td>5106107,8434</td>
</tr>
<tr bgcolor="#D4E4F3">
<td>COOR_Y</td>
<td>2836806,2241</td>
</tr>
<tr>
<td>Text</td>
<td>Kamushipá</td>
</tr>
<tr bgcolor="#D4E4F3">
<td>ObjectID</td>
<td>13</td>
</tr>
</table>
</td>
</tr>
</table>
</body><script type="text/javascript">
				function changeImage(attElement, nameElement) {
				document.getElementById('imageAttachment').src = attElement;
				document.getElementById('imageName').innerHTML = nameElement;}
			</script></html>
]]></description>
      <Point>
        <extrude>0</extrude><altitudeMode>clampToGround</altitudeMode>
        <coordinates> -72.02643995226292,11.57074070604419,0</coordinates>
      </Point>
    </Placemark>
    <Placemark id="ID_00023">
      <name>T15</name>
      <snippet></snippet>
      <description><![CDATA[<html xmlns:fo="http://www.w3.org/1999/XSL/Format" xmlns:msxsl="urn:schemas-microsoft-com:xslt">
<head>
<META http-equiv="Content-Type" content="text/html">
<meta http-equiv="content-type" content="text/html; charset=UTF-8">
</head>
<body style="margin:0px 0px 0px 0px;overflow:auto;background:#FFFFFF;">
<table style="font-family:Arial,Verdana,Times;font-size:12px;text-align:left;width:100%;border-collapse:collapse;padding:3px 3px 3px 3px">
<tr style="text-align:center;font-weight:bold;background:#9CBCE2">
<td></td>
</tr>
<tr>
<td>
<table style="font-family:Arial,Verdana,Times;font-size:12px;text-align:left;width:100%;border-spacing:0px; padding:3px 3px 3px 3px">
<tr>
<td>TIPO_INFRA</td>
<td>Torre</td>
</tr>
<tr bgcolor="#D4E4F3">
<td>ID_INFRA_PT</td>
<td>T15</td>
</tr>
<tr>
<td>COOR_ESTE</td>
<td>5105668,9938</td>
</tr>
<tr bgcolor="#D4E4F3">
<td>COOR_NORTE</td>
<td>2836633,4776</td>
</tr>
<tr>
<td>SITIO</td>
<td>T15</td>
</tr>
<tr bgcolor="#D4E4F3">
<td>Comunidad</td>
<td>Kamushipá</td>
</tr>
<tr>
<td>AHUYENTAMIENTO DE FAUNA</td>
<td>SI</td>
</tr>
<tr bgcolor="#D4E4F3">
<td>DESPEJE TORRE</td>
<td>1</td>
</tr>
<tr>
<td>EXCAVACIÓN</td>
<td>1</td>
</tr>
<tr bgcolor="#D4E4F3">
<td>SOLADO</td>
<td>1</td>
</tr>
<tr>
<td>CIMENTACION</td>
<td>1</td>
</tr>
<tr bgcolor="#D4E4F3">
<td>ACERO DE REFUERZO</td>
<td>1</td>
</tr>
<tr>
<td>CONCRETO</td>
<td>1</td>
</tr>
<tr bgcolor="#D4E4F3">
<td>RELLENO Y COMPACTACIÓN</td>
<td>1</td>
</tr>
<tr>
<td>COOR_X</td>
<td>5105668,9938</td>
</tr>
<tr bgcolor="#D4E4F3">
<td>COOR_Y</td>
<td>2836633,4776</td>
</tr>
<tr>
<td>Text</td>
<td>Kamushipá</td>
</tr>
<tr bgcolor="#D4E4F3">
<td>ObjectID</td>
<td>14</td>
</tr>
</table>
</td>
</tr>
</table>
</body><script type="text/javascript">
				function changeImage(attElement, nameElement) {
				document.getElementById('imageAttachment').src = attElement;
				document.getElementById('imageName').innerHTML = nameElement;}
			</script></html>
]]></description>
      <Point>
        <extrude>0</extrude><altitudeMode>clampToGround</altitudeMode>
        <coordinates> -72.03047145865123,11.56919154848376,0</coordinates>
      </Point>
    </Placemark>
    <Placemark id="ID_00024">
      <name>T16</name>
      <snippet></snippet>
      <description><![CDATA[<html xmlns:fo="http://www.w3.org/1999/XSL/Format" xmlns:msxsl="urn:schemas-microsoft-com:xslt">
<head>
<META http-equiv="Content-Type" content="text/html">
<meta http-equiv="content-type" content="text/html; charset=UTF-8">
</head>
<body style="margin:0px 0px 0px 0px;overflow:auto;background:#FFFFFF;">
<table style="font-family:Arial,Verdana,Times;font-size:12px;text-align:left;width:100%;border-collapse:collapse;padding:3px 3px 3px 3px">
<tr style="text-align:center;font-weight:bold;background:#9CBCE2">
<td></td>
</tr>
<tr>
<td>
<table style="font-family:Arial,Verdana,Times;font-size:12px;text-align:left;width:100%;border-spacing:0px; padding:3px 3px 3px 3px">
<tr>
<td>TIPO_INFRA</td>
<td>Torre</td>
</tr>
<tr bgcolor="#D4E4F3">
<td>ID_INFRA_PT</td>
<td>T16</td>
</tr>
<tr>
<td>COOR_ESTE</td>
<td>5105223,6363</td>
</tr>
<tr bgcolor="#D4E4F3">
<td>COOR_NORTE</td>
<td>2836458,171</td>
</tr>
<tr>
<td>SITIO</td>
<td>T16</td>
</tr>
<tr bgcolor="#D4E4F3">
<td>Comunidad</td>
<td>Kamushipá</td>
</tr>
<tr>
<td>AHUYENTAMIENTO DE FAUNA</td>
<td>SI</td>
</tr>
<tr bgcolor="#D4E4F3">
<td>DESPEJE TORRE</td>
<td>1</td>
</tr>
<tr>
<td>EXCAVACIÓN</td>
<td>1</td>
</tr>
<tr bgcolor="#D4E4F3">
<td>SOLADO</td>
<td>1</td>
</tr>
<tr>
<td>CIMENTACION</td>
<td>0</td>
</tr>
<tr bgcolor="#D4E4F3">
<td>ACERO DE REFUERZO</td>
<td>1</td>
</tr>
<tr>
<td>CONCRETO</td>
<td>1</td>
</tr>
<tr bgcolor="#D4E4F3">
<td>RELLENO Y COMPACTACIÓN</td>
<td>1</td>
</tr>
<tr>
<td>COOR_X</td>
<td>5105223,6363</td>
</tr>
<tr bgcolor="#D4E4F3">
<td>COOR_Y</td>
<td>2836458,171</td>
</tr>
<tr>
<td>Text</td>
<td>Kamushipá</td>
</tr>
<tr bgcolor="#D4E4F3">
<td>ObjectID</td>
<td>15</td>
</tr>
</table>
</td>
</tr>
</table>
</body><script type="text/javascript">
				function changeImage(attElement, nameElement) {
				document.getElementById('imageAttachment').src = attElement;
				document.getElementById('imageName').innerHTML = nameElement;}
			</script></html>
]]></description>
      <Point>
        <extrude>0</extrude><altitudeMode>clampToGround</altitudeMode>
        <coordinates> -72.03456270870252,11.56761937138993,0</coordinates>
      </Point>
    </Placemark>
    <Placemark id="ID_00025">
      <name>T17</name>
      <snippet></snippet>
      <description><![CDATA[<html xmlns:fo="http://www.w3.org/1999/XSL/Format" xmlns:msxsl="urn:schemas-microsoft-com:xslt">
<head>
<META http-equiv="Content-Type" content="text/html">
<meta http-equiv="content-type" content="text/html; charset=UTF-8">
</head>
<body style="margin:0px 0px 0px 0px;overflow:auto;background:#FFFFFF;">
<table style="font-family:Arial,Verdana,Times;font-size:12px;text-align:left;width:100%;border-collapse:collapse;padding:3px 3px 3px 3px">
<tr style="text-align:center;font-weight:bold;background:#9CBCE2">
<td></td>
</tr>
<tr>
<td>
<table style="font-family:Arial,Verdana,Times;font-size:12px;text-align:left;width:100%;border-spacing:0px; padding:3px 3px 3px 3px">
<tr>
<td>TIPO_INFRA</td>
<td>Torre</td>
</tr>
<tr bgcolor="#D4E4F3">
<td>ID_INFRA_PT</td>
<td>T17</td>
</tr>
<tr>
<td>COOR_ESTE</td>
<td>5104816,7688</td>
</tr>
<tr bgcolor="#D4E4F3">
<td>COOR_NORTE</td>
<td>2836298,0145</td>
</tr>
<tr>
<td>SITIO</td>
<td>T17</td>
</tr>
<tr bgcolor="#D4E4F3">
<td>Comunidad</td>
<td>Romana</td>
</tr>
<tr>
<td>AHUYENTAMIENTO DE FAUNA</td>
<td>SI</td>
</tr>
<tr bgcolor="#D4E4F3">
<td>DESPEJE TORRE</td>
<td>1</td>
</tr>
<tr>
<td>EXCAVACIÓN</td>
<td>0</td>
</tr>
<tr bgcolor="#D4E4F3">
<td>SOLADO</td>
<td>0</td>
</tr>
<tr>
<td>CIMENTACION</td>
<td>0</td>
</tr>
<tr bgcolor="#D4E4F3">
<td>ACERO DE REFUERZO</td>
<td>0</td>
</tr>
<tr>
<td>CONCRETO</td>
<td>0</td>
</tr>
<tr bgcolor="#D4E4F3">
<td>RELLENO Y COMPACTACIÓN</td>
<td>0</td>
</tr>
<tr>
<td>COOR_X</td>
<td>5104816,7688</td>
</tr>
<tr bgcolor="#D4E4F3">
<td>COOR_Y</td>
<td>2836298,0145</td>
</tr>
<tr>
<td>Text</td>
<td>Romana</td>
</tr>
<tr bgcolor="#D4E4F3">
<td>ObjectID</td>
<td>16</td>
</tr>
</table>
</td>
</tr>
</table>
</body><script type="text/javascript">
				function changeImage(attElement, nameElement) {
				document.getElementById('imageAttachment').src = attElement;
				document.getElementById('imageName').innerHTML = nameElement;}
			</script></html>
]]></description>
      <Point>
        <extrude>0</extrude><altitudeMode>clampToGround</altitudeMode>
        <coordinates> -72.03830033629534,11.56618300886489,0</coordinates>
      </Point>
    </Placemark>
    <Placemark id="ID_00026">
      <name>T18</name>
      <snippet></snippet>
      <description><![CDATA[<html xmlns:fo="http://www.w3.org/1999/XSL/Format" xmlns:msxsl="urn:schemas-microsoft-com:xslt">
<head>
<META http-equiv="Content-Type" content="text/html">
<meta http-equiv="content-type" content="text/html; charset=UTF-8">
</head>
<body style="margin:0px 0px 0px 0px;overflow:auto;background:#FFFFFF;">
<table style="font-family:Arial,Verdana,Times;font-size:12px;text-align:left;width:100%;border-collapse:collapse;padding:3px 3px 3px 3px">
<tr style="text-align:center;font-weight:bold;background:#9CBCE2">
<td></td>
</tr>
<tr>
<td>
<table style="font-family:Arial,Verdana,Times;font-size:12px;text-align:left;width:100%;border-spacing:0px; padding:3px 3px 3px 3px">
<tr>
<td>TIPO_INFRA</td>
<td>Torre</td>
</tr>
<tr bgcolor="#D4E4F3">
<td>ID_INFRA_PT</td>
<td>T18</td>
</tr>
<tr>
<td>COOR_ESTE</td>
<td>5104392,4289</td>
</tr>
<tr bgcolor="#D4E4F3">
<td>COOR_NORTE</td>
<td>2836130,9815</td>
</tr>
<tr>
<td>SITIO</td>
<td>T18</td>
</tr>
<tr bgcolor="#D4E4F3">
<td>Comunidad</td>
<td>Romana</td>
</tr>
<tr>
<td>AHUYENTAMIENTO DE FAUNA</td>
<td>SI</td>
</tr>
<tr bgcolor="#D4E4F3">
<td>DESPEJE TORRE</td>
<td>1</td>
</tr>
<tr>
<td>EXCAVACIÓN</td>
<td>0</td>
</tr>
<tr bgcolor="#D4E4F3">
<td>SOLADO</td>
<td>0</td>
</tr>
<tr>
<td>CIMENTACION</td>
<td>0</td>
</tr>
<tr bgcolor="#D4E4F3">
<td>ACERO DE REFUERZO</td>
<td>0</td>
</tr>
<tr>
<td>CONCRETO</td>
<td>0</td>
</tr>
<tr bgcolor="#D4E4F3">
<td>RELLENO Y COMPACTACIÓN</td>
<td>0</td>
</tr>
<tr>
<td>COOR_X</td>
<td>5104392,4289</td>
</tr>
<tr bgcolor="#D4E4F3">
<td>COOR_Y</td>
<td>2836130,9815</td>
</tr>
<tr>
<td>Text</td>
<td>Romana</td>
</tr>
<tr bgcolor="#D4E4F3">
<td>ObjectID</td>
<td>17</td>
</tr>
</table>
</td>
</tr>
</table>
</body><script type="text/javascript">
				function changeImage(attElement, nameElement) {
				document.getElementById('imageAttachment').src = attElement;
				document.getElementById('imageName').innerHTML = nameElement;}
			</script></html>
]]></description>
      <Point>
        <extrude>0</extrude><altitudeMode>clampToGround</altitudeMode>
        <coordinates> -72.04219843441167,11.56468491983617,0</coordinates>
      </Point>
    </Placemark>
    <Placemark id="ID_00027">
      <name>T19</name>
      <snippet></snippet>
      <description><![CDATA[<html xmlns:fo="http://www.w3.org/1999/XSL/Format" xmlns:msxsl="urn:schemas-microsoft-com:xslt">
<head>
<META http-equiv="Content-Type" content="text/html">
<meta http-equiv="content-type" content="text/html; charset=UTF-8">
</head>
<body style="margin:0px 0px 0px 0px;overflow:auto;background:#FFFFFF;">
<table style="font-family:Arial,Verdana,Times;font-size:12px;text-align:left;width:100%;border-collapse:collapse;padding:3px 3px 3px 3px">
<tr style="text-align:center;font-weight:bold;background:#9CBCE2">
<td></td>
</tr>
<tr>
<td>
<table style="font-family:Arial,Verdana,Times;font-size:12px;text-align:left;width:100%;border-spacing:0px; padding:3px 3px 3px 3px">
<tr>
<td>TIPO_INFRA</td>
<td>Torre</td>
</tr>
<tr bgcolor="#D4E4F3">
<td>ID_INFRA_PT</td>
<td>T19</td>
</tr>
<tr>
<td>COOR_ESTE</td>
<td>5104026,1038</td>
</tr>
<tr bgcolor="#D4E4F3">
<td>COOR_NORTE</td>
<td>2835986,7849</td>
</tr>
<tr>
<td>SITIO</td>
<td>T19</td>
</tr>
<tr bgcolor="#D4E4F3">
<td>Comunidad</td>
<td>Romana</td>
</tr>
<tr>
<td>AHUYENTAMIENTO DE FAUNA</td>
<td>SI</td>
</tr>
<tr bgcolor="#D4E4F3">
<td>DESPEJE TORRE</td>
<td>1</td>
</tr>
<tr>
<td>EXCAVACIÓN</td>
<td>0</td>
</tr>
<tr bgcolor="#D4E4F3">
<td>SOLADO</td>
<td>0</td>
</tr>
<tr>
<td>CIMENTACION</td>
<td>0</td>
</tr>
<tr bgcolor="#D4E4F3">
<td>ACERO DE REFUERZO</td>
<td>0</td>
</tr>
<tr>
<td>CONCRETO</td>
<td>0</td>
</tr>
<tr bgcolor="#D4E4F3">
<td>RELLENO Y COMPACTACIÓN</td>
<td>0</td>
</tr>
<tr>
<td>COOR_X</td>
<td>5104026,1038</td>
</tr>
<tr bgcolor="#D4E4F3">
<td>COOR_Y</td>
<td>2835986,7849</td>
</tr>
<tr>
<td>Text</td>
<td>Romana</td>
</tr>
<tr bgcolor="#D4E4F3">
<td>ObjectID</td>
<td>18</td>
</tr>
</table>
</td>
</tr>
</table>
</body><script type="text/javascript">
				function changeImage(attElement, nameElement) {
				document.getElementById('imageAttachment').src = attElement;
				document.getElementById('imageName').innerHTML = nameElement;}
			</script></html>
]]></description>
      <Point>
        <extrude>0</extrude><altitudeMode>clampToGround</altitudeMode>
        <coordinates> -72.04556356287014,11.56339160144074,0</coordinates>
      </Point>
    </Placemark>
    <Placemark id="ID_00028">
      <name>T20N</name>
      <snippet></snippet>
      <description><![CDATA[<html xmlns:fo="http://www.w3.org/1999/XSL/Format" xmlns:msxsl="urn:schemas-microsoft-com:xslt">
<head>
<META http-equiv="Content-Type" content="text/html">
<meta http-equiv="content-type" content="text/html; charset=UTF-8">
</head>
<body style="margin:0px 0px 0px 0px;overflow:auto;background:#FFFFFF;">
<table style="font-family:Arial,Verdana,Times;font-size:12px;text-align:left;width:100%;border-collapse:collapse;padding:3px 3px 3px 3px">
<tr style="text-align:center;font-weight:bold;background:#9CBCE2">
<td></td>
</tr>
<tr>
<td>
<table style="font-family:Arial,Verdana,Times;font-size:12px;text-align:left;width:100%;border-spacing:0px; padding:3px 3px 3px 3px">
<tr>
<td>TIPO_INFRA</td>
<td>Torre</td>
</tr>
<tr bgcolor="#D4E4F3">
<td>ID_INFRA_PT</td>
<td>T20N</td>
</tr>
<tr>
<td>COOR_ESTE</td>
<td>5103617,01</td>
</tr>
<tr bgcolor="#D4E4F3">
<td>COOR_NORTE</td>
<td>2835825,7542</td>
</tr>
<tr>
<td>SITIO</td>
<td>T20N</td>
</tr>
<tr bgcolor="#D4E4F3">
<td>Comunidad</td>
<td>Romana</td>
</tr>
<tr>
<td>AHUYENTAMIENTO DE FAUNA</td>
<td>SI</td>
</tr>
<tr bgcolor="#D4E4F3">
<td>DESPEJE TORRE</td>
<td>1</td>
</tr>
<tr>
<td>EXCAVACIÓN</td>
<td>0</td>
</tr>
<tr bgcolor="#D4E4F3">
<td>SOLADO</td>
<td>0</td>
</tr>
<tr>
<td>CIMENTACION</td>
<td>0</td>
</tr>
<tr bgcolor="#D4E4F3">
<td>ACERO DE REFUERZO</td>
<td>0</td>
</tr>
<tr>
<td>CONCRETO</td>
<td>0</td>
</tr>
<tr bgcolor="#D4E4F3">
<td>RELLENO Y COMPACTACIÓN</td>
<td>0</td>
</tr>
<tr>
<td>COOR_X</td>
<td>5103617,01</td>
</tr>
<tr bgcolor="#D4E4F3">
<td>COOR_Y</td>
<td>2835825,7542</td>
</tr>
<tr>
<td>Text</td>
<td>Romana</td>
</tr>
<tr bgcolor="#D4E4F3">
<td>ObjectID</td>
<td>19</td>
</tr>
</table>
</td>
</tr>
</table>
</body><script type="text/javascript">
				function changeImage(attElement, nameElement) {
				document.getElementById('imageAttachment').src = attElement;
				document.getElementById('imageName').innerHTML = nameElement;}
			</script></html>
]]></description>
      <Point>
        <extrude>0</extrude><altitudeMode>clampToGround</altitudeMode>
        <coordinates> -72.04932153896873,11.56194724663887,0</coordinates>
      </Point>
    </Placemark>
    <Placemark id="ID_00029">
      <name>T21N</name>
      <snippet></snippet>
      <description><![CDATA[<html xmlns:fo="http://www.w3.org/1999/XSL/Format" xmlns:msxsl="urn:schemas-microsoft-com:xslt">
<head>
<META http-equiv="Content-Type" content="text/html">
<meta http-equiv="content-type" content="text/html; charset=UTF-8">
</head>
<body style="margin:0px 0px 0px 0px;overflow:auto;background:#FFFFFF;">
<table style="font-family:Arial,Verdana,Times;font-size:12px;text-align:left;width:100%;border-collapse:collapse;padding:3px 3px 3px 3px">
<tr style="text-align:center;font-weight:bold;background:#9CBCE2">
<td></td>
</tr>
<tr>
<td>
<table style="font-family:Arial,Verdana,Times;font-size:12px;text-align:left;width:100%;border-spacing:0px; padding:3px 3px 3px 3px">
<tr>
<td>TIPO_INFRA</td>
<td>Torre</td>
</tr>
<tr bgcolor="#D4E4F3">
<td>ID_INFRA_PT</td>
<td>T21N</td>
</tr>
<tr>
<td>COOR_ESTE</td>
<td>5103356,679</td>
</tr>
<tr bgcolor="#D4E4F3">
<td>COOR_NORTE</td>
<td>2835723,2804</td>
</tr>
<tr>
<td>SITIO</td>
<td>T21N</td>
</tr>
<tr bgcolor="#D4E4F3">
<td>Comunidad</td>
<td>Romana</td>
</tr>
<tr>
<td>AHUYENTAMIENTO DE FAUNA</td>
<td>SI</td>
</tr>
<tr bgcolor="#D4E4F3">
<td>DESPEJE TORRE</td>
<td>1</td>
</tr>
<tr>
<td>EXCAVACIÓN</td>
<td>1</td>
</tr>
<tr bgcolor="#D4E4F3">
<td>SOLADO</td>
<td>1</td>
</tr>
<tr>
<td>CIMENTACION</td>
<td>0</td>
</tr>
<tr bgcolor="#D4E4F3">
<td>ACERO DE REFUERZO</td>
<td>0,925</td>
</tr>
<tr>
<td>CONCRETO</td>
<td>0,554</td>
</tr>
<tr bgcolor="#D4E4F3">
<td>RELLENO Y COMPACTACIÓN</td>
<td>0</td>
</tr>
<tr>
<td>COOR_X</td>
<td>5103356,679</td>
</tr>
<tr bgcolor="#D4E4F3">
<td>COOR_Y</td>
<td>2835723,2804</td>
</tr>
<tr>
<td>Text</td>
<td>Romana</td>
</tr>
<tr bgcolor="#D4E4F3">
<td>ObjectID</td>
<td>20</td>
</tr>
</table>
</td>
</tr>
</table>
</body><script type="text/javascript">
				function changeImage(attElement, nameElement) {
				document.getElementById('imageAttachment').src = attElement;
				document.getElementById('imageName').innerHTML = nameElement;}
			</script></html>
]]></description>
      <Point>
        <extrude>0</extrude><altitudeMode>clampToGround</altitudeMode>
        <coordinates> -72.05171294697308,11.56102808724618,0</coordinates>
      </Point>
    </Placemark>
    <Placemark id="ID_00030">
      <name>T22</name>
      <snippet></snippet>
      <description><![CDATA[<html xmlns:fo="http://www.w3.org/1999/XSL/Format" xmlns:msxsl="urn:schemas-microsoft-com:xslt">
<head>
<META http-equiv="Content-Type" content="text/html">
<meta http-equiv="content-type" content="text/html; charset=UTF-8">
</head>
<body style="margin:0px 0px 0px 0px;overflow:auto;background:#FFFFFF;">
<table style="font-family:Arial,Verdana,Times;font-size:12px;text-align:left;width:100%;border-collapse:collapse;padding:3px 3px 3px 3px">
<tr style="text-align:center;font-weight:bold;background:#9CBCE2">
<td></td>
</tr>
<tr>
<td>
<table style="font-family:Arial,Verdana,Times;font-size:12px;text-align:left;width:100%;border-spacing:0px; padding:3px 3px 3px 3px">
<tr>
<td>TIPO_INFRA</td>
<td>Torre</td>
</tr>
<tr bgcolor="#D4E4F3">
<td>ID_INFRA_PT</td>
<td>T22</td>
</tr>
<tr>
<td>COOR_ESTE</td>
<td>5102904,3521</td>
</tr>
<tr bgcolor="#D4E4F3">
<td>COOR_NORTE</td>
<td>2835545,2322</td>
</tr>
<tr>
<td>SITIO</td>
<td>T22</td>
</tr>
<tr bgcolor="#D4E4F3">
<td>Comunidad</td>
<td>Romana</td>
</tr>
<tr>
<td>AHUYENTAMIENTO DE FAUNA</td>
<td>SI</td>
</tr>
<tr bgcolor="#D4E4F3">
<td>DESPEJE TORRE</td>
<td>1</td>
</tr>
<tr>
<td>EXCAVACIÓN</td>
<td>1</td>
</tr>
<tr bgcolor="#D4E4F3">
<td>SOLADO</td>
<td>1</td>
</tr>
<tr>
<td>CIMENTACION</td>
<td>1</td>
</tr>
<tr bgcolor="#D4E4F3">
<td>ACERO DE REFUERZO</td>
<td>1</td>
</tr>
<tr>
<td>CONCRETO</td>
<td>1</td>
</tr>
<tr bgcolor="#D4E4F3">
<td>RELLENO Y COMPACTACIÓN</td>
<td>1</td>
</tr>
<tr>
<td>COOR_X</td>
<td>5102904,3521</td>
</tr>
<tr bgcolor="#D4E4F3">
<td>COOR_Y</td>
<td>2835545,2322</td>
</tr>
<tr>
<td>Text</td>
<td>Romana</td>
</tr>
<tr bgcolor="#D4E4F3">
<td>ObjectID</td>
<td>21</td>
</tr>
</table>
</td>
</tr>
</table>
</body><script type="text/javascript">
				function changeImage(attElement, nameElement) {
				document.getElementById('imageAttachment').src = attElement;
				document.getElementById('imageName').innerHTML = nameElement;}
			</script></html>
]]></description>
      <Point>
        <extrude>0</extrude><altitudeMode>clampToGround</altitudeMode>
        <coordinates> -72.05586800089826,11.55943099813097,0</coordinates>
      </Point>
    </Placemark>
    <Placemark id="ID_00031">
      <name>T23</name>
      <snippet></snippet>
      <description><![CDATA[<html xmlns:fo="http://www.w3.org/1999/XSL/Format" xmlns:msxsl="urn:schemas-microsoft-com:xslt">
<head>
<META http-equiv="Content-Type" content="text/html">
<meta http-equiv="content-type" content="text/html; charset=UTF-8">
</head>
<body style="margin:0px 0px 0px 0px;overflow:auto;background:#FFFFFF;">
<table style="font-family:Arial,Verdana,Times;font-size:12px;text-align:left;width:100%;border-collapse:collapse;padding:3px 3px 3px 3px">
<tr style="text-align:center;font-weight:bold;background:#9CBCE2">
<td></td>
</tr>
<tr>
<td>
<table style="font-family:Arial,Verdana,Times;font-size:12px;text-align:left;width:100%;border-spacing:0px; padding:3px 3px 3px 3px">
<tr>
<td>TIPO_INFRA</td>
<td>Torre</td>
</tr>
<tr bgcolor="#D4E4F3">
<td>ID_INFRA_PT</td>
<td>T23</td>
</tr>
<tr>
<td>COOR_ESTE</td>
<td>5102549,9583</td>
</tr>
<tr bgcolor="#D4E4F3">
<td>COOR_NORTE</td>
<td>2835352,0897</td>
</tr>
<tr>
<td>SITIO</td>
<td>T23</td>
</tr>
<tr bgcolor="#D4E4F3">
<td>Comunidad</td>
<td>Romana</td>
</tr>
<tr>
<td>AHUYENTAMIENTO DE FAUNA</td>
<td>SI</td>
</tr>
<tr bgcolor="#D4E4F3">
<td>DESPEJE TORRE</td>
<td>1</td>
</tr>
<tr>
<td>EXCAVACIÓN</td>
<td>1</td>
</tr>
<tr bgcolor="#D4E4F3">
<td>SOLADO</td>
<td>1</td>
</tr>
<tr>
<td>CIMENTACION</td>
<td>1</td>
</tr>
<tr bgcolor="#D4E4F3">
<td>ACERO DE REFUERZO</td>
<td>0,925</td>
</tr>
<tr>
<td>CONCRETO</td>
<td>1</td>
</tr>
<tr bgcolor="#D4E4F3">
<td>RELLENO Y COMPACTACIÓN</td>
<td>1</td>
</tr>
<tr>
<td>COOR_X</td>
<td>5102549,9583</td>
</tr>
<tr bgcolor="#D4E4F3">
<td>COOR_Y</td>
<td>2835352,0897</td>
</tr>
<tr>
<td>Text</td>
<td>Romana</td>
</tr>
<tr bgcolor="#D4E4F3">
<td>ObjectID</td>
<td>22</td>
</tr>
</table>
</td>
</tr>
</table>
</body><script type="text/javascript">
				function changeImage(attElement, nameElement) {
				document.getElementById('imageAttachment').src = attElement;
				document.getElementById('imageName').innerHTML = nameElement;}
			</script></html>
]]></description>
      <Point>
        <extrude>0</extrude><altitudeMode>clampToGround</altitudeMode>
        <coordinates> -72.05912503516443,11.55769438802251,0</coordinates>
      </Point>
    </Placemark>
    <Placemark id="ID_00032">
      <name>T24N</name>
      <snippet></snippet>
      <description><![CDATA[<html xmlns:fo="http://www.w3.org/1999/XSL/Format" xmlns:msxsl="urn:schemas-microsoft-com:xslt">
<head>
<META http-equiv="Content-Type" content="text/html">
<meta http-equiv="content-type" content="text/html; charset=UTF-8">
</head>
<body style="margin:0px 0px 0px 0px;overflow:auto;background:#FFFFFF;">
<table style="font-family:Arial,Verdana,Times;font-size:12px;text-align:left;width:100%;border-collapse:collapse;padding:3px 3px 3px 3px">
<tr style="text-align:center;font-weight:bold;background:#9CBCE2">
<td></td>
</tr>
<tr>
<td>
<table style="font-family:Arial,Verdana,Times;font-size:12px;text-align:left;width:100%;border-spacing:0px; padding:3px 3px 3px 3px">
<tr>
<td>TIPO_INFRA</td>
<td>Torre</td>
</tr>
<tr bgcolor="#D4E4F3">
<td>ID_INFRA_PT</td>
<td>T24N</td>
</tr>
<tr>
<td>COOR_ESTE</td>
<td>5102155,5324</td>
</tr>
<tr bgcolor="#D4E4F3">
<td>COOR_NORTE</td>
<td>2835137,1299</td>
</tr>
<tr>
<td>SITIO</td>
<td>T24N</td>
</tr>
<tr bgcolor="#D4E4F3">
<td>Comunidad</td>
<td>Romana</td>
</tr>
<tr>
<td>AHUYENTAMIENTO DE FAUNA</td>
<td>SI</td>
</tr>
<tr bgcolor="#D4E4F3">
<td>DESPEJE TORRE</td>
<td>1</td>
</tr>
<tr>
<td>EXCAVACIÓN</td>
<td>0,7</td>
</tr>
<tr bgcolor="#D4E4F3">
<td>SOLADO</td>
<td>0,666667</td>
</tr>
<tr>
<td>CIMENTACION</td>
<td>0</td>
</tr>
<tr bgcolor="#D4E4F3">
<td>ACERO DE REFUERZO</td>
<td>0</td>
</tr>
<tr>
<td>CONCRETO</td>
<td>0,01</td>
</tr>
<tr bgcolor="#D4E4F3">
<td>RELLENO Y COMPACTACIÓN</td>
<td>0</td>
</tr>
<tr>
<td>COOR_X</td>
<td>5102155,5324</td>
</tr>
<tr bgcolor="#D4E4F3">
<td>COOR_Y</td>
<td>2835137,1299</td>
</tr>
<tr>
<td>Text</td>
<td>Romana</td>
</tr>
<tr bgcolor="#D4E4F3">
<td>ObjectID</td>
<td>23</td>
</tr>
</table>
</td>
</tr>
</table>
</body><script type="text/javascript">
				function changeImage(attElement, nameElement) {
				document.getElementById('imageAttachment').src = attElement;
				document.getElementById('imageName').innerHTML = nameElement;}
			</script></html>
]]></description>
      <Point>
        <extrude>0</extrude><altitudeMode>clampToGround</altitudeMode>
        <coordinates> -72.06274993722825,11.55576156418058,0</coordinates>
      </Point>
    </Placemark>
    <Placemark id="ID_00033">
      <name>T25</name>
      <snippet></snippet>
      <description><![CDATA[<html xmlns:fo="http://www.w3.org/1999/XSL/Format" xmlns:msxsl="urn:schemas-microsoft-com:xslt">
<head>
<META http-equiv="Content-Type" content="text/html">
<meta http-equiv="content-type" content="text/html; charset=UTF-8">
</head>
<body style="margin:0px 0px 0px 0px;overflow:auto;background:#FFFFFF;">
<table style="font-family:Arial,Verdana,Times;font-size:12px;text-align:left;width:100%;border-collapse:collapse;padding:3px 3px 3px 3px">
<tr style="text-align:center;font-weight:bold;background:#9CBCE2">
<td></td>
</tr>
<tr>
<td>
<table style="font-family:Arial,Verdana,Times;font-size:12px;text-align:left;width:100%;border-spacing:0px; padding:3px 3px 3px 3px">
<tr>
<td>TIPO_INFRA</td>
<td>Torre</td>
</tr>
<tr bgcolor="#D4E4F3">
<td>ID_INFRA_PT</td>
<td>T25</td>
</tr>
<tr>
<td>COOR_ESTE</td>
<td>5101739,3172</td>
</tr>
<tr bgcolor="#D4E4F3">
<td>COOR_NORTE</td>
<td>2834910,2958</td>
</tr>
<tr>
<td>SITIO</td>
<td>T25</td>
</tr>
<tr bgcolor="#D4E4F3">
<td>Comunidad</td>
<td>Kijotchon</td>
</tr>
<tr>
<td>AHUYENTAMIENTO DE FAUNA</td>
<td>NO</td>
</tr>
<tr bgcolor="#D4E4F3">
<td>DESPEJE TORRE</td>
<td>0</td>
</tr>
<tr>
<td>EXCAVACIÓN</td>
<td>0</td>
</tr>
<tr bgcolor="#D4E4F3">
<td>SOLADO</td>
<td>0</td>
</tr>
<tr>
<td>CIMENTACION</td>
<td>0</td>
</tr>
<tr bgcolor="#D4E4F3">
<td>ACERO DE REFUERZO</td>
<td>0</td>
</tr>
<tr>
<td>CONCRETO</td>
<td>0</td>
</tr>
<tr bgcolor="#D4E4F3">
<td>RELLENO Y COMPACTACIÓN</td>
<td>0</td>
</tr>
<tr>
<td>COOR_X</td>
<td>5101739,3172</td>
</tr>
<tr bgcolor="#D4E4F3">
<td>COOR_Y</td>
<td>2834910,2958</td>
</tr>
<tr>
<td>Text</td>
<td>Kijotchon</td>
</tr>
<tr bgcolor="#D4E4F3">
<td>ObjectID</td>
<td>24</td>
</tr>
</table>
</td>
</tr>
</table>
</body><script type="text/javascript">
				function changeImage(attElement, nameElement) {
				document.getElementById('imageAttachment').src = attElement;
				document.getElementById('imageName').innerHTML = nameElement;}
			</script></html>
]]></description>
      <Point>
        <extrude>0</extrude><altitudeMode>clampToGround</altitudeMode>
        <coordinates> -72.06657503890008,11.5537219183017,0</coordinates>
      </Point>
    </Placemark>
    <Placemark id="ID_00034">
      <name>T26N</name>
      <snippet></snippet>
      <description><![CDATA[<html xmlns:fo="http://www.w3.org/1999/XSL/Format" xmlns:msxsl="urn:schemas-microsoft-com:xslt">
<head>
<META http-equiv="Content-Type" content="text/html">
<meta http-equiv="content-type" content="text/html; charset=UTF-8">
</head>
<body style="margin:0px 0px 0px 0px;overflow:auto;background:#FFFFFF;">
<table style="font-family:Arial,Verdana,Times;font-size:12px;text-align:left;width:100%;border-collapse:collapse;padding:3px 3px 3px 3px">
<tr style="text-align:center;font-weight:bold;background:#9CBCE2">
<td></td>
</tr>
<tr>
<td>
<table style="font-family:Arial,Verdana,Times;font-size:12px;text-align:left;width:100%;border-spacing:0px; padding:3px 3px 3px 3px">
<tr>
<td>TIPO_INFRA</td>
<td>Torre</td>
</tr>
<tr bgcolor="#D4E4F3">
<td>ID_INFRA_PT</td>
<td>T26N</td>
</tr>
<tr>
<td>COOR_ESTE</td>
<td>5101450,4377</td>
</tr>
<tr bgcolor="#D4E4F3">
<td>COOR_NORTE</td>
<td>2834752,8599</td>
</tr>
<tr>
<td>SITIO</td>
<td>T26N</td>
</tr>
<tr bgcolor="#D4E4F3">
<td>Comunidad</td>
<td>Kijotchon</td>
</tr>
<tr>
<td>AHUYENTAMIENTO DE FAUNA</td>
<td>NO</td>
</tr>
<tr bgcolor="#D4E4F3">
<td>DESPEJE TORRE</td>
<td>0</td>
</tr>
<tr>
<td>EXCAVACIÓN</td>
<td>0</td>
</tr>
<tr bgcolor="#D4E4F3">
<td>SOLADO</td>
<td>0</td>
</tr>
<tr>
<td>CIMENTACION</td>
<td>0</td>
</tr>
<tr bgcolor="#D4E4F3">
<td>ACERO DE REFUERZO</td>
<td>0</td>
</tr>
<tr>
<td>CONCRETO</td>
<td>0</td>
</tr>
<tr bgcolor="#D4E4F3">
<td>RELLENO Y COMPACTACIÓN</td>
<td>0</td>
</tr>
<tr>
<td>COOR_X</td>
<td>5101450,4377</td>
</tr>
<tr bgcolor="#D4E4F3">
<td>COOR_Y</td>
<td>2834752,8599</td>
</tr>
<tr>
<td>Text</td>
<td>Kijotchon</td>
</tr>
<tr bgcolor="#D4E4F3">
<td>ObjectID</td>
<td>25</td>
</tr>
</table>
</td>
</tr>
</table>
</body><script type="text/javascript">
				function changeImage(attElement, nameElement) {
				document.getElementById('imageAttachment').src = attElement;
				document.getElementById('imageName').innerHTML = nameElement;}
			</script></html>
]]></description>
      <Point>
        <extrude>0</extrude><altitudeMode>clampToGround</altitudeMode>
        <coordinates> -72.06922986890268,11.55230625457841,0</coordinates>
      </Point>
    </Placemark>
    <Placemark id="ID_00035">
      <name>T27</name>
      <snippet></snippet>
      <description><![CDATA[<html xmlns:fo="http://www.w3.org/1999/XSL/Format" xmlns:msxsl="urn:schemas-microsoft-com:xslt">
<head>
<META http-equiv="Content-Type" content="text/html">
<meta http-equiv="content-type" content="text/html; charset=UTF-8">
</head>
<body style="margin:0px 0px 0px 0px;overflow:auto;background:#FFFFFF;">
<table style="font-family:Arial,Verdana,Times;font-size:12px;text-align:left;width:100%;border-collapse:collapse;padding:3px 3px 3px 3px">
<tr style="text-align:center;font-weight:bold;background:#9CBCE2">
<td></td>
</tr>
<tr>
<td>
<table style="font-family:Arial,Verdana,Times;font-size:12px;text-align:left;width:100%;border-spacing:0px; padding:3px 3px 3px 3px">
<tr>
<td>TIPO_INFRA</td>
<td>Torre</td>
</tr>
<tr bgcolor="#D4E4F3">
<td>ID_INFRA_PT</td>
<td>T27</td>
</tr>
<tr>
<td>COOR_ESTE</td>
<td>5100918,9082</td>
</tr>
<tr bgcolor="#D4E4F3">
<td>COOR_NORTE</td>
<td>2834463,1812</td>
</tr>
<tr>
<td>SITIO</td>
<td>T27</td>
</tr>
<tr bgcolor="#D4E4F3">
<td>Comunidad</td>
<td>Kijotchon</td>
</tr>
<tr>
<td>AHUYENTAMIENTO DE FAUNA</td>
<td>NO</td>
</tr>
<tr bgcolor="#D4E4F3">
<td>DESPEJE TORRE</td>
<td>0</td>
</tr>
<tr>
<td>EXCAVACIÓN</td>
<td>0</td>
</tr>
<tr bgcolor="#D4E4F3">
<td>SOLADO</td>
<td>0</td>
</tr>
<tr>
<td>CIMENTACION</td>
<td>0</td>
</tr>
<tr bgcolor="#D4E4F3">
<td>ACERO DE REFUERZO</td>
<td>0</td>
</tr>
<tr>
<td>CONCRETO</td>
<td>0</td>
</tr>
<tr bgcolor="#D4E4F3">
<td>RELLENO Y COMPACTACIÓN</td>
<td>0</td>
</tr>
<tr>
<td>COOR_X</td>
<td>5100918,9082</td>
</tr>
<tr bgcolor="#D4E4F3">
<td>COOR_Y</td>
<td>2834463,1812</td>
</tr>
<tr>
<td>Text</td>
<td>Kijotchon</td>
</tr>
<tr bgcolor="#D4E4F3">
<td>ObjectID</td>
<td>26</td>
</tr>
</table>
</td>
</tr>
</table>
</body><script type="text/javascript">
				function changeImage(attElement, nameElement) {
				document.getElementById('imageAttachment').src = attElement;
				document.getElementById('imageName').innerHTML = nameElement;}
			</script></html>
]]></description>
      <Point>
        <extrude>0</extrude><altitudeMode>clampToGround</altitudeMode>
        <coordinates> -72.074114609399,11.5497013942146,0</coordinates>
      </Point>
    </Placemark>
    <Placemark id="ID_00036">
      <name>T28N</name>
      <snippet></snippet>
      <description><![CDATA[<html xmlns:fo="http://www.w3.org/1999/XSL/Format" xmlns:msxsl="urn:schemas-microsoft-com:xslt">
<head>
<META http-equiv="Content-Type" content="text/html">
<meta http-equiv="content-type" content="text/html; charset=UTF-8">
</head>
<body style="margin:0px 0px 0px 0px;overflow:auto;background:#FFFFFF;">
<table style="font-family:Arial,Verdana,Times;font-size:12px;text-align:left;width:100%;border-collapse:collapse;padding:3px 3px 3px 3px">
<tr style="text-align:center;font-weight:bold;background:#9CBCE2">
<td></td>
</tr>
<tr>
<td>
<table style="font-family:Arial,Verdana,Times;font-size:12px;text-align:left;width:100%;border-spacing:0px; padding:3px 3px 3px 3px">
<tr>
<td>TIPO_INFRA</td>
<td>Torre</td>
</tr>
<tr bgcolor="#D4E4F3">
<td>ID_INFRA_PT</td>
<td>T28N</td>
</tr>
<tr>
<td>COOR_ESTE</td>
<td>5100421,0136</td>
</tr>
<tr bgcolor="#D4E4F3">
<td>COOR_NORTE</td>
<td>2834191,8355</td>
</tr>
<tr>
<td>SITIO</td>
<td>T28N</td>
</tr>
<tr bgcolor="#D4E4F3">
<td>Comunidad</td>
<td>Kijotchon</td>
</tr>
<tr>
<td>AHUYENTAMIENTO DE FAUNA</td>
<td>NO</td>
</tr>
<tr bgcolor="#D4E4F3">
<td>DESPEJE TORRE</td>
<td>0</td>
</tr>
<tr>
<td>EXCAVACIÓN</td>
<td>0</td>
</tr>
<tr bgcolor="#D4E4F3">
<td>SOLADO</td>
<td>0</td>
</tr>
<tr>
<td>CIMENTACION</td>
<td>0</td>
</tr>
<tr bgcolor="#D4E4F3">
<td>ACERO DE REFUERZO</td>
<td>0</td>
</tr>
<tr>
<td>CONCRETO</td>
<td>0</td>
</tr>
<tr bgcolor="#D4E4F3">
<td>RELLENO Y COMPACTACIÓN</td>
<td>0</td>
</tr>
<tr>
<td>COOR_X</td>
<td>5100421,0136</td>
</tr>
<tr bgcolor="#D4E4F3">
<td>COOR_Y</td>
<td>2834191,8355</td>
</tr>
<tr>
<td>Text</td>
<td>Kijotchon</td>
</tr>
<tr bgcolor="#D4E4F3">
<td>ObjectID</td>
<td>27</td>
</tr>
</table>
</td>
</tr>
</table>
</body><script type="text/javascript">
				function changeImage(attElement, nameElement) {
				document.getElementById('imageAttachment').src = attElement;
				document.getElementById('imageName').innerHTML = nameElement;}
			</script></html>
]]></description>
      <Point>
        <extrude>0</extrude><altitudeMode>clampToGround</altitudeMode>
        <coordinates> -72.07869016843343,11.5472613074003,0</coordinates>
      </Point>
    </Placemark>
    <Placemark id="ID_00037">
      <name>T29N</name>
      <snippet></snippet>
      <description><![CDATA[<html xmlns:fo="http://www.w3.org/1999/XSL/Format" xmlns:msxsl="urn:schemas-microsoft-com:xslt">
<head>
<META http-equiv="Content-Type" content="text/html">
<meta http-equiv="content-type" content="text/html; charset=UTF-8">
</head>
<body style="margin:0px 0px 0px 0px;overflow:auto;background:#FFFFFF;">
<table style="font-family:Arial,Verdana,Times;font-size:12px;text-align:left;width:100%;border-collapse:collapse;padding:3px 3px 3px 3px">
<tr style="text-align:center;font-weight:bold;background:#9CBCE2">
<td></td>
</tr>
<tr>
<td>
<table style="font-family:Arial,Verdana,Times;font-size:12px;text-align:left;width:100%;border-spacing:0px; padding:3px 3px 3px 3px">
<tr>
<td>TIPO_INFRA</td>
<td>Torre</td>
</tr>
<tr bgcolor="#D4E4F3">
<td>ID_INFRA_PT</td>
<td>T29N</td>
</tr>
<tr>
<td>COOR_ESTE</td>
<td>5100047,2645</td>
</tr>
<tr bgcolor="#D4E4F3">
<td>COOR_NORTE</td>
<td>2833988,1474</td>
</tr>
<tr>
<td>SITIO</td>
<td>T29N</td>
</tr>
<tr bgcolor="#D4E4F3">
<td>Comunidad</td>
<td>Kijotchon</td>
</tr>
<tr>
<td>AHUYENTAMIENTO DE FAUNA</td>
<td>NO</td>
</tr>
<tr bgcolor="#D4E4F3">
<td>DESPEJE TORRE</td>
<td>0</td>
</tr>
<tr>
<td>EXCAVACIÓN</td>
<td>0</td>
</tr>
<tr bgcolor="#D4E4F3">
<td>SOLADO</td>
<td>0</td>
</tr>
<tr>
<td>CIMENTACION</td>
<td>0</td>
</tr>
<tr bgcolor="#D4E4F3">
<td>ACERO DE REFUERZO</td>
<td>0</td>
</tr>
<tr>
<td>CONCRETO</td>
<td>0</td>
</tr>
<tr bgcolor="#D4E4F3">
<td>RELLENO Y COMPACTACIÓN</td>
<td>0</td>
</tr>
<tr>
<td>COOR_X</td>
<td>5100047,2645</td>
</tr>
<tr bgcolor="#D4E4F3">
<td>COOR_Y</td>
<td>2833988,1474</td>
</tr>
<tr>
<td>Text</td>
<td>Kijotchon</td>
</tr>
<tr bgcolor="#D4E4F3">
<td>ObjectID</td>
<td>28</td>
</tr>
</table>
</td>
</tr>
</table>
</body><script type="text/javascript">
				function changeImage(attElement, nameElement) {
				document.getElementById('imageAttachment').src = attElement;
				document.getElementById('imageName').innerHTML = nameElement;}
			</script></html>
]]></description>
      <Point>
        <extrude>0</extrude><altitudeMode>clampToGround</altitudeMode>
        <coordinates> -72.0821248039891,11.54542958254868,0</coordinates>
      </Point>
    </Placemark>
    <Placemark id="ID_00038">
      <name>T30N</name>
      <snippet></snippet>
      <description><![CDATA[<html xmlns:fo="http://www.w3.org/1999/XSL/Format" xmlns:msxsl="urn:schemas-microsoft-com:xslt">
<head>
<META http-equiv="Content-Type" content="text/html">
<meta http-equiv="content-type" content="text/html; charset=UTF-8">
</head>
<body style="margin:0px 0px 0px 0px;overflow:auto;background:#FFFFFF;">
<table style="font-family:Arial,Verdana,Times;font-size:12px;text-align:left;width:100%;border-collapse:collapse;padding:3px 3px 3px 3px">
<tr style="text-align:center;font-weight:bold;background:#9CBCE2">
<td></td>
</tr>
<tr>
<td>
<table style="font-family:Arial,Verdana,Times;font-size:12px;text-align:left;width:100%;border-spacing:0px; padding:3px 3px 3px 3px">
<tr>
<td>TIPO_INFRA</td>
<td>Torre</td>
</tr>
<tr bgcolor="#D4E4F3">
<td>ID_INFRA_PT</td>
<td>T30N</td>
</tr>
<tr>
<td>COOR_ESTE</td>
<td>5099756,3886</td>
</tr>
<tr bgcolor="#D4E4F3">
<td>COOR_NORTE</td>
<td>2833829,6247</td>
</tr>
<tr>
<td>SITIO</td>
<td>T30N</td>
</tr>
<tr bgcolor="#D4E4F3">
<td>Comunidad</td>
<td>Pajakat</td>
</tr>
<tr>
<td>AHUYENTAMIENTO DE FAUNA</td>
<td>NO</td>
</tr>
<tr bgcolor="#D4E4F3">
<td>DESPEJE TORRE</td>
<td>0</td>
</tr>
<tr>
<td>EXCAVACIÓN</td>
<td>0</td>
</tr>
<tr bgcolor="#D4E4F3">
<td>SOLADO</td>
<td>0</td>
</tr>
<tr>
<td>CIMENTACION</td>
<td>0</td>
</tr>
<tr bgcolor="#D4E4F3">
<td>ACERO DE REFUERZO</td>
<td>0</td>
</tr>
<tr>
<td>CONCRETO</td>
<td>0</td>
</tr>
<tr bgcolor="#D4E4F3">
<td>RELLENO Y COMPACTACIÓN</td>
<td>0</td>
</tr>
<tr>
<td>COOR_X</td>
<td>5099756,3886</td>
</tr>
<tr bgcolor="#D4E4F3">
<td>COOR_Y</td>
<td>2833829,6247</td>
</tr>
<tr>
<td>Text</td>
<td>Pajakat</td>
</tr>
<tr bgcolor="#D4E4F3">
<td>ObjectID</td>
<td>29</td>
</tr>
</table>
</td>
</tr>
</table>
</body><script type="text/javascript">
				function changeImage(attElement, nameElement) {
				document.getElementById('imageAttachment').src = attElement;
				document.getElementById('imageName').innerHTML = nameElement;}
			</script></html>
]]></description>
      <Point>
        <extrude>0</extrude><altitudeMode>clampToGround</altitudeMode>
        <coordinates> -72.08479783184062,11.54400399017301,0</coordinates>
      </Point>
    </Placemark>
    <Placemark id="ID_00039">
      <name>T31</name>
      <snippet></snippet>
      <description><![CDATA[<html xmlns:fo="http://www.w3.org/1999/XSL/Format" xmlns:msxsl="urn:schemas-microsoft-com:xslt">
<head>
<META http-equiv="Content-Type" content="text/html">
<meta http-equiv="content-type" content="text/html; charset=UTF-8">
</head>
<body style="margin:0px 0px 0px 0px;overflow:auto;background:#FFFFFF;">
<table style="font-family:Arial,Verdana,Times;font-size:12px;text-align:left;width:100%;border-collapse:collapse;padding:3px 3px 3px 3px">
<tr style="text-align:center;font-weight:bold;background:#9CBCE2">
<td></td>
</tr>
<tr>
<td>
<table style="font-family:Arial,Verdana,Times;font-size:12px;text-align:left;width:100%;border-spacing:0px; padding:3px 3px 3px 3px">
<tr>
<td>TIPO_INFRA</td>
<td>Torre</td>
</tr>
<tr bgcolor="#D4E4F3">
<td>ID_INFRA_PT</td>
<td>T31</td>
</tr>
<tr>
<td>COOR_ESTE</td>
<td>5099342,2011</td>
</tr>
<tr bgcolor="#D4E4F3">
<td>COOR_NORTE</td>
<td>2833603,8989</td>
</tr>
<tr>
<td>SITIO</td>
<td>T31</td>
</tr>
<tr bgcolor="#D4E4F3">
<td>Comunidad</td>
<td>Amalipa</td>
</tr>
<tr>
<td>AHUYENTAMIENTO DE FAUNA</td>
<td>NO</td>
</tr>
<tr bgcolor="#D4E4F3">
<td>DESPEJE TORRE</td>
<td>0</td>
</tr>
<tr>
<td>EXCAVACIÓN</td>
<td>0</td>
</tr>
<tr bgcolor="#D4E4F3">
<td>SOLADO</td>
<td>0</td>
</tr>
<tr>
<td>CIMENTACION</td>
<td>0</td>
</tr>
<tr bgcolor="#D4E4F3">
<td>ACERO DE REFUERZO</td>
<td>0</td>
</tr>
<tr>
<td>CONCRETO</td>
<td>0</td>
</tr>
<tr bgcolor="#D4E4F3">
<td>RELLENO Y COMPACTACIÓN</td>
<td>0</td>
</tr>
<tr>
<td>COOR_X</td>
<td>5099342,2011</td>
</tr>
<tr bgcolor="#D4E4F3">
<td>COOR_Y</td>
<td>2833603,8989</td>
</tr>
<tr>
<td>Text</td>
<td>Amalipa</td>
</tr>
<tr bgcolor="#D4E4F3">
<td>ObjectID</td>
<td>30</td>
</tr>
</table>
</td>
</tr>
</table>
</body><script type="text/javascript">
				function changeImage(attElement, nameElement) {
				document.getElementById('imageAttachment').src = attElement;
				document.getElementById('imageName').innerHTML = nameElement;}
			</script></html>
]]></description>
      <Point>
        <extrude>0</extrude><altitudeMode>clampToGround</altitudeMode>
        <coordinates> -72.08860399747628,11.54197399500704,0</coordinates>
      </Point>
    </Placemark>
    <Placemark id="ID_00040">
      <name>T32</name>
      <snippet></snippet>
      <description><![CDATA[<html xmlns:fo="http://www.w3.org/1999/XSL/Format" xmlns:msxsl="urn:schemas-microsoft-com:xslt">
<head>
<META http-equiv="Content-Type" content="text/html">
<meta http-equiv="content-type" content="text/html; charset=UTF-8">
</head>
<body style="margin:0px 0px 0px 0px;overflow:auto;background:#FFFFFF;">
<table style="font-family:Arial,Verdana,Times;font-size:12px;text-align:left;width:100%;border-collapse:collapse;padding:3px 3px 3px 3px">
<tr style="text-align:center;font-weight:bold;background:#9CBCE2">
<td></td>
</tr>
<tr>
<td>
<table style="font-family:Arial,Verdana,Times;font-size:12px;text-align:left;width:100%;border-spacing:0px; padding:3px 3px 3px 3px">
<tr>
<td>TIPO_INFRA</td>
<td>Torre</td>
</tr>
<tr bgcolor="#D4E4F3">
<td>ID_INFRA_PT</td>
<td>T32</td>
</tr>
<tr>
<td>COOR_ESTE</td>
<td>5099143,4014</td>
</tr>
<tr bgcolor="#D4E4F3">
<td>COOR_NORTE</td>
<td>2833146,8301</td>
</tr>
<tr>
<td>SITIO</td>
<td>T32</td>
</tr>
<tr bgcolor="#D4E4F3">
<td>Comunidad</td>
<td>Pioreka</td>
</tr>
<tr>
<td>AHUYENTAMIENTO DE FAUNA</td>
<td>NO</td>
</tr>
<tr bgcolor="#D4E4F3">
<td>DESPEJE TORRE</td>
<td>0</td>
</tr>
<tr>
<td>EXCAVACIÓN</td>
<td>0</td>
</tr>
<tr bgcolor="#D4E4F3">
<td>SOLADO</td>
<td>0</td>
</tr>
<tr>
<td>CIMENTACION</td>
<td>0</td>
</tr>
<tr bgcolor="#D4E4F3">
<td>ACERO DE REFUERZO</td>
<td>0</td>
</tr>
<tr>
<td>CONCRETO</td>
<td>0</td>
</tr>
<tr bgcolor="#D4E4F3">
<td>RELLENO Y COMPACTACIÓN</td>
<td>0</td>
</tr>
<tr>
<td>COOR_X</td>
<td>5099143,4014</td>
</tr>
<tr bgcolor="#D4E4F3">
<td>COOR_Y</td>
<td>2833146,8301</td>
</tr>
<tr>
<td>Text</td>
<td>Pioreka</td>
</tr>
<tr bgcolor="#D4E4F3">
<td>ObjectID</td>
<td>31</td>
</tr>
</table>
</td>
</tr>
</table>
</body><script type="text/javascript">
				function changeImage(attElement, nameElement) {
				document.getElementById('imageAttachment').src = attElement;
				document.getElementById('imageName').innerHTML = nameElement;}
			</script></html>
]]></description>
      <Point>
        <extrude>0</extrude><altitudeMode>clampToGround</altitudeMode>
        <coordinates> -72.09044100366046,11.53784499993705,0</coordinates>
      </Point>
    </Placemark>
    <Placemark id="ID_00041">
      <name>T33N</name>
      <snippet></snippet>
      <description><![CDATA[<html xmlns:fo="http://www.w3.org/1999/XSL/Format" xmlns:msxsl="urn:schemas-microsoft-com:xslt">
<head>
<META http-equiv="Content-Type" content="text/html">
<meta http-equiv="content-type" content="text/html; charset=UTF-8">
</head>
<body style="margin:0px 0px 0px 0px;overflow:auto;background:#FFFFFF;">
<table style="font-family:Arial,Verdana,Times;font-size:12px;text-align:left;width:100%;border-collapse:collapse;padding:3px 3px 3px 3px">
<tr style="text-align:center;font-weight:bold;background:#9CBCE2">
<td></td>
</tr>
<tr>
<td>
<table style="font-family:Arial,Verdana,Times;font-size:12px;text-align:left;width:100%;border-spacing:0px; padding:3px 3px 3px 3px">
<tr>
<td>TIPO_INFRA</td>
<td>Torre</td>
</tr>
<tr bgcolor="#D4E4F3">
<td>ID_INFRA_PT</td>
<td>T33N</td>
</tr>
<tr>
<td>COOR_ESTE</td>
<td>5098636,2861</td>
</tr>
<tr bgcolor="#D4E4F3">
<td>COOR_NORTE</td>
<td>2832877,2649</td>
</tr>
<tr>
<td>SITIO</td>
<td>T33N</td>
</tr>
<tr bgcolor="#D4E4F3">
<td>Comunidad</td>
<td>Pioreka</td>
</tr>
<tr>
<td>AHUYENTAMIENTO DE FAUNA</td>
<td>NO</td>
</tr>
<tr bgcolor="#D4E4F3">
<td>DESPEJE TORRE</td>
<td>0</td>
</tr>
<tr>
<td>EXCAVACIÓN</td>
<td>0</td>
</tr>
<tr bgcolor="#D4E4F3">
<td>SOLADO</td>
<td>0</td>
</tr>
<tr>
<td>CIMENTACION</td>
<td>0</td>
</tr>
<tr bgcolor="#D4E4F3">
<td>ACERO DE REFUERZO</td>
<td>0</td>
</tr>
<tr>
<td>CONCRETO</td>
<td>0</td>
</tr>
<tr bgcolor="#D4E4F3">
<td>RELLENO Y COMPACTACIÓN</td>
<td>0</td>
</tr>
<tr>
<td>COOR_X</td>
<td>5098636,2861</td>
</tr>
<tr bgcolor="#D4E4F3">
<td>COOR_Y</td>
<td>2832877,2649</td>
</tr>
<tr>
<td>Text</td>
<td>Pioreka</td>
</tr>
<tr bgcolor="#D4E4F3">
<td>ObjectID</td>
<td>32</td>
</tr>
</table>
</td>
</tr>
</table>
</body><script type="text/javascript">
				function changeImage(attElement, nameElement) {
				document.getElementById('imageAttachment').src = attElement;
				document.getElementById('imageName').innerHTML = nameElement;}
			</script></html>
]]></description>
      <Point>
        <extrude>0</extrude><altitudeMode>clampToGround</altitudeMode>
        <coordinates> -72.09510077418669,11.5354209986635,0</coordinates>
      </Point>
    </Placemark>
    <Placemark id="ID_00042">
      <name>T34</name>
      <snippet></snippet>
      <description><![CDATA[<html xmlns:fo="http://www.w3.org/1999/XSL/Format" xmlns:msxsl="urn:schemas-microsoft-com:xslt">
<head>
<META http-equiv="Content-Type" content="text/html">
<meta http-equiv="content-type" content="text/html; charset=UTF-8">
</head>
<body style="margin:0px 0px 0px 0px;overflow:auto;background:#FFFFFF;">
<table style="font-family:Arial,Verdana,Times;font-size:12px;text-align:left;width:100%;border-collapse:collapse;padding:3px 3px 3px 3px">
<tr style="text-align:center;font-weight:bold;background:#9CBCE2">
<td></td>
</tr>
<tr>
<td>
<table style="font-family:Arial,Verdana,Times;font-size:12px;text-align:left;width:100%;border-spacing:0px; padding:3px 3px 3px 3px">
<tr>
<td>TIPO_INFRA</td>
<td>Torre</td>
</tr>
<tr bgcolor="#D4E4F3">
<td>ID_INFRA_PT</td>
<td>T34</td>
</tr>
<tr>
<td>COOR_ESTE</td>
<td>5098295,0798</td>
</tr>
<tr bgcolor="#D4E4F3">
<td>COOR_NORTE</td>
<td>2832695,8916</td>
</tr>
<tr>
<td>SITIO</td>
<td>T34</td>
</tr>
<tr bgcolor="#D4E4F3">
<td>Comunidad</td>
<td>Pioreka</td>
</tr>
<tr>
<td>AHUYENTAMIENTO DE FAUNA</td>
<td>NO</td>
</tr>
<tr bgcolor="#D4E4F3">
<td>DESPEJE TORRE</td>
<td>0</td>
</tr>
<tr>
<td>EXCAVACIÓN</td>
<td>0</td>
</tr>
<tr bgcolor="#D4E4F3">
<td>SOLADO</td>
<td>0</td>
</tr>
<tr>
<td>CIMENTACION</td>
<td>0</td>
</tr>
<tr bgcolor="#D4E4F3">
<td>ACERO DE REFUERZO</td>
<td>0</td>
</tr>
<tr>
<td>CONCRETO</td>
<td>0</td>
</tr>
<tr bgcolor="#D4E4F3">
<td>RELLENO Y COMPACTACIÓN</td>
<td>0</td>
</tr>
<tr>
<td>COOR_X</td>
<td>5098295,0798</td>
</tr>
<tr bgcolor="#D4E4F3">
<td>COOR_Y</td>
<td>2832695,8916</td>
</tr>
<tr>
<td>Text</td>
<td>Pioreka</td>
</tr>
<tr bgcolor="#D4E4F3">
<td>ObjectID</td>
<td>33</td>
</tr>
</table>
</td>
</tr>
</table>
</body><script type="text/javascript">
				function changeImage(attElement, nameElement) {
				document.getElementById('imageAttachment').src = attElement;
				document.getElementById('imageName').innerHTML = nameElement;}
			</script></html>
]]></description>
      <Point>
        <extrude>0</extrude><altitudeMode>clampToGround</altitudeMode>
        <coordinates> -72.09823600087529,11.53378999651819,0</coordinates>
      </Point>
    </Placemark>
    <Placemark id="ID_00043">
      <name>T35N</name>
      <snippet></snippet>
      <description><![CDATA[<html xmlns:fo="http://www.w3.org/1999/XSL/Format" xmlns:msxsl="urn:schemas-microsoft-com:xslt">
<head>
<META http-equiv="Content-Type" content="text/html">
<meta http-equiv="content-type" content="text/html; charset=UTF-8">
</head>
<body style="margin:0px 0px 0px 0px;overflow:auto;background:#FFFFFF;">
<table style="font-family:Arial,Verdana,Times;font-size:12px;text-align:left;width:100%;border-collapse:collapse;padding:3px 3px 3px 3px">
<tr style="text-align:center;font-weight:bold;background:#9CBCE2">
<td></td>
</tr>
<tr>
<td>
<table style="font-family:Arial,Verdana,Times;font-size:12px;text-align:left;width:100%;border-spacing:0px; padding:3px 3px 3px 3px">
<tr>
<td>TIPO_INFRA</td>
<td>Torre</td>
</tr>
<tr bgcolor="#D4E4F3">
<td>ID_INFRA_PT</td>
<td>T35N</td>
</tr>
<tr>
<td>COOR_ESTE</td>
<td>5097941,5622</td>
</tr>
<tr bgcolor="#D4E4F3">
<td>COOR_NORTE</td>
<td>2832444,767</td>
</tr>
<tr>
<td>SITIO</td>
<td>T35N</td>
</tr>
<tr bgcolor="#D4E4F3">
<td>Comunidad</td>
<td>Pioreka</td>
</tr>
<tr>
<td>AHUYENTAMIENTO DE FAUNA</td>
<td>NO</td>
</tr>
<tr bgcolor="#D4E4F3">
<td>DESPEJE TORRE</td>
<td>0</td>
</tr>
<tr>
<td>EXCAVACIÓN</td>
<td>0</td>
</tr>
<tr bgcolor="#D4E4F3">
<td>SOLADO</td>
<td>0</td>
</tr>
<tr>
<td>CIMENTACION</td>
<td>0</td>
</tr>
<tr bgcolor="#D4E4F3">
<td>ACERO DE REFUERZO</td>
<td>0</td>
</tr>
<tr>
<td>CONCRETO</td>
<td>0</td>
</tr>
<tr bgcolor="#D4E4F3">
<td>RELLENO Y COMPACTACIÓN</td>
<td>0</td>
</tr>
<tr>
<td>COOR_X</td>
<td>5097941,5622</td>
</tr>
<tr bgcolor="#D4E4F3">
<td>COOR_Y</td>
<td>2832444,767</td>
</tr>
<tr>
<td>Text</td>
<td>Pioreka</td>
</tr>
<tr bgcolor="#D4E4F3">
<td>ObjectID</td>
<td>34</td>
</tr>
</table>
</td>
</tr>
</table>
</body><script type="text/javascript">
				function changeImage(attElement, nameElement) {
				document.getElementById('imageAttachment').src = attElement;
				document.getElementById('imageName').innerHTML = nameElement;}
			</script></html>
]]></description>
      <Point>
        <extrude>0</extrude><altitudeMode>clampToGround</altitudeMode>
        <coordinates> -72.10148613352089,11.53152832374932,0</coordinates>
      </Point>
    </Placemark>
    <Placemark id="ID_00044">
      <name>T36</name>
      <snippet></snippet>
      <description><![CDATA[<html xmlns:fo="http://www.w3.org/1999/XSL/Format" xmlns:msxsl="urn:schemas-microsoft-com:xslt">
<head>
<META http-equiv="Content-Type" content="text/html">
<meta http-equiv="content-type" content="text/html; charset=UTF-8">
</head>
<body style="margin:0px 0px 0px 0px;overflow:auto;background:#FFFFFF;">
<table style="font-family:Arial,Verdana,Times;font-size:12px;text-align:left;width:100%;border-collapse:collapse;padding:3px 3px 3px 3px">
<tr style="text-align:center;font-weight:bold;background:#9CBCE2">
<td></td>
</tr>
<tr>
<td>
<table style="font-family:Arial,Verdana,Times;font-size:12px;text-align:left;width:100%;border-spacing:0px; padding:3px 3px 3px 3px">
<tr>
<td>TIPO_INFRA</td>
<td>Torre</td>
</tr>
<tr bgcolor="#D4E4F3">
<td>ID_INFRA_PT</td>
<td>T36</td>
</tr>
<tr>
<td>COOR_ESTE</td>
<td>5097579,0821</td>
</tr>
<tr bgcolor="#D4E4F3">
<td>COOR_NORTE</td>
<td>2832187,2764</td>
</tr>
<tr>
<td>SITIO</td>
<td>T36</td>
</tr>
<tr bgcolor="#D4E4F3">
<td>Comunidad</td>
<td>Pioreka</td>
</tr>
<tr>
<td>AHUYENTAMIENTO DE FAUNA</td>
<td>NO</td>
</tr>
<tr bgcolor="#D4E4F3">
<td>DESPEJE TORRE</td>
<td>0</td>
</tr>
<tr>
<td>EXCAVACIÓN</td>
<td>0</td>
</tr>
<tr bgcolor="#D4E4F3">
<td>SOLADO</td>
<td>0</td>
</tr>
<tr>
<td>CIMENTACION</td>
<td>0</td>
</tr>
<tr bgcolor="#D4E4F3">
<td>ACERO DE REFUERZO</td>
<td>0</td>
</tr>
<tr>
<td>CONCRETO</td>
<td>0</td>
</tr>
<tr bgcolor="#D4E4F3">
<td>RELLENO Y COMPACTACIÓN</td>
<td>0</td>
</tr>
<tr>
<td>COOR_X</td>
<td>5097579,0821</td>
</tr>
<tr bgcolor="#D4E4F3">
<td>COOR_Y</td>
<td>2832187,2764</td>
</tr>
<tr>
<td>Text</td>
<td>Pioreka</td>
</tr>
<tr bgcolor="#D4E4F3">
<td>ObjectID</td>
<td>35</td>
</tr>
</table>
</td>
</tr>
</table>
</body><script type="text/javascript">
				function changeImage(attElement, nameElement) {
				document.getElementById('imageAttachment').src = attElement;
				document.getElementById('imageName').innerHTML = nameElement;}
			</script></html>
]]></description>
      <Point>
        <extrude>0</extrude><altitudeMode>clampToGround</altitudeMode>
        <coordinates> -72.10481861206657,11.52920927553168,0</coordinates>
      </Point>
    </Placemark>
    <Placemark id="ID_00045">
      <name>T37</name>
      <snippet></snippet>
      <description><![CDATA[<html xmlns:fo="http://www.w3.org/1999/XSL/Format" xmlns:msxsl="urn:schemas-microsoft-com:xslt">
<head>
<META http-equiv="Content-Type" content="text/html">
<meta http-equiv="content-type" content="text/html; charset=UTF-8">
</head>
<body style="margin:0px 0px 0px 0px;overflow:auto;background:#FFFFFF;">
<table style="font-family:Arial,Verdana,Times;font-size:12px;text-align:left;width:100%;border-collapse:collapse;padding:3px 3px 3px 3px">
<tr style="text-align:center;font-weight:bold;background:#9CBCE2">
<td></td>
</tr>
<tr>
<td>
<table style="font-family:Arial,Verdana,Times;font-size:12px;text-align:left;width:100%;border-spacing:0px; padding:3px 3px 3px 3px">
<tr>
<td>TIPO_INFRA</td>
<td>Torre</td>
</tr>
<tr bgcolor="#D4E4F3">
<td>ID_INFRA_PT</td>
<td>T37</td>
</tr>
<tr>
<td>COOR_ESTE</td>
<td>5097173,688</td>
</tr>
<tr bgcolor="#D4E4F3">
<td>COOR_NORTE</td>
<td>2831899,3026</td>
</tr>
<tr>
<td>SITIO</td>
<td>T37</td>
</tr>
<tr bgcolor="#D4E4F3">
<td>Comunidad</td>
<td>Pioreka</td>
</tr>
<tr>
<td>AHUYENTAMIENTO DE FAUNA</td>
<td>NO</td>
</tr>
<tr bgcolor="#D4E4F3">
<td>DESPEJE TORRE</td>
<td>0,1</td>
</tr>
<tr>
<td>EXCAVACIÓN</td>
<td>0</td>
</tr>
<tr bgcolor="#D4E4F3">
<td>SOLADO</td>
<td>0</td>
</tr>
<tr>
<td>CIMENTACION</td>
<td>0</td>
</tr>
<tr bgcolor="#D4E4F3">
<td>ACERO DE REFUERZO</td>
<td>0</td>
</tr>
<tr>
<td>CONCRETO</td>
<td>0</td>
</tr>
<tr bgcolor="#D4E4F3">
<td>RELLENO Y COMPACTACIÓN</td>
<td>0</td>
</tr>
<tr>
<td>COOR_X</td>
<td>5097173,688</td>
</tr>
<tr bgcolor="#D4E4F3">
<td>COOR_Y</td>
<td>2831899,3026</td>
</tr>
<tr>
<td>Text</td>
<td>Pioreka</td>
</tr>
<tr bgcolor="#D4E4F3">
<td>ObjectID</td>
<td>36</td>
</tr>
</table>
</td>
</tr>
</table>
</body><script type="text/javascript">
				function changeImage(attElement, nameElement) {
				document.getElementById('imageAttachment').src = attElement;
				document.getElementById('imageName').innerHTML = nameElement;}
			</script></html>
]]></description>
      <Point>
        <extrude>0</extrude><altitudeMode>clampToGround</altitudeMode>
        <coordinates> -72.10854555949986,11.52661563473432,0</coordinates>
      </Point>
    </Placemark>
    <Placemark id="ID_00046">
      <name>T38</name>
      <snippet></snippet>
      <description><![CDATA[<html xmlns:fo="http://www.w3.org/1999/XSL/Format" xmlns:msxsl="urn:schemas-microsoft-com:xslt">
<head>
<META http-equiv="Content-Type" content="text/html">
<meta http-equiv="content-type" content="text/html; charset=UTF-8">
</head>
<body style="margin:0px 0px 0px 0px;overflow:auto;background:#FFFFFF;">
<table style="font-family:Arial,Verdana,Times;font-size:12px;text-align:left;width:100%;border-collapse:collapse;padding:3px 3px 3px 3px">
<tr style="text-align:center;font-weight:bold;background:#9CBCE2">
<td></td>
</tr>
<tr>
<td>
<table style="font-family:Arial,Verdana,Times;font-size:12px;text-align:left;width:100%;border-spacing:0px; padding:3px 3px 3px 3px">
<tr>
<td>TIPO_INFRA</td>
<td>Torre</td>
</tr>
<tr bgcolor="#D4E4F3">
<td>ID_INFRA_PT</td>
<td>T38</td>
</tr>
<tr>
<td>COOR_ESTE</td>
<td>5096802,9547</td>
</tr>
<tr bgcolor="#D4E4F3">
<td>COOR_NORTE</td>
<td>2831635,9505</td>
</tr>
<tr>
<td>SITIO</td>
<td>T38</td>
</tr>
<tr bgcolor="#D4E4F3">
<td>Comunidad</td>
<td>Pioreka</td>
</tr>
<tr>
<td>AHUYENTAMIENTO DE FAUNA</td>
<td>SI</td>
</tr>
<tr bgcolor="#D4E4F3">
<td>DESPEJE TORRE</td>
<td>1</td>
</tr>
<tr>
<td>EXCAVACIÓN</td>
<td>0</td>
</tr>
<tr bgcolor="#D4E4F3">
<td>SOLADO</td>
<td>0</td>
</tr>
<tr>
<td>CIMENTACION</td>
<td>0</td>
</tr>
<tr bgcolor="#D4E4F3">
<td>ACERO DE REFUERZO</td>
<td>0</td>
</tr>
<tr>
<td>CONCRETO</td>
<td>0</td>
</tr>
<tr bgcolor="#D4E4F3">
<td>RELLENO Y COMPACTACIÓN</td>
<td>0</td>
</tr>
<tr>
<td>COOR_X</td>
<td>5096802,9547</td>
</tr>
<tr bgcolor="#D4E4F3">
<td>COOR_Y</td>
<td>2831635,9505</td>
</tr>
<tr>
<td>Text</td>
<td>Pioreka</td>
</tr>
<tr bgcolor="#D4E4F3">
<td>ObjectID</td>
<td>37</td>
</tr>
</table>
</td>
</tr>
</table>
</body><script type="text/javascript">
				function changeImage(attElement, nameElement) {
				document.getElementById('imageAttachment').src = attElement;
				document.getElementById('imageName').innerHTML = nameElement;}
			</script></html>
]]></description>
      <Point>
        <extrude>0</extrude><altitudeMode>clampToGround</altitudeMode>
        <coordinates> -72.11195379829385,11.52424370302321,0</coordinates>
      </Point>
    </Placemark>
    <Placemark id="ID_00047">
      <name>T39</name>
      <snippet></snippet>
      <description><![CDATA[<html xmlns:fo="http://www.w3.org/1999/XSL/Format" xmlns:msxsl="urn:schemas-microsoft-com:xslt">
<head>
<META http-equiv="Content-Type" content="text/html">
<meta http-equiv="content-type" content="text/html; charset=UTF-8">
</head>
<body style="margin:0px 0px 0px 0px;overflow:auto;background:#FFFFFF;">
<table style="font-family:Arial,Verdana,Times;font-size:12px;text-align:left;width:100%;border-collapse:collapse;padding:3px 3px 3px 3px">
<tr style="text-align:center;font-weight:bold;background:#9CBCE2">
<td></td>
</tr>
<tr>
<td>
<table style="font-family:Arial,Verdana,Times;font-size:12px;text-align:left;width:100%;border-spacing:0px; padding:3px 3px 3px 3px">
<tr>
<td>TIPO_INFRA</td>
<td>Torre</td>
</tr>
<tr bgcolor="#D4E4F3">
<td>ID_INFRA_PT</td>
<td>T39</td>
</tr>
<tr>
<td>COOR_ESTE</td>
<td>5096783,4352</td>
</tr>
<tr bgcolor="#D4E4F3">
<td>COOR_NORTE</td>
<td>2831282,6021</td>
</tr>
<tr>
<td>SITIO</td>
<td>T39</td>
</tr>
<tr bgcolor="#D4E4F3">
<td>Comunidad</td>
<td>Pioreka</td>
</tr>
<tr>
<td>AHUYENTAMIENTO DE FAUNA</td>
<td>NO</td>
</tr>
<tr bgcolor="#D4E4F3">
<td>DESPEJE TORRE</td>
<td>0</td>
</tr>
<tr>
<td>EXCAVACIÓN</td>
<td>0</td>
</tr>
<tr bgcolor="#D4E4F3">
<td>SOLADO</td>
<td>0</td>
</tr>
<tr>
<td>CIMENTACION</td>
<td>0</td>
</tr>
<tr bgcolor="#D4E4F3">
<td>ACERO DE REFUERZO</td>
<td>0</td>
</tr>
<tr>
<td>CONCRETO</td>
<td>0</td>
</tr>
<tr bgcolor="#D4E4F3">
<td>RELLENO Y COMPACTACIÓN</td>
<td>0</td>
</tr>
<tr>
<td>COOR_X</td>
<td>5096783,4352</td>
</tr>
<tr bgcolor="#D4E4F3">
<td>COOR_Y</td>
<td>2831282,6021</td>
</tr>
<tr>
<td>Text</td>
<td>Pioreka</td>
</tr>
<tr bgcolor="#D4E4F3">
<td>ObjectID</td>
<td>38</td>
</tr>
</table>
</td>
</tr>
</table>
</body><script type="text/javascript">
				function changeImage(attElement, nameElement) {
				document.getElementById('imageAttachment').src = attElement;
				document.getElementById('imageName').innerHTML = nameElement;}
			</script></html>
]]></description>
      <Point>
        <extrude>0</extrude><altitudeMode>clampToGround</altitudeMode>
        <coordinates> -72.11214288418358,11.52104778375018,0</coordinates>
      </Point>
    </Placemark>
    <Placemark id="ID_00048">
      <name>T40</name>
      <snippet></snippet>
      <description><![CDATA[<html xmlns:fo="http://www.w3.org/1999/XSL/Format" xmlns:msxsl="urn:schemas-microsoft-com:xslt">
<head>
<META http-equiv="Content-Type" content="text/html">
<meta http-equiv="content-type" content="text/html; charset=UTF-8">
</head>
<body style="margin:0px 0px 0px 0px;overflow:auto;background:#FFFFFF;">
<table style="font-family:Arial,Verdana,Times;font-size:12px;text-align:left;width:100%;border-collapse:collapse;padding:3px 3px 3px 3px">
<tr style="text-align:center;font-weight:bold;background:#9CBCE2">
<td></td>
</tr>
<tr>
<td>
<table style="font-family:Arial,Verdana,Times;font-size:12px;text-align:left;width:100%;border-spacing:0px; padding:3px 3px 3px 3px">
<tr>
<td>TIPO_INFRA</td>
<td>Torre</td>
</tr>
<tr bgcolor="#D4E4F3">
<td>ID_INFRA_PT</td>
<td>T40</td>
</tr>
<tr>
<td>COOR_ESTE</td>
<td>5096758,6344</td>
</tr>
<tr bgcolor="#D4E4F3">
<td>COOR_NORTE</td>
<td>2830833,6658</td>
</tr>
<tr>
<td>SITIO</td>
<td>T40</td>
</tr>
<tr bgcolor="#D4E4F3">
<td>Comunidad</td>
<td>Pioreka</td>
</tr>
<tr>
<td>AHUYENTAMIENTO DE FAUNA</td>
<td>NO</td>
</tr>
<tr bgcolor="#D4E4F3">
<td>DESPEJE TORRE</td>
<td>0</td>
</tr>
<tr>
<td>EXCAVACIÓN</td>
<td>0</td>
</tr>
<tr bgcolor="#D4E4F3">
<td>SOLADO</td>
<td>0</td>
</tr>
<tr>
<td>CIMENTACION</td>
<td>0</td>
</tr>
<tr bgcolor="#D4E4F3">
<td>ACERO DE REFUERZO</td>
<td>0</td>
</tr>
<tr>
<td>CONCRETO</td>
<td>0</td>
</tr>
<tr bgcolor="#D4E4F3">
<td>RELLENO Y COMPACTACIÓN</td>
<td>0</td>
</tr>
<tr>
<td>COOR_X</td>
<td>5096758,6344</td>
</tr>
<tr bgcolor="#D4E4F3">
<td>COOR_Y</td>
<td>2830833,6658</td>
</tr>
<tr>
<td>Text</td>
<td>Pioreka</td>
</tr>
<tr bgcolor="#D4E4F3">
<td>ObjectID</td>
<td>39</td>
</tr>
</table>
</td>
</tr>
</table>
</body><script type="text/javascript">
				function changeImage(attElement, nameElement) {
				document.getElementById('imageAttachment').src = attElement;
				document.getElementById('imageName').innerHTML = nameElement;}
			</script></html>
]]></description>
      <Point>
        <extrude>0</extrude><altitudeMode>clampToGround</altitudeMode>
        <coordinates> -72.11238311959875,11.51698730196696,0</coordinates>
      </Point>
    </Placemark>
    <Placemark id="ID_00049">
      <name>T41</name>
      <snippet></snippet>
      <description><![CDATA[<html xmlns:fo="http://www.w3.org/1999/XSL/Format" xmlns:msxsl="urn:schemas-microsoft-com:xslt">
<head>
<META http-equiv="Content-Type" content="text/html">
<meta http-equiv="content-type" content="text/html; charset=UTF-8">
</head>
<body style="margin:0px 0px 0px 0px;overflow:auto;background:#FFFFFF;">
<table style="font-family:Arial,Verdana,Times;font-size:12px;text-align:left;width:100%;border-collapse:collapse;padding:3px 3px 3px 3px">
<tr style="text-align:center;font-weight:bold;background:#9CBCE2">
<td></td>
</tr>
<tr>
<td>
<table style="font-family:Arial,Verdana,Times;font-size:12px;text-align:left;width:100%;border-spacing:0px; padding:3px 3px 3px 3px">
<tr>
<td>TIPO_INFRA</td>
<td>Torre</td>
</tr>
<tr bgcolor="#D4E4F3">
<td>ID_INFRA_PT</td>
<td>T41</td>
</tr>
<tr>
<td>COOR_ESTE</td>
<td>5096731,6289</td>
</tr>
<tr bgcolor="#D4E4F3">
<td>COOR_NORTE</td>
<td>2830344,8236</td>
</tr>
<tr>
<td>SITIO</td>
<td>T41</td>
</tr>
<tr bgcolor="#D4E4F3">
<td>Comunidad</td>
<td>Pioreka</td>
</tr>
<tr>
<td>AHUYENTAMIENTO DE FAUNA</td>
<td>NO</td>
</tr>
<tr bgcolor="#D4E4F3">
<td>DESPEJE TORRE</td>
<td>0</td>
</tr>
<tr>
<td>EXCAVACIÓN</td>
<td>0</td>
</tr>
<tr bgcolor="#D4E4F3">
<td>SOLADO</td>
<td>0</td>
</tr>
<tr>
<td>CIMENTACION</td>
<td>0</td>
</tr>
<tr bgcolor="#D4E4F3">
<td>ACERO DE REFUERZO</td>
<td>0</td>
</tr>
<tr>
<td>CONCRETO</td>
<td>0</td>
</tr>
<tr bgcolor="#D4E4F3">
<td>RELLENO Y COMPACTACIÓN</td>
<td>0</td>
</tr>
<tr>
<td>COOR_X</td>
<td>5096731,6289</td>
</tr>
<tr bgcolor="#D4E4F3">
<td>COOR_Y</td>
<td>2830344,8236</td>
</tr>
<tr>
<td>Text</td>
<td>Pioreka</td>
</tr>
<tr bgcolor="#D4E4F3">
<td>ObjectID</td>
<td>40</td>
</tr>
</table>
</td>
</tr>
</table>
</body><script type="text/javascript">
				function changeImage(attElement, nameElement) {
				document.getElementById('imageAttachment').src = attElement;
				document.getElementById('imageName').innerHTML = nameElement;}
			</script></html>
]]></description>
      <Point>
        <extrude>0</extrude><altitudeMode>clampToGround</altitudeMode>
        <coordinates> -72.11264469811567,11.51256588231801,0</coordinates>
      </Point>
    </Placemark>
    <Placemark id="ID_00050">
      <name>T42N</name>
      <snippet></snippet>
      <description><![CDATA[<html xmlns:fo="http://www.w3.org/1999/XSL/Format" xmlns:msxsl="urn:schemas-microsoft-com:xslt">
<head>
<META http-equiv="Content-Type" content="text/html">
<meta http-equiv="content-type" content="text/html; charset=UTF-8">
</head>
<body style="margin:0px 0px 0px 0px;overflow:auto;background:#FFFFFF;">
<table style="font-family:Arial,Verdana,Times;font-size:12px;text-align:left;width:100%;border-collapse:collapse;padding:3px 3px 3px 3px">
<tr style="text-align:center;font-weight:bold;background:#9CBCE2">
<td></td>
</tr>
<tr>
<td>
<table style="font-family:Arial,Verdana,Times;font-size:12px;text-align:left;width:100%;border-spacing:0px; padding:3px 3px 3px 3px">
<tr>
<td>TIPO_INFRA</td>
<td>Torre</td>
</tr>
<tr bgcolor="#D4E4F3">
<td>ID_INFRA_PT</td>
<td>T42N</td>
</tr>
<tr>
<td>COOR_ESTE</td>
<td>5096711,7319</td>
</tr>
<tr bgcolor="#D4E4F3">
<td>COOR_NORTE</td>
<td>2829984,6766</td>
</tr>
<tr>
<td>SITIO</td>
<td>T42N</td>
</tr>
<tr bgcolor="#D4E4F3">
<td>Comunidad</td>
<td>Pioreka</td>
</tr>
<tr>
<td>AHUYENTAMIENTO DE FAUNA</td>
<td>NO</td>
</tr>
<tr bgcolor="#D4E4F3">
<td>DESPEJE TORRE</td>
<td>0</td>
</tr>
<tr>
<td>EXCAVACIÓN</td>
<td>0</td>
</tr>
<tr bgcolor="#D4E4F3">
<td>SOLADO</td>
<td>0</td>
</tr>
<tr>
<td>CIMENTACION</td>
<td>0</td>
</tr>
<tr bgcolor="#D4E4F3">
<td>ACERO DE REFUERZO</td>
<td>0</td>
</tr>
<tr>
<td>CONCRETO</td>
<td>0</td>
</tr>
<tr bgcolor="#D4E4F3">
<td>RELLENO Y COMPACTACIÓN</td>
<td>0</td>
</tr>
<tr>
<td>COOR_X</td>
<td>5096711,7319</td>
</tr>
<tr bgcolor="#D4E4F3">
<td>COOR_Y</td>
<td>2829984,6766</td>
</tr>
<tr>
<td>Text</td>
<td>Pioreka</td>
</tr>
<tr bgcolor="#D4E4F3">
<td>ObjectID</td>
<td>41</td>
</tr>
</table>
</td>
</tr>
</table>
</body><script type="text/javascript">
				function changeImage(attElement, nameElement) {
				document.getElementById('imageAttachment').src = attElement;
				document.getElementById('imageName').innerHTML = nameElement;}
			</script></html>
]]></description>
      <Point>
        <extrude>0</extrude><altitudeMode>clampToGround</altitudeMode>
        <coordinates> -72.1128374137009,11.50930846779083,0</coordinates>
      </Point>
    </Placemark>
    <Placemark id="ID_00051">
      <name>T43</name>
      <snippet></snippet>
      <description><![CDATA[<html xmlns:fo="http://www.w3.org/1999/XSL/Format" xmlns:msxsl="urn:schemas-microsoft-com:xslt">
<head>
<META http-equiv="Content-Type" content="text/html">
<meta http-equiv="content-type" content="text/html; charset=UTF-8">
</head>
<body style="margin:0px 0px 0px 0px;overflow:auto;background:#FFFFFF;">
<table style="font-family:Arial,Verdana,Times;font-size:12px;text-align:left;width:100%;border-collapse:collapse;padding:3px 3px 3px 3px">
<tr style="text-align:center;font-weight:bold;background:#9CBCE2">
<td></td>
</tr>
<tr>
<td>
<table style="font-family:Arial,Verdana,Times;font-size:12px;text-align:left;width:100%;border-spacing:0px; padding:3px 3px 3px 3px">
<tr>
<td>TIPO_INFRA</td>
<td>Torre</td>
</tr>
<tr bgcolor="#D4E4F3">
<td>ID_INFRA_PT</td>
<td>T43</td>
</tr>
<tr>
<td>COOR_ESTE</td>
<td>5096683,0691</td>
</tr>
<tr bgcolor="#D4E4F3">
<td>COOR_NORTE</td>
<td>2829465,9061</td>
</tr>
<tr>
<td>SITIO</td>
<td>T43</td>
</tr>
<tr bgcolor="#D4E4F3">
<td>Comunidad</td>
<td>Toloira</td>
</tr>
<tr>
<td>AHUYENTAMIENTO DE FAUNA</td>
<td>NO</td>
</tr>
<tr bgcolor="#D4E4F3">
<td>DESPEJE TORRE</td>
<td>0</td>
</tr>
<tr>
<td>EXCAVACIÓN</td>
<td>0</td>
</tr>
<tr bgcolor="#D4E4F3">
<td>SOLADO</td>
<td>0</td>
</tr>
<tr>
<td>CIMENTACION</td>
<td>0</td>
</tr>
<tr bgcolor="#D4E4F3">
<td>ACERO DE REFUERZO</td>
<td>0</td>
</tr>
<tr>
<td>CONCRETO</td>
<td>0</td>
</tr>
<tr bgcolor="#D4E4F3">
<td>RELLENO Y COMPACTACIÓN</td>
<td>0</td>
</tr>
<tr>
<td>COOR_X</td>
<td>5096683,0691</td>
</tr>
<tr bgcolor="#D4E4F3">
<td>COOR_Y</td>
<td>2829465,9061</td>
</tr>
<tr>
<td>Text</td>
<td>Toloira</td>
</tr>
<tr bgcolor="#D4E4F3">
<td>ObjectID</td>
<td>42</td>
</tr>
</table>
</td>
</tr>
</table>
</body><script type="text/javascript">
				function changeImage(attElement, nameElement) {
				document.getElementById('imageAttachment').src = attElement;
				document.getElementById('imageName').innerHTML = nameElement;}
			</script></html>
]]></description>
      <Point>
        <extrude>0</extrude><altitudeMode>clampToGround</altitudeMode>
        <coordinates> -72.11311501785991,11.50461635239756,0</coordinates>
      </Point>
    </Placemark>
    <Placemark id="ID_00052">
      <name>T44N</name>
      <snippet></snippet>
      <description><![CDATA[<html xmlns:fo="http://www.w3.org/1999/XSL/Format" xmlns:msxsl="urn:schemas-microsoft-com:xslt">
<head>
<META http-equiv="Content-Type" content="text/html">
<meta http-equiv="content-type" content="text/html; charset=UTF-8">
</head>
<body style="margin:0px 0px 0px 0px;overflow:auto;background:#FFFFFF;">
<table style="font-family:Arial,Verdana,Times;font-size:12px;text-align:left;width:100%;border-collapse:collapse;padding:3px 3px 3px 3px">
<tr style="text-align:center;font-weight:bold;background:#9CBCE2">
<td></td>
</tr>
<tr>
<td>
<table style="font-family:Arial,Verdana,Times;font-size:12px;text-align:left;width:100%;border-spacing:0px; padding:3px 3px 3px 3px">
<tr>
<td>TIPO_INFRA</td>
<td>Torre</td>
</tr>
<tr bgcolor="#D4E4F3">
<td>ID_INFRA_PT</td>
<td>T44N</td>
</tr>
<tr>
<td>COOR_ESTE</td>
<td>5096658,9263</td>
</tr>
<tr bgcolor="#D4E4F3">
<td>COOR_NORTE</td>
<td>2829028,9409</td>
</tr>
<tr>
<td>SITIO</td>
<td>T44N</td>
</tr>
<tr bgcolor="#D4E4F3">
<td>Comunidad</td>
<td>Toloira</td>
</tr>
<tr>
<td>AHUYENTAMIENTO DE FAUNA</td>
<td>NO</td>
</tr>
<tr bgcolor="#D4E4F3">
<td>DESPEJE TORRE</td>
<td>0</td>
</tr>
<tr>
<td>EXCAVACIÓN</td>
<td>0</td>
</tr>
<tr bgcolor="#D4E4F3">
<td>SOLADO</td>
<td>0</td>
</tr>
<tr>
<td>CIMENTACION</td>
<td>0</td>
</tr>
<tr bgcolor="#D4E4F3">
<td>ACERO DE REFUERZO</td>
<td>0</td>
</tr>
<tr>
<td>CONCRETO</td>
<td>0</td>
</tr>
<tr bgcolor="#D4E4F3">
<td>RELLENO Y COMPACTACIÓN</td>
<td>0</td>
</tr>
<tr>
<td>COOR_X</td>
<td>5096658,9263</td>
</tr>
<tr bgcolor="#D4E4F3">
<td>COOR_Y</td>
<td>2829028,9409</td>
</tr>
<tr>
<td>Text</td>
<td>Toloira</td>
</tr>
<tr bgcolor="#D4E4F3">
<td>ObjectID</td>
<td>43</td>
</tr>
</table>
</td>
</tr>
</table>
</body><script type="text/javascript">
				function changeImage(attElement, nameElement) {
				document.getElementById('imageAttachment').src = attElement;
				document.getElementById('imageName').innerHTML = nameElement;}
			</script></html>
]]></description>
      <Point>
        <extrude>0</extrude><altitudeMode>clampToGround</altitudeMode>
        <coordinates> -72.1133488334067,11.50066413822285,0</coordinates>
      </Point>
    </Placemark>
    <Placemark id="ID_00053">
      <name>T45N</name>
      <snippet></snippet>
      <description><![CDATA[<html xmlns:fo="http://www.w3.org/1999/XSL/Format" xmlns:msxsl="urn:schemas-microsoft-com:xslt">
<head>
<META http-equiv="Content-Type" content="text/html">
<meta http-equiv="content-type" content="text/html; charset=UTF-8">
</head>
<body style="margin:0px 0px 0px 0px;overflow:auto;background:#FFFFFF;">
<table style="font-family:Arial,Verdana,Times;font-size:12px;text-align:left;width:100%;border-collapse:collapse;padding:3px 3px 3px 3px">
<tr style="text-align:center;font-weight:bold;background:#9CBCE2">
<td></td>
</tr>
<tr>
<td>
<table style="font-family:Arial,Verdana,Times;font-size:12px;text-align:left;width:100%;border-spacing:0px; padding:3px 3px 3px 3px">
<tr>
<td>TIPO_INFRA</td>
<td>Torre</td>
</tr>
<tr bgcolor="#D4E4F3">
<td>ID_INFRA_PT</td>
<td>T45N</td>
</tr>
<tr>
<td>COOR_ESTE</td>
<td>5096630,9233</td>
</tr>
<tr bgcolor="#D4E4F3">
<td>COOR_NORTE</td>
<td>2828522,1423</td>
</tr>
<tr>
<td>SITIO</td>
<td>T45N</td>
</tr>
<tr bgcolor="#D4E4F3">
<td>Comunidad</td>
<td>Toloira</td>
</tr>
<tr>
<td>AHUYENTAMIENTO DE FAUNA</td>
<td>NO</td>
</tr>
<tr bgcolor="#D4E4F3">
<td>DESPEJE TORRE</td>
<td>0</td>
</tr>
<tr>
<td>EXCAVACIÓN</td>
<td>0</td>
</tr>
<tr bgcolor="#D4E4F3">
<td>SOLADO</td>
<td>0</td>
</tr>
<tr>
<td>CIMENTACION</td>
<td>0</td>
</tr>
<tr bgcolor="#D4E4F3">
<td>ACERO DE REFUERZO</td>
<td>0</td>
</tr>
<tr>
<td>CONCRETO</td>
<td>0</td>
</tr>
<tr bgcolor="#D4E4F3">
<td>RELLENO Y COMPACTACIÓN</td>
<td>0</td>
</tr>
<tr>
<td>COOR_X</td>
<td>5096630,9233</td>
</tr>
<tr bgcolor="#D4E4F3">
<td>COOR_Y</td>
<td>2828522,1423</td>
</tr>
<tr>
<td>Text</td>
<td>Toloira</td>
</tr>
<tr bgcolor="#D4E4F3">
<td>ObjectID</td>
<td>44</td>
</tr>
</table>
</td>
</tr>
</table>
</body><script type="text/javascript">
				function changeImage(attElement, nameElement) {
				document.getElementById('imageAttachment').src = attElement;
				document.getElementById('imageName').innerHTML = nameElement;}
			</script></html>
]]></description>
      <Point>
        <extrude>0</extrude><altitudeMode>clampToGround</altitudeMode>
        <coordinates> -72.1136200194569,11.49608030057718,0</coordinates>
      </Point>
    </Placemark>
    <Placemark id="ID_00054">
      <name>T46</name>
      <snippet></snippet>
      <description><![CDATA[<html xmlns:fo="http://www.w3.org/1999/XSL/Format" xmlns:msxsl="urn:schemas-microsoft-com:xslt">
<head>
<META http-equiv="Content-Type" content="text/html">
<meta http-equiv="content-type" content="text/html; charset=UTF-8">
</head>
<body style="margin:0px 0px 0px 0px;overflow:auto;background:#FFFFFF;">
<table style="font-family:Arial,Verdana,Times;font-size:12px;text-align:left;width:100%;border-collapse:collapse;padding:3px 3px 3px 3px">
<tr style="text-align:center;font-weight:bold;background:#9CBCE2">
<td></td>
</tr>
<tr>
<td>
<table style="font-family:Arial,Verdana,Times;font-size:12px;text-align:left;width:100%;border-spacing:0px; padding:3px 3px 3px 3px">
<tr>
<td>TIPO_INFRA</td>
<td>Torre</td>
</tr>
<tr bgcolor="#D4E4F3">
<td>ID_INFRA_PT</td>
<td>T46</td>
</tr>
<tr>
<td>COOR_ESTE</td>
<td>5096607,4398</td>
</tr>
<tr bgcolor="#D4E4F3">
<td>COOR_NORTE</td>
<td>2828097,149</td>
</tr>
<tr>
<td>SITIO</td>
<td>T46</td>
</tr>
<tr bgcolor="#D4E4F3">
<td>Comunidad</td>
<td>Jununtao</td>
</tr>
<tr>
<td>AHUYENTAMIENTO DE FAUNA</td>
<td>NO</td>
</tr>
<tr bgcolor="#D4E4F3">
<td>DESPEJE TORRE</td>
<td>0</td>
</tr>
<tr>
<td>EXCAVACIÓN</td>
<td>0</td>
</tr>
<tr bgcolor="#D4E4F3">
<td>SOLADO</td>
<td>0</td>
</tr>
<tr>
<td>CIMENTACION</td>
<td>0</td>
</tr>
<tr bgcolor="#D4E4F3">
<td>ACERO DE REFUERZO</td>
<td>0</td>
</tr>
<tr>
<td>CONCRETO</td>
<td>0</td>
</tr>
<tr bgcolor="#D4E4F3">
<td>RELLENO Y COMPACTACIÓN</td>
<td>0</td>
</tr>
<tr>
<td>COOR_X</td>
<td>5096607,4398</td>
</tr>
<tr bgcolor="#D4E4F3">
<td>COOR_Y</td>
<td>2828097,149</td>
</tr>
<tr>
<td>Text</td>
<td>Jununtao</td>
</tr>
<tr bgcolor="#D4E4F3">
<td>ObjectID</td>
<td>45</td>
</tr>
</table>
</td>
</tr>
</table>
</body><script type="text/javascript">
				function changeImage(attElement, nameElement) {
				document.getElementById('imageAttachment').src = attElement;
				document.getElementById('imageName').innerHTML = nameElement;}
			</script></html>
]]></description>
      <Point>
        <extrude>0</extrude><altitudeMode>clampToGround</altitudeMode>
        <coordinates> -72.11384742644941,11.49223636496592,0</coordinates>
      </Point>
    </Placemark>
    <Placemark id="ID_00055">
      <name>T47</name>
      <snippet></snippet>
      <description><![CDATA[<html xmlns:fo="http://www.w3.org/1999/XSL/Format" xmlns:msxsl="urn:schemas-microsoft-com:xslt">
<head>
<META http-equiv="Content-Type" content="text/html">
<meta http-equiv="content-type" content="text/html; charset=UTF-8">
</head>
<body style="margin:0px 0px 0px 0px;overflow:auto;background:#FFFFFF;">
<table style="font-family:Arial,Verdana,Times;font-size:12px;text-align:left;width:100%;border-collapse:collapse;padding:3px 3px 3px 3px">
<tr style="text-align:center;font-weight:bold;background:#9CBCE2">
<td></td>
</tr>
<tr>
<td>
<table style="font-family:Arial,Verdana,Times;font-size:12px;text-align:left;width:100%;border-spacing:0px; padding:3px 3px 3px 3px">
<tr>
<td>TIPO_INFRA</td>
<td>Torre</td>
</tr>
<tr bgcolor="#D4E4F3">
<td>ID_INFRA_PT</td>
<td>T47</td>
</tr>
<tr>
<td>COOR_ESTE</td>
<td>5096589,258</td>
</tr>
<tr bgcolor="#D4E4F3">
<td>COOR_NORTE</td>
<td>2827768,1214</td>
</tr>
<tr>
<td>SITIO</td>
<td>T47</td>
</tr>
<tr bgcolor="#D4E4F3">
<td>Comunidad</td>
<td>Jununtao</td>
</tr>
<tr>
<td>AHUYENTAMIENTO DE FAUNA</td>
<td>NO</td>
</tr>
<tr bgcolor="#D4E4F3">
<td>DESPEJE TORRE</td>
<td>0</td>
</tr>
<tr>
<td>EXCAVACIÓN</td>
<td>0</td>
</tr>
<tr bgcolor="#D4E4F3">
<td>SOLADO</td>
<td>0</td>
</tr>
<tr>
<td>CIMENTACION</td>
<td>0</td>
</tr>
<tr bgcolor="#D4E4F3">
<td>ACERO DE REFUERZO</td>
<td>0</td>
</tr>
<tr>
<td>CONCRETO</td>
<td>0</td>
</tr>
<tr bgcolor="#D4E4F3">
<td>RELLENO Y COMPACTACIÓN</td>
<td>0</td>
</tr>
<tr>
<td>COOR_X</td>
<td>5096589,258</td>
</tr>
<tr bgcolor="#D4E4F3">
<td>COOR_Y</td>
<td>2827768,1214</td>
</tr>
<tr>
<td>Text</td>
<td>Jununtao</td>
</tr>
<tr bgcolor="#D4E4F3">
<td>ObjectID</td>
<td>46</td>
</tr>
</table>
</td>
</tr>
</table>
</body><script type="text/javascript">
				function changeImage(attElement, nameElement) {
				document.getElementById('imageAttachment').src = attElement;
				document.getElementById('imageName').innerHTML = nameElement;}
			</script></html>
]]></description>
      <Point>
        <extrude>0</extrude><altitudeMode>clampToGround</altitudeMode>
        <coordinates> -72.1140234859525,11.4892604089367,0</coordinates>
      </Point>
    </Placemark>
    <Placemark id="ID_00056">
      <name>T48</name>
      <snippet></snippet>
      <description><![CDATA[<html xmlns:fo="http://www.w3.org/1999/XSL/Format" xmlns:msxsl="urn:schemas-microsoft-com:xslt">
<head>
<META http-equiv="Content-Type" content="text/html">
<meta http-equiv="content-type" content="text/html; charset=UTF-8">
</head>
<body style="margin:0px 0px 0px 0px;overflow:auto;background:#FFFFFF;">
<table style="font-family:Arial,Verdana,Times;font-size:12px;text-align:left;width:100%;border-collapse:collapse;padding:3px 3px 3px 3px">
<tr style="text-align:center;font-weight:bold;background:#9CBCE2">
<td></td>
</tr>
<tr>
<td>
<table style="font-family:Arial,Verdana,Times;font-size:12px;text-align:left;width:100%;border-spacing:0px; padding:3px 3px 3px 3px">
<tr>
<td>TIPO_INFRA</td>
<td>Torre</td>
</tr>
<tr bgcolor="#D4E4F3">
<td>ID_INFRA_PT</td>
<td>T48</td>
</tr>
<tr>
<td>COOR_ESTE</td>
<td>5096568,2972</td>
</tr>
<tr bgcolor="#D4E4F3">
<td>COOR_NORTE</td>
<td>2827388,8286</td>
</tr>
<tr>
<td>SITIO</td>
<td>T48</td>
</tr>
<tr bgcolor="#D4E4F3">
<td>Comunidad</td>
<td>Jununtao</td>
</tr>
<tr>
<td>AHUYENTAMIENTO DE FAUNA</td>
<td>NO</td>
</tr>
<tr bgcolor="#D4E4F3">
<td>DESPEJE TORRE</td>
<td>0</td>
</tr>
<tr>
<td>EXCAVACIÓN</td>
<td>0</td>
</tr>
<tr bgcolor="#D4E4F3">
<td>SOLADO</td>
<td>0</td>
</tr>
<tr>
<td>CIMENTACION</td>
<td>0</td>
</tr>
<tr bgcolor="#D4E4F3">
<td>ACERO DE REFUERZO</td>
<td>0</td>
</tr>
<tr>
<td>CONCRETO</td>
<td>0</td>
</tr>
<tr bgcolor="#D4E4F3">
<td>RELLENO Y COMPACTACIÓN</td>
<td>0</td>
</tr>
<tr>
<td>COOR_X</td>
<td>5096568,2972</td>
</tr>
<tr bgcolor="#D4E4F3">
<td>COOR_Y</td>
<td>2827388,8286</td>
</tr>
<tr>
<td>Text</td>
<td>Jununtao</td>
</tr>
<tr bgcolor="#D4E4F3">
<td>ObjectID</td>
<td>47</td>
</tr>
</table>
</td>
</tr>
</table>
</body><script type="text/javascript">
				function changeImage(attElement, nameElement) {
				document.getElementById('imageAttachment').src = attElement;
				document.getElementById('imageName').innerHTML = nameElement;}
			</script></html>
]]></description>
      <Point>
        <extrude>0</extrude><altitudeMode>clampToGround</altitudeMode>
        <coordinates> -72.11422644706775,11.48582981806295,0</coordinates>
      </Point>
    </Placemark>
    <Placemark id="ID_00057">
      <name>T49</name>
      <snippet></snippet>
      <description><![CDATA[<html xmlns:fo="http://www.w3.org/1999/XSL/Format" xmlns:msxsl="urn:schemas-microsoft-com:xslt">
<head>
<META http-equiv="Content-Type" content="text/html">
<meta http-equiv="content-type" content="text/html; charset=UTF-8">
</head>
<body style="margin:0px 0px 0px 0px;overflow:auto;background:#FFFFFF;">
<table style="font-family:Arial,Verdana,Times;font-size:12px;text-align:left;width:100%;border-collapse:collapse;padding:3px 3px 3px 3px">
<tr style="text-align:center;font-weight:bold;background:#9CBCE2">
<td></td>
</tr>
<tr>
<td>
<table style="font-family:Arial,Verdana,Times;font-size:12px;text-align:left;width:100%;border-spacing:0px; padding:3px 3px 3px 3px">
<tr>
<td>TIPO_INFRA</td>
<td>Torre</td>
</tr>
<tr bgcolor="#D4E4F3">
<td>ID_INFRA_PT</td>
<td>T49</td>
</tr>
<tr>
<td>COOR_ESTE</td>
<td>5096543,9839</td>
</tr>
<tr bgcolor="#D4E4F3">
<td>COOR_NORTE</td>
<td>2826948,8713</td>
</tr>
<tr>
<td>SITIO</td>
<td>T49</td>
</tr>
<tr bgcolor="#D4E4F3">
<td>Comunidad</td>
<td>Jununtao</td>
</tr>
<tr>
<td>AHUYENTAMIENTO DE FAUNA</td>
<td>NO</td>
</tr>
<tr bgcolor="#D4E4F3">
<td>DESPEJE TORRE</td>
<td>0</td>
</tr>
<tr>
<td>EXCAVACIÓN</td>
<td>0</td>
</tr>
<tr bgcolor="#D4E4F3">
<td>SOLADO</td>
<td>0</td>
</tr>
<tr>
<td>CIMENTACION</td>
<td>0</td>
</tr>
<tr bgcolor="#D4E4F3">
<td>ACERO DE REFUERZO</td>
<td>0</td>
</tr>
<tr>
<td>CONCRETO</td>
<td>0</td>
</tr>
<tr bgcolor="#D4E4F3">
<td>RELLENO Y COMPACTACIÓN</td>
<td>0</td>
</tr>
<tr>
<td>COOR_X</td>
<td>5096543,9839</td>
</tr>
<tr bgcolor="#D4E4F3">
<td>COOR_Y</td>
<td>2826948,8713</td>
</tr>
<tr>
<td>Text</td>
<td>Jununtao</td>
</tr>
<tr bgcolor="#D4E4F3">
<td>ObjectID</td>
<td>48</td>
</tr>
</table>
</td>
</tr>
</table>
</body><script type="text/javascript">
				function changeImage(attElement, nameElement) {
				document.getElementById('imageAttachment').src = attElement;
				document.getElementById('imageName').innerHTML = nameElement;}
			</script></html>
]]></description>
      <Point>
        <extrude>0</extrude><altitudeMode>clampToGround</altitudeMode>
        <coordinates> -72.11446185998008,11.48185053315225,0</coordinates>
      </Point>
    </Placemark>
    <Placemark id="ID_00058">
      <name>T50</name>
      <snippet></snippet>
      <description><![CDATA[<html xmlns:fo="http://www.w3.org/1999/XSL/Format" xmlns:msxsl="urn:schemas-microsoft-com:xslt">
<head>
<META http-equiv="Content-Type" content="text/html">
<meta http-equiv="content-type" content="text/html; charset=UTF-8">
</head>
<body style="margin:0px 0px 0px 0px;overflow:auto;background:#FFFFFF;">
<table style="font-family:Arial,Verdana,Times;font-size:12px;text-align:left;width:100%;border-collapse:collapse;padding:3px 3px 3px 3px">
<tr style="text-align:center;font-weight:bold;background:#9CBCE2">
<td></td>
</tr>
<tr>
<td>
<table style="font-family:Arial,Verdana,Times;font-size:12px;text-align:left;width:100%;border-spacing:0px; padding:3px 3px 3px 3px">
<tr>
<td>TIPO_INFRA</td>
<td>Torre</td>
</tr>
<tr bgcolor="#D4E4F3">
<td>ID_INFRA_PT</td>
<td>T50</td>
</tr>
<tr>
<td>COOR_ESTE</td>
<td>5096516,9578</td>
</tr>
<tr bgcolor="#D4E4F3">
<td>COOR_NORTE</td>
<td>2826459,8453</td>
</tr>
<tr>
<td>SITIO</td>
<td>T50</td>
</tr>
<tr bgcolor="#D4E4F3">
<td>Comunidad</td>
<td>Jununtao</td>
</tr>
<tr>
<td>AHUYENTAMIENTO DE FAUNA</td>
<td>NO</td>
</tr>
<tr bgcolor="#D4E4F3">
<td>DESPEJE TORRE</td>
<td>0</td>
</tr>
<tr>
<td>EXCAVACIÓN</td>
<td>0</td>
</tr>
<tr bgcolor="#D4E4F3">
<td>SOLADO</td>
<td>0</td>
</tr>
<tr>
<td>CIMENTACION</td>
<td>0</td>
</tr>
<tr bgcolor="#D4E4F3">
<td>ACERO DE REFUERZO</td>
<td>0</td>
</tr>
<tr>
<td>CONCRETO</td>
<td>0</td>
</tr>
<tr bgcolor="#D4E4F3">
<td>RELLENO Y COMPACTACIÓN</td>
<td>0</td>
</tr>
<tr>
<td>COOR_X</td>
<td>5096516,9578</td>
</tr>
<tr bgcolor="#D4E4F3">
<td>COOR_Y</td>
<td>2826459,8453</td>
</tr>
<tr>
<td>Text</td>
<td>Jununtao</td>
</tr>
<tr bgcolor="#D4E4F3">
<td>ObjectID</td>
<td>49</td>
</tr>
</table>
</td>
</tr>
</table>
</body><script type="text/javascript">
				function changeImage(attElement, nameElement) {
				document.getElementById('imageAttachment').src = attElement;
				document.getElementById('imageName').innerHTML = nameElement;}
			</script></html>
]]></description>
      <Point>
        <extrude>0</extrude><altitudeMode>clampToGround</altitudeMode>
        <coordinates> -72.11472352622627,11.47742743420219,0</coordinates>
      </Point>
    </Placemark>
    <Placemark id="ID_00059">
      <name>T51</name>
      <snippet></snippet>
      <description><![CDATA[<html xmlns:fo="http://www.w3.org/1999/XSL/Format" xmlns:msxsl="urn:schemas-microsoft-com:xslt">
<head>
<META http-equiv="Content-Type" content="text/html">
<meta http-equiv="content-type" content="text/html; charset=UTF-8">
</head>
<body style="margin:0px 0px 0px 0px;overflow:auto;background:#FFFFFF;">
<table style="font-family:Arial,Verdana,Times;font-size:12px;text-align:left;width:100%;border-collapse:collapse;padding:3px 3px 3px 3px">
<tr style="text-align:center;font-weight:bold;background:#9CBCE2">
<td></td>
</tr>
<tr>
<td>
<table style="font-family:Arial,Verdana,Times;font-size:12px;text-align:left;width:100%;border-spacing:0px; padding:3px 3px 3px 3px">
<tr>
<td>TIPO_INFRA</td>
<td>Torre</td>
</tr>
<tr bgcolor="#D4E4F3">
<td>ID_INFRA_PT</td>
<td>T51</td>
</tr>
<tr>
<td>COOR_ESTE</td>
<td>5096491,0538</td>
</tr>
<tr bgcolor="#D4E4F3">
<td>COOR_NORTE</td>
<td>2825991,1422</td>
</tr>
<tr>
<td>SITIO</td>
<td>T51</td>
</tr>
<tr bgcolor="#D4E4F3">
<td>Comunidad</td>
<td>Jununtao</td>
</tr>
<tr>
<td>AHUYENTAMIENTO DE FAUNA</td>
<td>NO</td>
</tr>
<tr bgcolor="#D4E4F3">
<td>DESPEJE TORRE</td>
<td>0</td>
</tr>
<tr>
<td>EXCAVACIÓN</td>
<td>0</td>
</tr>
<tr bgcolor="#D4E4F3">
<td>SOLADO</td>
<td>0</td>
</tr>
<tr>
<td>CIMENTACION</td>
<td>0</td>
</tr>
<tr bgcolor="#D4E4F3">
<td>ACERO DE REFUERZO</td>
<td>0</td>
</tr>
<tr>
<td>CONCRETO</td>
<td>0</td>
</tr>
<tr bgcolor="#D4E4F3">
<td>RELLENO Y COMPACTACIÓN</td>
<td>0</td>
</tr>
<tr>
<td>COOR_X</td>
<td>5096491,0538</td>
</tr>
<tr bgcolor="#D4E4F3">
<td>COOR_Y</td>
<td>2825991,1422</td>
</tr>
<tr>
<td>Text</td>
<td>Jununtao</td>
</tr>
<tr bgcolor="#D4E4F3">
<td>ObjectID</td>
<td>50</td>
</tr>
</table>
</td>
</tr>
</table>
</body><script type="text/javascript">
				function changeImage(attElement, nameElement) {
				document.getElementById('imageAttachment').src = attElement;
				document.getElementById('imageName').innerHTML = nameElement;}
			</script></html>
]]></description>
      <Point>
        <extrude>0</extrude><altitudeMode>clampToGround</altitudeMode>
        <coordinates> -72.11497431522977,11.47318814801624,0</coordinates>
      </Point>
    </Placemark>
    <Placemark id="ID_00060">
      <name>T52</name>
      <snippet></snippet>
      <description><![CDATA[<html xmlns:fo="http://www.w3.org/1999/XSL/Format" xmlns:msxsl="urn:schemas-microsoft-com:xslt">
<head>
<META http-equiv="Content-Type" content="text/html">
<meta http-equiv="content-type" content="text/html; charset=UTF-8">
</head>
<body style="margin:0px 0px 0px 0px;overflow:auto;background:#FFFFFF;">
<table style="font-family:Arial,Verdana,Times;font-size:12px;text-align:left;width:100%;border-collapse:collapse;padding:3px 3px 3px 3px">
<tr style="text-align:center;font-weight:bold;background:#9CBCE2">
<td></td>
</tr>
<tr>
<td>
<table style="font-family:Arial,Verdana,Times;font-size:12px;text-align:left;width:100%;border-spacing:0px; padding:3px 3px 3px 3px">
<tr>
<td>TIPO_INFRA</td>
<td>Torre</td>
</tr>
<tr bgcolor="#D4E4F3">
<td>ID_INFRA_PT</td>
<td>T52</td>
</tr>
<tr>
<td>COOR_ESTE</td>
<td>5096464,6385</td>
</tr>
<tr bgcolor="#D4E4F3">
<td>COOR_NORTE</td>
<td>2825513,2235</td>
</tr>
<tr>
<td>SITIO</td>
<td>T52</td>
</tr>
<tr bgcolor="#D4E4F3">
<td>Comunidad</td>
<td>Sirruma</td>
</tr>
<tr>
<td>AHUYENTAMIENTO DE FAUNA</td>
<td>NO</td>
</tr>
<tr bgcolor="#D4E4F3">
<td>DESPEJE TORRE</td>
<td>0</td>
</tr>
<tr>
<td>EXCAVACIÓN</td>
<td>0</td>
</tr>
<tr bgcolor="#D4E4F3">
<td>SOLADO</td>
<td>0</td>
</tr>
<tr>
<td>CIMENTACION</td>
<td>0</td>
</tr>
<tr bgcolor="#D4E4F3">
<td>ACERO DE REFUERZO</td>
<td>0</td>
</tr>
<tr>
<td>CONCRETO</td>
<td>0</td>
</tr>
<tr bgcolor="#D4E4F3">
<td>RELLENO Y COMPACTACIÓN</td>
<td>0</td>
</tr>
<tr>
<td>COOR_X</td>
<td>5096464,6385</td>
</tr>
<tr bgcolor="#D4E4F3">
<td>COOR_Y</td>
<td>2825513,2235</td>
</tr>
<tr>
<td>Text</td>
<td>Sirruma</td>
</tr>
<tr bgcolor="#D4E4F3">
<td>ObjectID</td>
<td>51</td>
</tr>
</table>
</td>
</tr>
</table>
</body><script type="text/javascript">
				function changeImage(attElement, nameElement) {
				document.getElementById('imageAttachment').src = attElement;
				document.getElementById('imageName').innerHTML = nameElement;}
			</script></html>
]]></description>
      <Point>
        <extrude>0</extrude><altitudeMode>clampToGround</altitudeMode>
        <coordinates> -72.1152300407158,11.46886550736327,0</coordinates>
      </Point>
    </Placemark>
    <Placemark id="ID_00061">
      <name>T53</name>
      <snippet></snippet>
      <description><![CDATA[<html xmlns:fo="http://www.w3.org/1999/XSL/Format" xmlns:msxsl="urn:schemas-microsoft-com:xslt">
<head>
<META http-equiv="Content-Type" content="text/html">
<meta http-equiv="content-type" content="text/html; charset=UTF-8">
</head>
<body style="margin:0px 0px 0px 0px;overflow:auto;background:#FFFFFF;">
<table style="font-family:Arial,Verdana,Times;font-size:12px;text-align:left;width:100%;border-collapse:collapse;padding:3px 3px 3px 3px">
<tr style="text-align:center;font-weight:bold;background:#9CBCE2">
<td></td>
</tr>
<tr>
<td>
<table style="font-family:Arial,Verdana,Times;font-size:12px;text-align:left;width:100%;border-spacing:0px; padding:3px 3px 3px 3px">
<tr>
<td>TIPO_INFRA</td>
<td>Torre</td>
</tr>
<tr bgcolor="#D4E4F3">
<td>ID_INFRA_PT</td>
<td>T53</td>
</tr>
<tr>
<td>COOR_ESTE</td>
<td>5096429,3134</td>
</tr>
<tr bgcolor="#D4E4F3">
<td>COOR_NORTE</td>
<td>2824874,1208</td>
</tr>
<tr>
<td>SITIO</td>
<td>T53</td>
</tr>
<tr bgcolor="#D4E4F3">
<td>Comunidad</td>
<td>Sirruma</td>
</tr>
<tr>
<td>AHUYENTAMIENTO DE FAUNA</td>
<td>NO</td>
</tr>
<tr bgcolor="#D4E4F3">
<td>DESPEJE TORRE</td>
<td>0</td>
</tr>
<tr>
<td>EXCAVACIÓN</td>
<td>0</td>
</tr>
<tr bgcolor="#D4E4F3">
<td>SOLADO</td>
<td>0</td>
</tr>
<tr>
<td>CIMENTACION</td>
<td>0</td>
</tr>
<tr bgcolor="#D4E4F3">
<td>ACERO DE REFUERZO</td>
<td>0</td>
</tr>
<tr>
<td>CONCRETO</td>
<td>0</td>
</tr>
<tr bgcolor="#D4E4F3">
<td>RELLENO Y COMPACTACIÓN</td>
<td>0</td>
</tr>
<tr>
<td>COOR_X</td>
<td>5096429,3134</td>
</tr>
<tr bgcolor="#D4E4F3">
<td>COOR_Y</td>
<td>2824874,1208</td>
</tr>
<tr>
<td>Text</td>
<td>Sirruma</td>
</tr>
<tr bgcolor="#D4E4F3">
<td>ObjectID</td>
<td>52</td>
</tr>
</table>
</td>
</tr>
</table>
</body><script type="text/javascript">
				function changeImage(attElement, nameElement) {
				document.getElementById('imageAttachment').src = attElement;
				document.getElementById('imageName').innerHTML = nameElement;}
			</script></html>
]]></description>
      <Point>
        <extrude>0</extrude><altitudeMode>clampToGround</altitudeMode>
        <coordinates> -72.11557200121094,11.46308499942393,0</coordinates>
      </Point>
    </Placemark>
    <Placemark id="ID_00062">
      <name>T54</name>
      <snippet></snippet>
      <description><![CDATA[<html xmlns:fo="http://www.w3.org/1999/XSL/Format" xmlns:msxsl="urn:schemas-microsoft-com:xslt">
<head>
<META http-equiv="Content-Type" content="text/html">
<meta http-equiv="content-type" content="text/html; charset=UTF-8">
</head>
<body style="margin:0px 0px 0px 0px;overflow:auto;background:#FFFFFF;">
<table style="font-family:Arial,Verdana,Times;font-size:12px;text-align:left;width:100%;border-collapse:collapse;padding:3px 3px 3px 3px">
<tr style="text-align:center;font-weight:bold;background:#9CBCE2">
<td></td>
</tr>
<tr>
<td>
<table style="font-family:Arial,Verdana,Times;font-size:12px;text-align:left;width:100%;border-spacing:0px; padding:3px 3px 3px 3px">
<tr>
<td>TIPO_INFRA</td>
<td>Torre</td>
</tr>
<tr bgcolor="#D4E4F3">
<td>ID_INFRA_PT</td>
<td>T54</td>
</tr>
<tr>
<td>COOR_ESTE</td>
<td>5096404,9806</td>
</tr>
<tr bgcolor="#D4E4F3">
<td>COOR_NORTE</td>
<td>2824371,041</td>
</tr>
<tr>
<td>SITIO</td>
<td>T54</td>
</tr>
<tr bgcolor="#D4E4F3">
<td>Comunidad</td>
<td>Sirruma</td>
</tr>
<tr>
<td>AHUYENTAMIENTO DE FAUNA</td>
<td>NO</td>
</tr>
<tr bgcolor="#D4E4F3">
<td>DESPEJE TORRE</td>
<td>0</td>
</tr>
<tr>
<td>EXCAVACIÓN</td>
<td>0</td>
</tr>
<tr bgcolor="#D4E4F3">
<td>SOLADO</td>
<td>0</td>
</tr>
<tr>
<td>CIMENTACION</td>
<td>0</td>
</tr>
<tr bgcolor="#D4E4F3">
<td>ACERO DE REFUERZO</td>
<td>0</td>
</tr>
<tr>
<td>CONCRETO</td>
<td>0</td>
</tr>
<tr bgcolor="#D4E4F3">
<td>RELLENO Y COMPACTACIÓN</td>
<td>0</td>
</tr>
<tr>
<td>COOR_X</td>
<td>5096404,9806</td>
</tr>
<tr bgcolor="#D4E4F3">
<td>COOR_Y</td>
<td>2824371,041</td>
</tr>
<tr>
<td>Text</td>
<td>Sirruma</td>
</tr>
<tr bgcolor="#D4E4F3">
<td>ObjectID</td>
<td>53</td>
</tr>
</table>
</td>
</tr>
</table>
</body><script type="text/javascript">
				function changeImage(attElement, nameElement) {
				document.getElementById('imageAttachment').src = attElement;
				document.getElementById('imageName').innerHTML = nameElement;}
			</script></html>
]]></description>
      <Point>
        <extrude>0</extrude><altitudeMode>clampToGround</altitudeMode>
        <coordinates> -72.11580930599264,11.4585346822197,0</coordinates>
      </Point>
    </Placemark>
    <Placemark id="ID_00063">
      <name>T55</name>
      <snippet></snippet>
      <description><![CDATA[<html xmlns:fo="http://www.w3.org/1999/XSL/Format" xmlns:msxsl="urn:schemas-microsoft-com:xslt">
<head>
<META http-equiv="Content-Type" content="text/html">
<meta http-equiv="content-type" content="text/html; charset=UTF-8">
</head>
<body style="margin:0px 0px 0px 0px;overflow:auto;background:#FFFFFF;">
<table style="font-family:Arial,Verdana,Times;font-size:12px;text-align:left;width:100%;border-collapse:collapse;padding:3px 3px 3px 3px">
<tr style="text-align:center;font-weight:bold;background:#9CBCE2">
<td></td>
</tr>
<tr>
<td>
<table style="font-family:Arial,Verdana,Times;font-size:12px;text-align:left;width:100%;border-spacing:0px; padding:3px 3px 3px 3px">
<tr>
<td>TIPO_INFRA</td>
<td>Torre</td>
</tr>
<tr bgcolor="#D4E4F3">
<td>ID_INFRA_PT</td>
<td>T55</td>
</tr>
<tr>
<td>COOR_ESTE</td>
<td>5096382,0657</td>
</tr>
<tr bgcolor="#D4E4F3">
<td>COOR_NORTE</td>
<td>2823897,2866</td>
</tr>
<tr>
<td>SITIO</td>
<td>T55</td>
</tr>
<tr bgcolor="#D4E4F3">
<td>Comunidad</td>
<td>Corralito</td>
</tr>
<tr>
<td>AHUYENTAMIENTO DE FAUNA</td>
<td>NO</td>
</tr>
<tr bgcolor="#D4E4F3">
<td>DESPEJE TORRE</td>
<td>0</td>
</tr>
<tr>
<td>EXCAVACIÓN</td>
<td>0</td>
</tr>
<tr bgcolor="#D4E4F3">
<td>SOLADO</td>
<td>0</td>
</tr>
<tr>
<td>CIMENTACION</td>
<td>0</td>
</tr>
<tr bgcolor="#D4E4F3">
<td>ACERO DE REFUERZO</td>
<td>0</td>
</tr>
<tr>
<td>CONCRETO</td>
<td>0</td>
</tr>
<tr bgcolor="#D4E4F3">
<td>RELLENO Y COMPACTACIÓN</td>
<td>0</td>
</tr>
<tr>
<td>COOR_X</td>
<td>5096382,0657</td>
</tr>
<tr bgcolor="#D4E4F3">
<td>COOR_Y</td>
<td>2823897,2866</td>
</tr>
<tr>
<td>Text</td>
<td>Corralito</td>
</tr>
<tr bgcolor="#D4E4F3">
<td>ObjectID</td>
<td>54</td>
</tr>
</table>
</td>
</tr>
</table>
</body><script type="text/javascript">
				function changeImage(attElement, nameElement) {
				document.getElementById('imageAttachment').src = attElement;
				document.getElementById('imageName').innerHTML = nameElement;}
			</script></html>
]]></description>
      <Point>
        <extrude>0</extrude><altitudeMode>clampToGround</altitudeMode>
        <coordinates> -72.11603277046788,11.4542496089978,0</coordinates>
      </Point>
    </Placemark>
    <Placemark id="ID_00064">
      <name>T56</name>
      <snippet></snippet>
      <description><![CDATA[<html xmlns:fo="http://www.w3.org/1999/XSL/Format" xmlns:msxsl="urn:schemas-microsoft-com:xslt">
<head>
<META http-equiv="Content-Type" content="text/html">
<meta http-equiv="content-type" content="text/html; charset=UTF-8">
</head>
<body style="margin:0px 0px 0px 0px;overflow:auto;background:#FFFFFF;">
<table style="font-family:Arial,Verdana,Times;font-size:12px;text-align:left;width:100%;border-collapse:collapse;padding:3px 3px 3px 3px">
<tr style="text-align:center;font-weight:bold;background:#9CBCE2">
<td></td>
</tr>
<tr>
<td>
<table style="font-family:Arial,Verdana,Times;font-size:12px;text-align:left;width:100%;border-spacing:0px; padding:3px 3px 3px 3px">
<tr>
<td>TIPO_INFRA</td>
<td>Torre</td>
</tr>
<tr bgcolor="#D4E4F3">
<td>ID_INFRA_PT</td>
<td>T56</td>
</tr>
<tr>
<td>COOR_ESTE</td>
<td>5096361,3064</td>
</tr>
<tr bgcolor="#D4E4F3">
<td>COOR_NORTE</td>
<td>2823468,1461</td>
</tr>
<tr>
<td>SITIO</td>
<td>T56</td>
</tr>
<tr bgcolor="#D4E4F3">
<td>Comunidad</td>
<td>Corralito</td>
</tr>
<tr>
<td>AHUYENTAMIENTO DE FAUNA</td>
<td>NO</td>
</tr>
<tr bgcolor="#D4E4F3">
<td>DESPEJE TORRE</td>
<td>0</td>
</tr>
<tr>
<td>EXCAVACIÓN</td>
<td>0</td>
</tr>
<tr bgcolor="#D4E4F3">
<td>SOLADO</td>
<td>0</td>
</tr>
<tr>
<td>CIMENTACION</td>
<td>0</td>
</tr>
<tr bgcolor="#D4E4F3">
<td>ACERO DE REFUERZO</td>
<td>0</td>
</tr>
<tr>
<td>CONCRETO</td>
<td>0</td>
</tr>
<tr bgcolor="#D4E4F3">
<td>RELLENO Y COMPACTACIÓN</td>
<td>0</td>
</tr>
<tr>
<td>COOR_X</td>
<td>5096361,3064</td>
</tr>
<tr bgcolor="#D4E4F3">
<td>COOR_Y</td>
<td>2823468,1461</td>
</tr>
<tr>
<td>Text</td>
<td>Corralito</td>
</tr>
<tr bgcolor="#D4E4F3">
<td>ObjectID</td>
<td>55</td>
</tr>
</table>
</td>
</tr>
</table>
</body><script type="text/javascript">
				function changeImage(attElement, nameElement) {
				document.getElementById('imageAttachment').src = attElement;
				document.getElementById('imageName').innerHTML = nameElement;}
			</script></html>
]]></description>
      <Point>
        <extrude>0</extrude><altitudeMode>clampToGround</altitudeMode>
        <coordinates> -72.11623520229865,11.45036806359256,0</coordinates>
      </Point>
    </Placemark>
    <Placemark id="ID_00065">
      <name>T57</name>
      <snippet></snippet>
      <description><![CDATA[<html xmlns:fo="http://www.w3.org/1999/XSL/Format" xmlns:msxsl="urn:schemas-microsoft-com:xslt">
<head>
<META http-equiv="Content-Type" content="text/html">
<meta http-equiv="content-type" content="text/html; charset=UTF-8">
</head>
<body style="margin:0px 0px 0px 0px;overflow:auto;background:#FFFFFF;">
<table style="font-family:Arial,Verdana,Times;font-size:12px;text-align:left;width:100%;border-collapse:collapse;padding:3px 3px 3px 3px">
<tr style="text-align:center;font-weight:bold;background:#9CBCE2">
<td></td>
</tr>
<tr>
<td>
<table style="font-family:Arial,Verdana,Times;font-size:12px;text-align:left;width:100%;border-spacing:0px; padding:3px 3px 3px 3px">
<tr>
<td>TIPO_INFRA</td>
<td>Torre</td>
</tr>
<tr bgcolor="#D4E4F3">
<td>ID_INFRA_PT</td>
<td>T57</td>
</tr>
<tr>
<td>COOR_ESTE</td>
<td>5096341,2946</td>
</tr>
<tr bgcolor="#D4E4F3">
<td>COOR_NORTE</td>
<td>2823054,4569</td>
</tr>
<tr>
<td>SITIO</td>
<td>T57</td>
</tr>
<tr bgcolor="#D4E4F3">
<td>Comunidad</td>
<td>Corralito</td>
</tr>
<tr>
<td>AHUYENTAMIENTO DE FAUNA</td>
<td>NO</td>
</tr>
<tr bgcolor="#D4E4F3">
<td>DESPEJE TORRE</td>
<td>0</td>
</tr>
<tr>
<td>EXCAVACIÓN</td>
<td>0</td>
</tr>
<tr bgcolor="#D4E4F3">
<td>SOLADO</td>
<td>0</td>
</tr>
<tr>
<td>CIMENTACION</td>
<td>0</td>
</tr>
<tr bgcolor="#D4E4F3">
<td>ACERO DE REFUERZO</td>
<td>0</td>
</tr>
<tr>
<td>CONCRETO</td>
<td>0</td>
</tr>
<tr bgcolor="#D4E4F3">
<td>RELLENO Y COMPACTACIÓN</td>
<td>0</td>
</tr>
<tr>
<td>COOR_X</td>
<td>5096341,2946</td>
</tr>
<tr bgcolor="#D4E4F3">
<td>COOR_Y</td>
<td>2823054,4569</td>
</tr>
<tr>
<td>Text</td>
<td>Corralito</td>
</tr>
<tr bgcolor="#D4E4F3">
<td>ObjectID</td>
<td>56</td>
</tr>
</table>
</td>
</tr>
</table>
</body><script type="text/javascript">
				function changeImage(attElement, nameElement) {
				document.getElementById('imageAttachment').src = attElement;
				document.getElementById('imageName').innerHTML = nameElement;}
			</script></html>
]]></description>
      <Point>
        <extrude>0</extrude><altitudeMode>clampToGround</altitudeMode>
        <coordinates> -72.11643033597412,11.44662627261799,0</coordinates>
      </Point>
    </Placemark>
    <Placemark id="ID_00066">
      <name>T58</name>
      <snippet></snippet>
      <description><![CDATA[<html xmlns:fo="http://www.w3.org/1999/XSL/Format" xmlns:msxsl="urn:schemas-microsoft-com:xslt">
<head>
<META http-equiv="Content-Type" content="text/html">
<meta http-equiv="content-type" content="text/html; charset=UTF-8">
</head>
<body style="margin:0px 0px 0px 0px;overflow:auto;background:#FFFFFF;">
<table style="font-family:Arial,Verdana,Times;font-size:12px;text-align:left;width:100%;border-collapse:collapse;padding:3px 3px 3px 3px">
<tr style="text-align:center;font-weight:bold;background:#9CBCE2">
<td></td>
</tr>
<tr>
<td>
<table style="font-family:Arial,Verdana,Times;font-size:12px;text-align:left;width:100%;border-spacing:0px; padding:3px 3px 3px 3px">
<tr>
<td>TIPO_INFRA</td>
<td>Torre</td>
</tr>
<tr bgcolor="#D4E4F3">
<td>ID_INFRA_PT</td>
<td>T58</td>
</tr>
<tr>
<td>COOR_ESTE</td>
<td>5096321,9854</td>
</tr>
<tr bgcolor="#D4E4F3">
<td>COOR_NORTE</td>
<td>2822655,3145</td>
</tr>
<tr>
<td>SITIO</td>
<td>T58</td>
</tr>
<tr bgcolor="#D4E4F3">
<td>Comunidad</td>
<td>Corralito</td>
</tr>
<tr>
<td>AHUYENTAMIENTO DE FAUNA</td>
<td>NO</td>
</tr>
<tr bgcolor="#D4E4F3">
<td>DESPEJE TORRE</td>
<td>0</td>
</tr>
<tr>
<td>EXCAVACIÓN</td>
<td>0</td>
</tr>
<tr bgcolor="#D4E4F3">
<td>SOLADO</td>
<td>0</td>
</tr>
<tr>
<td>CIMENTACION</td>
<td>0</td>
</tr>
<tr bgcolor="#D4E4F3">
<td>ACERO DE REFUERZO</td>
<td>0</td>
</tr>
<tr>
<td>CONCRETO</td>
<td>0</td>
</tr>
<tr bgcolor="#D4E4F3">
<td>RELLENO Y COMPACTACIÓN</td>
<td>0</td>
</tr>
<tr>
<td>COOR_X</td>
<td>5096321,9854</td>
</tr>
<tr bgcolor="#D4E4F3">
<td>COOR_Y</td>
<td>2822655,3145</td>
</tr>
<tr>
<td>Text</td>
<td>Corralito</td>
</tr>
<tr bgcolor="#D4E4F3">
<td>ObjectID</td>
<td>57</td>
</tr>
</table>
</td>
</tr>
</table>
</body><script type="text/javascript">
				function changeImage(attElement, nameElement) {
				document.getElementById('imageAttachment').src = attElement;
				document.getElementById('imageName').innerHTML = nameElement;}
			</script></html>
]]></description>
      <Point>
        <extrude>0</extrude><altitudeMode>clampToGround</altitudeMode>
        <coordinates> -72.11661860961355,11.44301605512278,0</coordinates>
      </Point>
    </Placemark>
    <Placemark id="ID_00067">
      <name>T59</name>
      <snippet></snippet>
      <description><![CDATA[<html xmlns:fo="http://www.w3.org/1999/XSL/Format" xmlns:msxsl="urn:schemas-microsoft-com:xslt">
<head>
<META http-equiv="Content-Type" content="text/html">
<meta http-equiv="content-type" content="text/html; charset=UTF-8">
</head>
<body style="margin:0px 0px 0px 0px;overflow:auto;background:#FFFFFF;">
<table style="font-family:Arial,Verdana,Times;font-size:12px;text-align:left;width:100%;border-collapse:collapse;padding:3px 3px 3px 3px">
<tr style="text-align:center;font-weight:bold;background:#9CBCE2">
<td></td>
</tr>
<tr>
<td>
<table style="font-family:Arial,Verdana,Times;font-size:12px;text-align:left;width:100%;border-spacing:0px; padding:3px 3px 3px 3px">
<tr>
<td>TIPO_INFRA</td>
<td>Torre</td>
</tr>
<tr bgcolor="#D4E4F3">
<td>ID_INFRA_PT</td>
<td>T59</td>
</tr>
<tr>
<td>COOR_ESTE</td>
<td>5096308,9467</td>
</tr>
<tr bgcolor="#D4E4F3">
<td>COOR_NORTE</td>
<td>2822385,8043</td>
</tr>
<tr>
<td>SITIO</td>
<td>T59</td>
</tr>
<tr bgcolor="#D4E4F3">
<td>Comunidad</td>
<td>Sabanalarga</td>
</tr>
<tr>
<td>AHUYENTAMIENTO DE FAUNA</td>
<td>NO</td>
</tr>
<tr bgcolor="#D4E4F3">
<td>DESPEJE TORRE</td>
<td>0</td>
</tr>
<tr>
<td>EXCAVACIÓN</td>
<td>0</td>
</tr>
<tr bgcolor="#D4E4F3">
<td>SOLADO</td>
<td>0</td>
</tr>
<tr>
<td>CIMENTACION</td>
<td>0</td>
</tr>
<tr bgcolor="#D4E4F3">
<td>ACERO DE REFUERZO</td>
<td>0</td>
</tr>
<tr>
<td>CONCRETO</td>
<td>0</td>
</tr>
<tr bgcolor="#D4E4F3">
<td>RELLENO Y COMPACTACIÓN</td>
<td>0</td>
</tr>
<tr>
<td>COOR_X</td>
<td>5096308,9467</td>
</tr>
<tr bgcolor="#D4E4F3">
<td>COOR_Y</td>
<td>2822385,8043</td>
</tr>
<tr>
<td>Text</td>
<td>Sabanalarga</td>
</tr>
<tr bgcolor="#D4E4F3">
<td>ObjectID</td>
<td>58</td>
</tr>
</table>
</td>
</tr>
</table>
</body><script type="text/javascript">
				function changeImage(attElement, nameElement) {
				document.getElementById('imageAttachment').src = attElement;
				document.getElementById('imageName').innerHTML = nameElement;}
			</script></html>
]]></description>
      <Point>
        <extrude>0</extrude><altitudeMode>clampToGround</altitudeMode>
        <coordinates> -72.11674573791487,11.44057835184434,0</coordinates>
      </Point>
    </Placemark>
    <Placemark id="ID_00068">
      <name>T60N</name>
      <snippet></snippet>
      <description><![CDATA[<html xmlns:fo="http://www.w3.org/1999/XSL/Format" xmlns:msxsl="urn:schemas-microsoft-com:xslt">
<head>
<META http-equiv="Content-Type" content="text/html">
<meta http-equiv="content-type" content="text/html; charset=UTF-8">
</head>
<body style="margin:0px 0px 0px 0px;overflow:auto;background:#FFFFFF;">
<table style="font-family:Arial,Verdana,Times;font-size:12px;text-align:left;width:100%;border-collapse:collapse;padding:3px 3px 3px 3px">
<tr style="text-align:center;font-weight:bold;background:#9CBCE2">
<td></td>
</tr>
<tr>
<td>
<table style="font-family:Arial,Verdana,Times;font-size:12px;text-align:left;width:100%;border-spacing:0px; padding:3px 3px 3px 3px">
<tr>
<td>TIPO_INFRA</td>
<td>Torre</td>
</tr>
<tr bgcolor="#D4E4F3">
<td>ID_INFRA_PT</td>
<td>T60N</td>
</tr>
<tr>
<td>COOR_ESTE</td>
<td>5096282,9553</td>
</tr>
<tr bgcolor="#D4E4F3">
<td>COOR_NORTE</td>
<td>2821848,5643</td>
</tr>
<tr>
<td>SITIO</td>
<td>T60N</td>
</tr>
<tr bgcolor="#D4E4F3">
<td>Comunidad</td>
<td>Sabanalarga</td>
</tr>
<tr>
<td>AHUYENTAMIENTO DE FAUNA</td>
<td>NO</td>
</tr>
<tr bgcolor="#D4E4F3">
<td>DESPEJE TORRE</td>
<td>0</td>
</tr>
<tr>
<td>EXCAVACIÓN</td>
<td>0</td>
</tr>
<tr bgcolor="#D4E4F3">
<td>SOLADO</td>
<td>0</td>
</tr>
<tr>
<td>CIMENTACION</td>
<td>0</td>
</tr>
<tr bgcolor="#D4E4F3">
<td>ACERO DE REFUERZO</td>
<td>0</td>
</tr>
<tr>
<td>CONCRETO</td>
<td>0</td>
</tr>
<tr bgcolor="#D4E4F3">
<td>RELLENO Y COMPACTACIÓN</td>
<td>0</td>
</tr>
<tr>
<td>COOR_X</td>
<td>5096282,9553</td>
</tr>
<tr bgcolor="#D4E4F3">
<td>COOR_Y</td>
<td>2821848,5643</td>
</tr>
<tr>
<td>Text</td>
<td>Sabanalarga</td>
</tr>
<tr bgcolor="#D4E4F3">
<td>ObjectID</td>
<td>59</td>
</tr>
</table>
</td>
</tr>
</table>
</body><script type="text/javascript">
				function changeImage(attElement, nameElement) {
				document.getElementById('imageAttachment').src = attElement;
				document.getElementById('imageName').innerHTML = nameElement;}
			</script></html>
]]></description>
      <Point>
        <extrude>0</extrude><altitudeMode>clampToGround</altitudeMode>
        <coordinates> -72.11699914471578,11.43571904706068,0</coordinates>
      </Point>
    </Placemark>
    <Placemark id="ID_00069">
      <name>T62</name>
      <snippet></snippet>
      <description><![CDATA[<html xmlns:fo="http://www.w3.org/1999/XSL/Format" xmlns:msxsl="urn:schemas-microsoft-com:xslt">
<head>
<META http-equiv="Content-Type" content="text/html">
<meta http-equiv="content-type" content="text/html; charset=UTF-8">
</head>
<body style="margin:0px 0px 0px 0px;overflow:auto;background:#FFFFFF;">
<table style="font-family:Arial,Verdana,Times;font-size:12px;text-align:left;width:100%;border-collapse:collapse;padding:3px 3px 3px 3px">
<tr style="text-align:center;font-weight:bold;background:#9CBCE2">
<td></td>
</tr>
<tr>
<td>
<table style="font-family:Arial,Verdana,Times;font-size:12px;text-align:left;width:100%;border-spacing:0px; padding:3px 3px 3px 3px">
<tr>
<td>TIPO_INFRA</td>
<td>Torre</td>
</tr>
<tr bgcolor="#D4E4F3">
<td>ID_INFRA_PT</td>
<td>T62</td>
</tr>
<tr>
<td>COOR_ESTE</td>
<td>5096254,8197</td>
</tr>
<tr bgcolor="#D4E4F3">
<td>COOR_NORTE</td>
<td>2821267,0595</td>
</tr>
<tr>
<td>SITIO</td>
<td>T62</td>
</tr>
<tr bgcolor="#D4E4F3">
<td>Comunidad</td>
<td>Sabanalarga</td>
</tr>
<tr>
<td>AHUYENTAMIENTO DE FAUNA</td>
<td>NO</td>
</tr>
<tr bgcolor="#D4E4F3">
<td>DESPEJE TORRE</td>
<td>0</td>
</tr>
<tr>
<td>EXCAVACIÓN</td>
<td>0</td>
</tr>
<tr bgcolor="#D4E4F3">
<td>SOLADO</td>
<td>0</td>
</tr>
<tr>
<td>CIMENTACION</td>
<td>0</td>
</tr>
<tr bgcolor="#D4E4F3">
<td>ACERO DE REFUERZO</td>
<td>0</td>
</tr>
<tr>
<td>CONCRETO</td>
<td>0</td>
</tr>
<tr bgcolor="#D4E4F3">
<td>RELLENO Y COMPACTACIÓN</td>
<td>0</td>
</tr>
<tr>
<td>COOR_X</td>
<td>5096254,8197</td>
</tr>
<tr bgcolor="#D4E4F3">
<td>COOR_Y</td>
<td>2821267,0595</td>
</tr>
<tr>
<td>Text</td>
<td>Sabanalarga</td>
</tr>
<tr bgcolor="#D4E4F3">
<td>ObjectID</td>
<td>60</td>
</tr>
</table>
</td>
</tr>
</table>
</body><script type="text/javascript">
				function changeImage(attElement, nameElement) {
				document.getElementById('imageAttachment').src = attElement;
				document.getElementById('imageName').innerHTML = nameElement;}
			</script></html>
]]></description>
      <Point>
        <extrude>0</extrude><altitudeMode>clampToGround</altitudeMode>
        <coordinates> -72.11727343830415,11.4304593670305,0</coordinates>
      </Point>
    </Placemark>
    <Placemark id="ID_00070">
      <name>T63</name>
      <snippet></snippet>
      <description><![CDATA[<html xmlns:fo="http://www.w3.org/1999/XSL/Format" xmlns:msxsl="urn:schemas-microsoft-com:xslt">
<head>
<META http-equiv="Content-Type" content="text/html">
<meta http-equiv="content-type" content="text/html; charset=UTF-8">
</head>
<body style="margin:0px 0px 0px 0px;overflow:auto;background:#FFFFFF;">
<table style="font-family:Arial,Verdana,Times;font-size:12px;text-align:left;width:100%;border-collapse:collapse;padding:3px 3px 3px 3px">
<tr style="text-align:center;font-weight:bold;background:#9CBCE2">
<td></td>
</tr>
<tr>
<td>
<table style="font-family:Arial,Verdana,Times;font-size:12px;text-align:left;width:100%;border-spacing:0px; padding:3px 3px 3px 3px">
<tr>
<td>TIPO_INFRA</td>
<td>Torre</td>
</tr>
<tr bgcolor="#D4E4F3">
<td>ID_INFRA_PT</td>
<td>T63</td>
</tr>
<tr>
<td>COOR_ESTE</td>
<td>5096236,9528</td>
</tr>
<tr bgcolor="#D4E4F3">
<td>COOR_NORTE</td>
<td>2820897,8035</td>
</tr>
<tr>
<td>SITIO</td>
<td>T63</td>
</tr>
<tr bgcolor="#D4E4F3">
<td>Comunidad</td>
<td>Sabanalarga</td>
</tr>
<tr>
<td>AHUYENTAMIENTO DE FAUNA</td>
<td>NO</td>
</tr>
<tr bgcolor="#D4E4F3">
<td>DESPEJE TORRE</td>
<td>0</td>
</tr>
<tr>
<td>EXCAVACIÓN</td>
<td>0</td>
</tr>
<tr bgcolor="#D4E4F3">
<td>SOLADO</td>
<td>0</td>
</tr>
<tr>
<td>CIMENTACION</td>
<td>0</td>
</tr>
<tr bgcolor="#D4E4F3">
<td>ACERO DE REFUERZO</td>
<td>0</td>
</tr>
<tr>
<td>CONCRETO</td>
<td>0</td>
</tr>
<tr bgcolor="#D4E4F3">
<td>RELLENO Y COMPACTACIÓN</td>
<td>0</td>
</tr>
<tr>
<td>COOR_X</td>
<td>5096236,9528</td>
</tr>
<tr bgcolor="#D4E4F3">
<td>COOR_Y</td>
<td>2820897,8035</td>
</tr>
<tr>
<td>Text</td>
<td>Sabanalarga</td>
</tr>
<tr bgcolor="#D4E4F3">
<td>ObjectID</td>
<td>61</td>
</tr>
</table>
</td>
</tr>
</table>
</body><script type="text/javascript">
				function changeImage(attElement, nameElement) {
				document.getElementById('imageAttachment').src = attElement;
				document.getElementById('imageName').innerHTML = nameElement;}
			</script></html>
]]></description>
      <Point>
        <extrude>0</extrude><altitudeMode>clampToGround</altitudeMode>
        <coordinates> -72.11744761294624,11.42711946465518,0</coordinates>
      </Point>
    </Placemark>
    <Placemark id="ID_00071">
      <name>T64</name>
      <snippet></snippet>
      <description><![CDATA[<html xmlns:fo="http://www.w3.org/1999/XSL/Format" xmlns:msxsl="urn:schemas-microsoft-com:xslt">
<head>
<META http-equiv="Content-Type" content="text/html">
<meta http-equiv="content-type" content="text/html; charset=UTF-8">
</head>
<body style="margin:0px 0px 0px 0px;overflow:auto;background:#FFFFFF;">
<table style="font-family:Arial,Verdana,Times;font-size:12px;text-align:left;width:100%;border-collapse:collapse;padding:3px 3px 3px 3px">
<tr style="text-align:center;font-weight:bold;background:#9CBCE2">
<td></td>
</tr>
<tr>
<td>
<table style="font-family:Arial,Verdana,Times;font-size:12px;text-align:left;width:100%;border-spacing:0px; padding:3px 3px 3px 3px">
<tr>
<td>TIPO_INFRA</td>
<td>Torre</td>
</tr>
<tr bgcolor="#D4E4F3">
<td>ID_INFRA_PT</td>
<td>T64</td>
</tr>
<tr>
<td>COOR_ESTE</td>
<td>5096214,5388</td>
</tr>
<tr bgcolor="#D4E4F3">
<td>COOR_NORTE</td>
<td>2820434,5987</td>
</tr>
<tr>
<td>SITIO</td>
<td>T64</td>
</tr>
<tr bgcolor="#D4E4F3">
<td>Comunidad</td>
<td>Siború</td>
</tr>
<tr>
<td>AHUYENTAMIENTO DE FAUNA</td>
<td>NO</td>
</tr>
<tr bgcolor="#D4E4F3">
<td>DESPEJE TORRE</td>
<td>0</td>
</tr>
<tr>
<td>EXCAVACIÓN</td>
<td>0</td>
</tr>
<tr bgcolor="#D4E4F3">
<td>SOLADO</td>
<td>0</td>
</tr>
<tr>
<td>CIMENTACION</td>
<td>0</td>
</tr>
<tr bgcolor="#D4E4F3">
<td>ACERO DE REFUERZO</td>
<td>0</td>
</tr>
<tr>
<td>CONCRETO</td>
<td>0</td>
</tr>
<tr bgcolor="#D4E4F3">
<td>RELLENO Y COMPACTACIÓN</td>
<td>0</td>
</tr>
<tr>
<td>COOR_X</td>
<td>5096214,5388</td>
</tr>
<tr bgcolor="#D4E4F3">
<td>COOR_Y</td>
<td>2820434,5987</td>
</tr>
<tr>
<td>Text</td>
<td>Siború</td>
</tr>
<tr bgcolor="#D4E4F3">
<td>ObjectID</td>
<td>62</td>
</tr>
</table>
</td>
</tr>
</table>
</body><script type="text/javascript">
				function changeImage(attElement, nameElement) {
				document.getElementById('imageAttachment').src = attElement;
				document.getElementById('imageName').innerHTML = nameElement;}
			</script></html>
]]></description>
      <Point>
        <extrude>0</extrude><altitudeMode>clampToGround</altitudeMode>
        <coordinates> -72.11766610407429,11.42292979840039,0</coordinates>
      </Point>
    </Placemark>
    <Placemark id="ID_00072">
      <name>T65</name>
      <snippet></snippet>
      <description><![CDATA[<html xmlns:fo="http://www.w3.org/1999/XSL/Format" xmlns:msxsl="urn:schemas-microsoft-com:xslt">
<head>
<META http-equiv="Content-Type" content="text/html">
<meta http-equiv="content-type" content="text/html; charset=UTF-8">
</head>
<body style="margin:0px 0px 0px 0px;overflow:auto;background:#FFFFFF;">
<table style="font-family:Arial,Verdana,Times;font-size:12px;text-align:left;width:100%;border-collapse:collapse;padding:3px 3px 3px 3px">
<tr style="text-align:center;font-weight:bold;background:#9CBCE2">
<td></td>
</tr>
<tr>
<td>
<table style="font-family:Arial,Verdana,Times;font-size:12px;text-align:left;width:100%;border-spacing:0px; padding:3px 3px 3px 3px">
<tr>
<td>TIPO_INFRA</td>
<td>Torre</td>
</tr>
<tr bgcolor="#D4E4F3">
<td>ID_INFRA_PT</td>
<td>T65</td>
</tr>
<tr>
<td>COOR_ESTE</td>
<td>5096011,2297</td>
</tr>
<tr bgcolor="#D4E4F3">
<td>COOR_NORTE</td>
<td>2820049,7516</td>
</tr>
<tr>
<td>SITIO</td>
<td>T65</td>
</tr>
<tr bgcolor="#D4E4F3">
<td>Comunidad</td>
<td>Siború</td>
</tr>
<tr>
<td>AHUYENTAMIENTO DE FAUNA</td>
<td>NO</td>
</tr>
<tr bgcolor="#D4E4F3">
<td>DESPEJE TORRE</td>
<td>0</td>
</tr>
<tr>
<td>EXCAVACIÓN</td>
<td>0</td>
</tr>
<tr bgcolor="#D4E4F3">
<td>SOLADO</td>
<td>0</td>
</tr>
<tr>
<td>CIMENTACION</td>
<td>0</td>
</tr>
<tr bgcolor="#D4E4F3">
<td>ACERO DE REFUERZO</td>
<td>0</td>
</tr>
<tr>
<td>CONCRETO</td>
<td>0</td>
</tr>
<tr bgcolor="#D4E4F3">
<td>RELLENO Y COMPACTACIÓN</td>
<td>0</td>
</tr>
<tr>
<td>COOR_X</td>
<td>5096011,2297</td>
</tr>
<tr bgcolor="#D4E4F3">
<td>COOR_Y</td>
<td>2820049,7516</td>
</tr>
<tr>
<td>Text</td>
<td>Siború</td>
</tr>
<tr bgcolor="#D4E4F3">
<td>ObjectID</td>
<td>63</td>
</tr>
</table>
</td>
</tr>
</table>
</body><script type="text/javascript">
				function changeImage(attElement, nameElement) {
				document.getElementById('imageAttachment').src = attElement;
				document.getElementById('imageName').innerHTML = nameElement;}
			</script></html>
]]></description>
      <Point>
        <extrude>0</extrude><altitudeMode>clampToGround</altitudeMode>
        <coordinates> -72.11954113262118,11.41945396106803,0</coordinates>
      </Point>
    </Placemark>
    <Placemark id="ID_00073">
      <name>T66</name>
      <snippet></snippet>
      <description><![CDATA[<html xmlns:fo="http://www.w3.org/1999/XSL/Format" xmlns:msxsl="urn:schemas-microsoft-com:xslt">
<head>
<META http-equiv="Content-Type" content="text/html">
<meta http-equiv="content-type" content="text/html; charset=UTF-8">
</head>
<body style="margin:0px 0px 0px 0px;overflow:auto;background:#FFFFFF;">
<table style="font-family:Arial,Verdana,Times;font-size:12px;text-align:left;width:100%;border-collapse:collapse;padding:3px 3px 3px 3px">
<tr style="text-align:center;font-weight:bold;background:#9CBCE2">
<td></td>
</tr>
<tr>
<td>
<table style="font-family:Arial,Verdana,Times;font-size:12px;text-align:left;width:100%;border-spacing:0px; padding:3px 3px 3px 3px">
<tr>
<td>TIPO_INFRA</td>
<td>Torre</td>
</tr>
<tr bgcolor="#D4E4F3">
<td>ID_INFRA_PT</td>
<td>T66</td>
</tr>
<tr>
<td>COOR_ESTE</td>
<td>5095803,7401</td>
</tr>
<tr bgcolor="#D4E4F3">
<td>COOR_NORTE</td>
<td>2819656,9931</td>
</tr>
<tr>
<td>SITIO</td>
<td>T66</td>
</tr>
<tr bgcolor="#D4E4F3">
<td>Comunidad</td>
<td>Siború</td>
</tr>
<tr>
<td>AHUYENTAMIENTO DE FAUNA</td>
<td>NO</td>
</tr>
<tr bgcolor="#D4E4F3">
<td>DESPEJE TORRE</td>
<td>0</td>
</tr>
<tr>
<td>EXCAVACIÓN</td>
<td>0</td>
</tr>
<tr bgcolor="#D4E4F3">
<td>SOLADO</td>
<td>0</td>
</tr>
<tr>
<td>CIMENTACION</td>
<td>0</td>
</tr>
<tr bgcolor="#D4E4F3">
<td>ACERO DE REFUERZO</td>
<td>0</td>
</tr>
<tr>
<td>CONCRETO</td>
<td>0</td>
</tr>
<tr bgcolor="#D4E4F3">
<td>RELLENO Y COMPACTACIÓN</td>
<td>0</td>
</tr>
<tr>
<td>COOR_X</td>
<td>5095803,7401</td>
</tr>
<tr bgcolor="#D4E4F3">
<td>COOR_Y</td>
<td>2819656,9931</td>
</tr>
<tr>
<td>Text</td>
<td>Siború</td>
</tr>
<tr bgcolor="#D4E4F3">
<td>ObjectID</td>
<td>64</td>
</tr>
</table>
</td>
</tr>
</table>
</body><script type="text/javascript">
				function changeImage(attElement, nameElement) {
				document.getElementById('imageAttachment').src = attElement;
				document.getElementById('imageName').innerHTML = nameElement;}
			</script></html>
]]></description>
      <Point>
        <extrude>0</extrude><altitudeMode>clampToGround</altitudeMode>
        <coordinates> -72.12145466652503,11.41590665340576,0</coordinates>
      </Point>
    </Placemark>
    <Placemark id="ID_00074">
      <name>T67</name>
      <snippet></snippet>
      <description><![CDATA[<html xmlns:fo="http://www.w3.org/1999/XSL/Format" xmlns:msxsl="urn:schemas-microsoft-com:xslt">
<head>
<META http-equiv="Content-Type" content="text/html">
<meta http-equiv="content-type" content="text/html; charset=UTF-8">
</head>
<body style="margin:0px 0px 0px 0px;overflow:auto;background:#FFFFFF;">
<table style="font-family:Arial,Verdana,Times;font-size:12px;text-align:left;width:100%;border-collapse:collapse;padding:3px 3px 3px 3px">
<tr style="text-align:center;font-weight:bold;background:#9CBCE2">
<td></td>
</tr>
<tr>
<td>
<table style="font-family:Arial,Verdana,Times;font-size:12px;text-align:left;width:100%;border-spacing:0px; padding:3px 3px 3px 3px">
<tr>
<td>TIPO_INFRA</td>
<td>Torre</td>
</tr>
<tr bgcolor="#D4E4F3">
<td>ID_INFRA_PT</td>
<td>T67</td>
</tr>
<tr>
<td>COOR_ESTE</td>
<td>5095593,0133</td>
</tr>
<tr bgcolor="#D4E4F3">
<td>COOR_NORTE</td>
<td>2819258,109</td>
</tr>
<tr>
<td>SITIO</td>
<td>T67</td>
</tr>
<tr bgcolor="#D4E4F3">
<td>Comunidad</td>
<td>San Luis</td>
</tr>
<tr>
<td>AHUYENTAMIENTO DE FAUNA</td>
<td>NO</td>
</tr>
<tr bgcolor="#D4E4F3">
<td>DESPEJE TORRE</td>
<td>0</td>
</tr>
<tr>
<td>EXCAVACIÓN</td>
<td>0</td>
</tr>
<tr bgcolor="#D4E4F3">
<td>SOLADO</td>
<td>0</td>
</tr>
<tr>
<td>CIMENTACION</td>
<td>0</td>
</tr>
<tr bgcolor="#D4E4F3">
<td>ACERO DE REFUERZO</td>
<td>0</td>
</tr>
<tr>
<td>CONCRETO</td>
<td>0</td>
</tr>
<tr bgcolor="#D4E4F3">
<td>RELLENO Y COMPACTACIÓN</td>
<td>0</td>
</tr>
<tr>
<td>COOR_X</td>
<td>5095593,0133</td>
</tr>
<tr bgcolor="#D4E4F3">
<td>COOR_Y</td>
<td>2819258,109</td>
</tr>
<tr>
<td>Text</td>
<td>San Luis</td>
</tr>
<tr bgcolor="#D4E4F3">
<td>ObjectID</td>
<td>65</td>
</tr>
</table>
</td>
</tr>
</table>
</body><script type="text/javascript">
				function changeImage(attElement, nameElement) {
				document.getElementById('imageAttachment').src = attElement;
				document.getElementById('imageName').innerHTML = nameElement;}
			</script></html>
]]></description>
      <Point>
        <extrude>0</extrude><altitudeMode>clampToGround</altitudeMode>
        <coordinates> -72.12339800371939,11.41230400347638,0</coordinates>
      </Point>
    </Placemark>
    <Placemark id="ID_00075">
      <name>T68</name>
      <snippet></snippet>
      <description><![CDATA[<html xmlns:fo="http://www.w3.org/1999/XSL/Format" xmlns:msxsl="urn:schemas-microsoft-com:xslt">
<head>
<META http-equiv="Content-Type" content="text/html">
<meta http-equiv="content-type" content="text/html; charset=UTF-8">
</head>
<body style="margin:0px 0px 0px 0px;overflow:auto;background:#FFFFFF;">
<table style="font-family:Arial,Verdana,Times;font-size:12px;text-align:left;width:100%;border-collapse:collapse;padding:3px 3px 3px 3px">
<tr style="text-align:center;font-weight:bold;background:#9CBCE2">
<td></td>
</tr>
<tr>
<td>
<table style="font-family:Arial,Verdana,Times;font-size:12px;text-align:left;width:100%;border-spacing:0px; padding:3px 3px 3px 3px">
<tr>
<td>TIPO_INFRA</td>
<td>Torre</td>
</tr>
<tr bgcolor="#D4E4F3">
<td>ID_INFRA_PT</td>
<td>T68</td>
</tr>
<tr>
<td>COOR_ESTE</td>
<td>5095416,1015</td>
</tr>
<tr bgcolor="#D4E4F3">
<td>COOR_NORTE</td>
<td>2818867,5805</td>
</tr>
<tr>
<td>SITIO</td>
<td>T68</td>
</tr>
<tr bgcolor="#D4E4F3">
<td>Comunidad</td>
<td>San Luis</td>
</tr>
<tr>
<td>AHUYENTAMIENTO DE FAUNA</td>
<td>NO</td>
</tr>
<tr bgcolor="#D4E4F3">
<td>DESPEJE TORRE</td>
<td>0</td>
</tr>
<tr>
<td>EXCAVACIÓN</td>
<td>0</td>
</tr>
<tr bgcolor="#D4E4F3">
<td>SOLADO</td>
<td>0</td>
</tr>
<tr>
<td>CIMENTACION</td>
<td>0</td>
</tr>
<tr bgcolor="#D4E4F3">
<td>ACERO DE REFUERZO</td>
<td>0</td>
</tr>
<tr>
<td>CONCRETO</td>
<td>0</td>
</tr>
<tr bgcolor="#D4E4F3">
<td>RELLENO Y COMPACTACIÓN</td>
<td>0</td>
</tr>
<tr>
<td>COOR_X</td>
<td>5095416,1015</td>
</tr>
<tr bgcolor="#D4E4F3">
<td>COOR_Y</td>
<td>2818867,5805</td>
</tr>
<tr>
<td>Text</td>
<td>San Luis</td>
</tr>
<tr bgcolor="#D4E4F3">
<td>ObjectID</td>
<td>66</td>
</tr>
</table>
</td>
</tr>
</table>
</body><script type="text/javascript">
				function changeImage(attElement, nameElement) {
				document.getElementById('imageAttachment').src = attElement;
				document.getElementById('imageName').innerHTML = nameElement;}
			</script></html>
]]></description>
      <Point>
        <extrude>0</extrude><altitudeMode>clampToGround</altitudeMode>
        <coordinates> -72.12503099849826,11.40877599965466,0</coordinates>
      </Point>
    </Placemark>
    <Placemark id="ID_00076">
      <name>T69</name>
      <snippet></snippet>
      <description><![CDATA[<html xmlns:fo="http://www.w3.org/1999/XSL/Format" xmlns:msxsl="urn:schemas-microsoft-com:xslt">
<head>
<META http-equiv="Content-Type" content="text/html">
<meta http-equiv="content-type" content="text/html; charset=UTF-8">
</head>
<body style="margin:0px 0px 0px 0px;overflow:auto;background:#FFFFFF;">
<table style="font-family:Arial,Verdana,Times;font-size:12px;text-align:left;width:100%;border-collapse:collapse;padding:3px 3px 3px 3px">
<tr style="text-align:center;font-weight:bold;background:#9CBCE2">
<td></td>
</tr>
<tr>
<td>
<table style="font-family:Arial,Verdana,Times;font-size:12px;text-align:left;width:100%;border-spacing:0px; padding:3px 3px 3px 3px">
<tr>
<td>TIPO_INFRA</td>
<td>Torre</td>
</tr>
<tr bgcolor="#D4E4F3">
<td>ID_INFRA_PT</td>
<td>T69</td>
</tr>
<tr>
<td>COOR_ESTE</td>
<td>5095081,1939</td>
</tr>
<tr bgcolor="#D4E4F3">
<td>COOR_NORTE</td>
<td>2818572,9709</td>
</tr>
<tr>
<td>SITIO</td>
<td>T69</td>
</tr>
<tr bgcolor="#D4E4F3">
<td>Comunidad</td>
<td>San Luis</td>
</tr>
<tr>
<td>AHUYENTAMIENTO DE FAUNA</td>
<td>NO</td>
</tr>
<tr bgcolor="#D4E4F3">
<td>DESPEJE TORRE</td>
<td>0</td>
</tr>
<tr>
<td>EXCAVACIÓN</td>
<td>0</td>
</tr>
<tr bgcolor="#D4E4F3">
<td>SOLADO</td>
<td>0</td>
</tr>
<tr>
<td>CIMENTACION</td>
<td>0</td>
</tr>
<tr bgcolor="#D4E4F3">
<td>ACERO DE REFUERZO</td>
<td>0</td>
</tr>
<tr>
<td>CONCRETO</td>
<td>0</td>
</tr>
<tr bgcolor="#D4E4F3">
<td>RELLENO Y COMPACTACIÓN</td>
<td>0</td>
</tr>
<tr>
<td>COOR_X</td>
<td>5095081,1939</td>
</tr>
<tr bgcolor="#D4E4F3">
<td>COOR_Y</td>
<td>2818572,9709</td>
</tr>
<tr>
<td>Text</td>
<td>San Luis</td>
</tr>
<tr bgcolor="#D4E4F3">
<td>ObjectID</td>
<td>67</td>
</tr>
</table>
</td>
</tr>
</table>
</body><script type="text/javascript">
				function changeImage(attElement, nameElement) {
				document.getElementById('imageAttachment').src = attElement;
				document.getElementById('imageName').innerHTML = nameElement;}
			</script></html>
]]></description>
      <Point>
        <extrude>0</extrude><altitudeMode>clampToGround</altitudeMode>
        <coordinates> -72.1281099958002,11.40612000159697,0</coordinates>
      </Point>
    </Placemark>
    <Placemark id="ID_00077">
      <name>T70N</name>
      <snippet></snippet>
      <description><![CDATA[<html xmlns:fo="http://www.w3.org/1999/XSL/Format" xmlns:msxsl="urn:schemas-microsoft-com:xslt">
<head>
<META http-equiv="Content-Type" content="text/html">
<meta http-equiv="content-type" content="text/html; charset=UTF-8">
</head>
<body style="margin:0px 0px 0px 0px;overflow:auto;background:#FFFFFF;">
<table style="font-family:Arial,Verdana,Times;font-size:12px;text-align:left;width:100%;border-collapse:collapse;padding:3px 3px 3px 3px">
<tr style="text-align:center;font-weight:bold;background:#9CBCE2">
<td></td>
</tr>
<tr>
<td>
<table style="font-family:Arial,Verdana,Times;font-size:12px;text-align:left;width:100%;border-spacing:0px; padding:3px 3px 3px 3px">
<tr>
<td>TIPO_INFRA</td>
<td>Torre</td>
</tr>
<tr bgcolor="#D4E4F3">
<td>ID_INFRA_PT</td>
<td>T70N</td>
</tr>
<tr>
<td>COOR_ESTE</td>
<td>5094873,7555</td>
</tr>
<tr bgcolor="#D4E4F3">
<td>COOR_NORTE</td>
<td>2818253,6812</td>
</tr>
<tr>
<td>SITIO</td>
<td>T70N</td>
</tr>
<tr bgcolor="#D4E4F3">
<td>Comunidad</td>
<td>San Luis</td>
</tr>
<tr>
<td>AHUYENTAMIENTO DE FAUNA</td>
<td>NO</td>
</tr>
<tr bgcolor="#D4E4F3">
<td>DESPEJE TORRE</td>
<td>0</td>
</tr>
<tr>
<td>EXCAVACIÓN</td>
<td>0</td>
</tr>
<tr bgcolor="#D4E4F3">
<td>SOLADO</td>
<td>0</td>
</tr>
<tr>
<td>CIMENTACION</td>
<td>0</td>
</tr>
<tr bgcolor="#D4E4F3">
<td>ACERO DE REFUERZO</td>
<td>0</td>
</tr>
<tr>
<td>CONCRETO</td>
<td>0</td>
</tr>
<tr bgcolor="#D4E4F3">
<td>RELLENO Y COMPACTACIÓN</td>
<td>0</td>
</tr>
<tr>
<td>COOR_X</td>
<td>5094873,7555</td>
</tr>
<tr bgcolor="#D4E4F3">
<td>COOR_Y</td>
<td>2818253,6812</td>
</tr>
<tr>
<td>Text</td>
<td>San Luis</td>
</tr>
<tr bgcolor="#D4E4F3">
<td>ObjectID</td>
<td>68</td>
</tr>
</table>
</td>
</tr>
</table>
</body><script type="text/javascript">
				function changeImage(attElement, nameElement) {
				document.getElementById('imageAttachment').src = attElement;
				document.getElementById('imageName').innerHTML = nameElement;}
			</script></html>
]]></description>
      <Point>
        <extrude>0</extrude><altitudeMode>clampToGround</altitudeMode>
        <coordinates> -72.13002083378808,11.40323724236869,0</coordinates>
      </Point>
    </Placemark>
    <Placemark id="ID_00078">
      <name>T71</name>
      <snippet></snippet>
      <description><![CDATA[<html xmlns:fo="http://www.w3.org/1999/XSL/Format" xmlns:msxsl="urn:schemas-microsoft-com:xslt">
<head>
<META http-equiv="Content-Type" content="text/html">
<meta http-equiv="content-type" content="text/html; charset=UTF-8">
</head>
<body style="margin:0px 0px 0px 0px;overflow:auto;background:#FFFFFF;">
<table style="font-family:Arial,Verdana,Times;font-size:12px;text-align:left;width:100%;border-collapse:collapse;padding:3px 3px 3px 3px">
<tr style="text-align:center;font-weight:bold;background:#9CBCE2">
<td></td>
</tr>
<tr>
<td>
<table style="font-family:Arial,Verdana,Times;font-size:12px;text-align:left;width:100%;border-spacing:0px; padding:3px 3px 3px 3px">
<tr>
<td>TIPO_INFRA</td>
<td>Torre</td>
</tr>
<tr bgcolor="#D4E4F3">
<td>ID_INFRA_PT</td>
<td>T71</td>
</tr>
<tr>
<td>COOR_ESTE</td>
<td>5094645,2436</td>
</tr>
<tr bgcolor="#D4E4F3">
<td>COOR_NORTE</td>
<td>2817901,9583</td>
</tr>
<tr>
<td>SITIO</td>
<td>T71</td>
</tr>
<tr bgcolor="#D4E4F3">
<td>Comunidad</td>
<td>Chuluita</td>
</tr>
<tr>
<td>AHUYENTAMIENTO DE FAUNA</td>
<td>NO</td>
</tr>
<tr bgcolor="#D4E4F3">
<td>DESPEJE TORRE</td>
<td>0</td>
</tr>
<tr>
<td>EXCAVACIÓN</td>
<td>0</td>
</tr>
<tr bgcolor="#D4E4F3">
<td>SOLADO</td>
<td>0</td>
</tr>
<tr>
<td>CIMENTACION</td>
<td>0</td>
</tr>
<tr bgcolor="#D4E4F3">
<td>ACERO DE REFUERZO</td>
<td>0</td>
</tr>
<tr>
<td>CONCRETO</td>
<td>0</td>
</tr>
<tr bgcolor="#D4E4F3">
<td>RELLENO Y COMPACTACIÓN</td>
<td>0</td>
</tr>
<tr>
<td>COOR_X</td>
<td>5094645,2436</td>
</tr>
<tr bgcolor="#D4E4F3">
<td>COOR_Y</td>
<td>2817901,9583</td>
</tr>
<tr>
<td>Text</td>
<td>Chuluita</td>
</tr>
<tr bgcolor="#D4E4F3">
<td>ObjectID</td>
<td>69</td>
</tr>
</table>
</td>
</tr>
</table>
</body><script type="text/javascript">
				function changeImage(attElement, nameElement) {
				document.getElementById('imageAttachment').src = attElement;
				document.getElementById('imageName').innerHTML = nameElement;}
			</script></html>
]]></description>
      <Point>
        <extrude>0</extrude><altitudeMode>clampToGround</altitudeMode>
        <coordinates> -72.13212574611863,11.40006163644419,0</coordinates>
      </Point>
    </Placemark>
    <Placemark id="ID_00079">
      <name>T72</name>
      <snippet></snippet>
      <description><![CDATA[<html xmlns:fo="http://www.w3.org/1999/XSL/Format" xmlns:msxsl="urn:schemas-microsoft-com:xslt">
<head>
<META http-equiv="Content-Type" content="text/html">
<meta http-equiv="content-type" content="text/html; charset=UTF-8">
</head>
<body style="margin:0px 0px 0px 0px;overflow:auto;background:#FFFFFF;">
<table style="font-family:Arial,Verdana,Times;font-size:12px;text-align:left;width:100%;border-collapse:collapse;padding:3px 3px 3px 3px">
<tr style="text-align:center;font-weight:bold;background:#9CBCE2">
<td></td>
</tr>
<tr>
<td>
<table style="font-family:Arial,Verdana,Times;font-size:12px;text-align:left;width:100%;border-spacing:0px; padding:3px 3px 3px 3px">
<tr>
<td>TIPO_INFRA</td>
<td>Torre</td>
</tr>
<tr bgcolor="#D4E4F3">
<td>ID_INFRA_PT</td>
<td>T72</td>
</tr>
<tr>
<td>COOR_ESTE</td>
<td>5094455,0124</td>
</tr>
<tr bgcolor="#D4E4F3">
<td>COOR_NORTE</td>
<td>2817609,1562</td>
</tr>
<tr>
<td>SITIO</td>
<td>T72</td>
</tr>
<tr bgcolor="#D4E4F3">
<td>Comunidad</td>
<td>Chuluita</td>
</tr>
<tr>
<td>AHUYENTAMIENTO DE FAUNA</td>
<td>NO</td>
</tr>
<tr bgcolor="#D4E4F3">
<td>DESPEJE TORRE</td>
<td>0</td>
</tr>
<tr>
<td>EXCAVACIÓN</td>
<td>0</td>
</tr>
<tr bgcolor="#D4E4F3">
<td>SOLADO</td>
<td>0</td>
</tr>
<tr>
<td>CIMENTACION</td>
<td>0</td>
</tr>
<tr bgcolor="#D4E4F3">
<td>ACERO DE REFUERZO</td>
<td>0</td>
</tr>
<tr>
<td>CONCRETO</td>
<td>0</td>
</tr>
<tr bgcolor="#D4E4F3">
<td>RELLENO Y COMPACTACIÓN</td>
<td>0</td>
</tr>
<tr>
<td>COOR_X</td>
<td>5094455,0124</td>
</tr>
<tr bgcolor="#D4E4F3">
<td>COOR_Y</td>
<td>2817609,1562</td>
</tr>
<tr>
<td>Text</td>
<td>Chuluita</td>
</tr>
<tr bgcolor="#D4E4F3">
<td>ObjectID</td>
<td>70</td>
</tr>
</table>
</td>
</tr>
</table>
</body><script type="text/javascript">
				function changeImage(attElement, nameElement) {
				document.getElementById('imageAttachment').src = attElement;
				document.getElementById('imageName').innerHTML = nameElement;}
			</script></html>
]]></description>
      <Point>
        <extrude>0</extrude><altitudeMode>clampToGround</altitudeMode>
        <coordinates> -72.13387800316713,11.39741799501085,0</coordinates>
      </Point>
    </Placemark>
    <Placemark id="ID_00080">
      <name>T73</name>
      <snippet></snippet>
      <description><![CDATA[<html xmlns:fo="http://www.w3.org/1999/XSL/Format" xmlns:msxsl="urn:schemas-microsoft-com:xslt">
<head>
<META http-equiv="Content-Type" content="text/html">
<meta http-equiv="content-type" content="text/html; charset=UTF-8">
</head>
<body style="margin:0px 0px 0px 0px;overflow:auto;background:#FFFFFF;">
<table style="font-family:Arial,Verdana,Times;font-size:12px;text-align:left;width:100%;border-collapse:collapse;padding:3px 3px 3px 3px">
<tr style="text-align:center;font-weight:bold;background:#9CBCE2">
<td></td>
</tr>
<tr>
<td>
<table style="font-family:Arial,Verdana,Times;font-size:12px;text-align:left;width:100%;border-spacing:0px; padding:3px 3px 3px 3px">
<tr>
<td>TIPO_INFRA</td>
<td>Torre</td>
</tr>
<tr bgcolor="#D4E4F3">
<td>ID_INFRA_PT</td>
<td>T73</td>
</tr>
<tr>
<td>COOR_ESTE</td>
<td>5094220,37</td>
</tr>
<tr bgcolor="#D4E4F3">
<td>COOR_NORTE</td>
<td>2817295,4025</td>
</tr>
<tr>
<td>SITIO</td>
<td>T73</td>
</tr>
<tr bgcolor="#D4E4F3">
<td>Comunidad</td>
<td>Chuluita</td>
</tr>
<tr>
<td>AHUYENTAMIENTO DE FAUNA</td>
<td>NO</td>
</tr>
<tr bgcolor="#D4E4F3">
<td>DESPEJE TORRE</td>
<td>0</td>
</tr>
<tr>
<td>EXCAVACIÓN</td>
<td>0</td>
</tr>
<tr bgcolor="#D4E4F3">
<td>SOLADO</td>
<td>0</td>
</tr>
<tr>
<td>CIMENTACION</td>
<td>0</td>
</tr>
<tr bgcolor="#D4E4F3">
<td>ACERO DE REFUERZO</td>
<td>0</td>
</tr>
<tr>
<td>CONCRETO</td>
<td>0</td>
</tr>
<tr bgcolor="#D4E4F3">
<td>RELLENO Y COMPACTACIÓN</td>
<td>0</td>
</tr>
<tr>
<td>COOR_X</td>
<td>5094220,37</td>
</tr>
<tr bgcolor="#D4E4F3">
<td>COOR_Y</td>
<td>2817295,4025</td>
</tr>
<tr>
<td>Text</td>
<td>Chuluita</td>
</tr>
<tr bgcolor="#D4E4F3">
<td>ObjectID</td>
<td>71</td>
</tr>
</table>
</td>
</tr>
</table>
</body><script type="text/javascript">
				function changeImage(attElement, nameElement) {
				document.getElementById('imageAttachment').src = attElement;
				document.getElementById('imageName').innerHTML = nameElement;}
			</script></html>
]]></description>
      <Point>
        <extrude>0</extrude><altitudeMode>clampToGround</altitudeMode>
        <coordinates> -72.13603799951352,11.39458600198399,0</coordinates>
      </Point>
    </Placemark>
    <Placemark id="ID_00081">
      <name>T74</name>
      <snippet></snippet>
      <description><![CDATA[<html xmlns:fo="http://www.w3.org/1999/XSL/Format" xmlns:msxsl="urn:schemas-microsoft-com:xslt">
<head>
<META http-equiv="Content-Type" content="text/html">
<meta http-equiv="content-type" content="text/html; charset=UTF-8">
</head>
<body style="margin:0px 0px 0px 0px;overflow:auto;background:#FFFFFF;">
<table style="font-family:Arial,Verdana,Times;font-size:12px;text-align:left;width:100%;border-collapse:collapse;padding:3px 3px 3px 3px">
<tr style="text-align:center;font-weight:bold;background:#9CBCE2">
<td></td>
</tr>
<tr>
<td>
<table style="font-family:Arial,Verdana,Times;font-size:12px;text-align:left;width:100%;border-spacing:0px; padding:3px 3px 3px 3px">
<tr>
<td>TIPO_INFRA</td>
<td>Torre</td>
</tr>
<tr bgcolor="#D4E4F3">
<td>ID_INFRA_PT</td>
<td>T74</td>
</tr>
<tr>
<td>COOR_ESTE</td>
<td>5094107,0235</td>
</tr>
<tr bgcolor="#D4E4F3">
<td>COOR_NORTE</td>
<td>2816865,0575</td>
</tr>
<tr>
<td>SITIO</td>
<td>T74</td>
</tr>
<tr bgcolor="#D4E4F3">
<td>Comunidad</td>
<td>Chuluita</td>
</tr>
<tr>
<td>AHUYENTAMIENTO DE FAUNA</td>
<td>NO</td>
</tr>
<tr bgcolor="#D4E4F3">
<td>DESPEJE TORRE</td>
<td>0</td>
</tr>
<tr>
<td>EXCAVACIÓN</td>
<td>0</td>
</tr>
<tr bgcolor="#D4E4F3">
<td>SOLADO</td>
<td>0</td>
</tr>
<tr>
<td>CIMENTACION</td>
<td>0</td>
</tr>
<tr bgcolor="#D4E4F3">
<td>ACERO DE REFUERZO</td>
<td>0</td>
</tr>
<tr>
<td>CONCRETO</td>
<td>0</td>
</tr>
<tr bgcolor="#D4E4F3">
<td>RELLENO Y COMPACTACIÓN</td>
<td>0</td>
</tr>
<tr>
<td>COOR_X</td>
<td>5094107,0235</td>
</tr>
<tr bgcolor="#D4E4F3">
<td>COOR_Y</td>
<td>2816865,0575</td>
</tr>
<tr>
<td>Text</td>
<td>Chuluita</td>
</tr>
<tr bgcolor="#D4E4F3">
<td>ObjectID</td>
<td>72</td>
</tr>
</table>
</td>
</tr>
</table>
</body><script type="text/javascript">
				function changeImage(attElement, nameElement) {
				document.getElementById('imageAttachment').src = attElement;
				document.getElementById('imageName').innerHTML = nameElement;}
			</script></html>
]]></description>
      <Point>
        <extrude>0</extrude><altitudeMode>clampToGround</altitudeMode>
        <coordinates> -72.13708899744823,11.39069600051684,0</coordinates>
      </Point>
    </Placemark>
    <Placemark id="ID_00082">
      <name>T75</name>
      <snippet></snippet>
      <description><![CDATA[<html xmlns:fo="http://www.w3.org/1999/XSL/Format" xmlns:msxsl="urn:schemas-microsoft-com:xslt">
<head>
<META http-equiv="Content-Type" content="text/html">
<meta http-equiv="content-type" content="text/html; charset=UTF-8">
</head>
<body style="margin:0px 0px 0px 0px;overflow:auto;background:#FFFFFF;">
<table style="font-family:Arial,Verdana,Times;font-size:12px;text-align:left;width:100%;border-collapse:collapse;padding:3px 3px 3px 3px">
<tr style="text-align:center;font-weight:bold;background:#9CBCE2">
<td></td>
</tr>
<tr>
<td>
<table style="font-family:Arial,Verdana,Times;font-size:12px;text-align:left;width:100%;border-spacing:0px; padding:3px 3px 3px 3px">
<tr>
<td>TIPO_INFRA</td>
<td>Torre</td>
</tr>
<tr bgcolor="#D4E4F3">
<td>ID_INFRA_PT</td>
<td>T75</td>
</tr>
<tr>
<td>COOR_ESTE</td>
<td>5093768,2644</td>
</tr>
<tr bgcolor="#D4E4F3">
<td>COOR_NORTE</td>
<td>2816415,1297</td>
</tr>
<tr>
<td>SITIO</td>
<td>T75</td>
</tr>
<tr bgcolor="#D4E4F3">
<td>Comunidad</td>
<td>Urraichipa</td>
</tr>
<tr>
<td>AHUYENTAMIENTO DE FAUNA</td>
<td>NO</td>
</tr>
<tr bgcolor="#D4E4F3">
<td>DESPEJE TORRE</td>
<td>0</td>
</tr>
<tr>
<td>EXCAVACIÓN</td>
<td>0</td>
</tr>
<tr bgcolor="#D4E4F3">
<td>SOLADO</td>
<td>0</td>
</tr>
<tr>
<td>CIMENTACION</td>
<td>0</td>
</tr>
<tr bgcolor="#D4E4F3">
<td>ACERO DE REFUERZO</td>
<td>0</td>
</tr>
<tr>
<td>CONCRETO</td>
<td>0</td>
</tr>
<tr bgcolor="#D4E4F3">
<td>RELLENO Y COMPACTACIÓN</td>
<td>0</td>
</tr>
<tr>
<td>COOR_X</td>
<td>5093768,2644</td>
</tr>
<tr bgcolor="#D4E4F3">
<td>COOR_Y</td>
<td>2816415,1297</td>
</tr>
<tr>
<td>Text</td>
<td>Urraichipa</td>
</tr>
<tr bgcolor="#D4E4F3">
<td>ObjectID</td>
<td>73</td>
</tr>
</table>
</td>
</tr>
</table>
</body><script type="text/javascript">
				function changeImage(attElement, nameElement) {
				document.getElementById('imageAttachment').src = attElement;
				document.getElementById('imageName').innerHTML = nameElement;}
			</script></html>
]]></description>
      <Point>
        <extrude>0</extrude><altitudeMode>clampToGround</altitudeMode>
        <coordinates> -72.14020721766813,11.38663488814529,0</coordinates>
      </Point>
    </Placemark>
    <Placemark id="ID_00083">
      <name>T76</name>
      <snippet></snippet>
      <description><![CDATA[<html xmlns:fo="http://www.w3.org/1999/XSL/Format" xmlns:msxsl="urn:schemas-microsoft-com:xslt">
<head>
<META http-equiv="Content-Type" content="text/html">
<meta http-equiv="content-type" content="text/html; charset=UTF-8">
</head>
<body style="margin:0px 0px 0px 0px;overflow:auto;background:#FFFFFF;">
<table style="font-family:Arial,Verdana,Times;font-size:12px;text-align:left;width:100%;border-collapse:collapse;padding:3px 3px 3px 3px">
<tr style="text-align:center;font-weight:bold;background:#9CBCE2">
<td></td>
</tr>
<tr>
<td>
<table style="font-family:Arial,Verdana,Times;font-size:12px;text-align:left;width:100%;border-spacing:0px; padding:3px 3px 3px 3px">
<tr>
<td>TIPO_INFRA</td>
<td>Torre</td>
</tr>
<tr bgcolor="#D4E4F3">
<td>ID_INFRA_PT</td>
<td>T76</td>
</tr>
<tr>
<td>COOR_ESTE</td>
<td>5093620,609</td>
</tr>
<tr bgcolor="#D4E4F3">
<td>COOR_NORTE</td>
<td>2816097,6074</td>
</tr>
<tr>
<td>SITIO</td>
<td>T76</td>
</tr>
<tr bgcolor="#D4E4F3">
<td>Comunidad</td>
<td>Urraichipa</td>
</tr>
<tr>
<td>AHUYENTAMIENTO DE FAUNA</td>
<td>NO</td>
</tr>
<tr bgcolor="#D4E4F3">
<td>DESPEJE TORRE</td>
<td>0</td>
</tr>
<tr>
<td>EXCAVACIÓN</td>
<td>0</td>
</tr>
<tr bgcolor="#D4E4F3">
<td>SOLADO</td>
<td>0</td>
</tr>
<tr>
<td>CIMENTACION</td>
<td>0</td>
</tr>
<tr bgcolor="#D4E4F3">
<td>ACERO DE REFUERZO</td>
<td>0</td>
</tr>
<tr>
<td>CONCRETO</td>
<td>0</td>
</tr>
<tr bgcolor="#D4E4F3">
<td>RELLENO Y COMPACTACIÓN</td>
<td>0</td>
</tr>
<tr>
<td>COOR_X</td>
<td>5093620,609</td>
</tr>
<tr bgcolor="#D4E4F3">
<td>COOR_Y</td>
<td>2816097,6074</td>
</tr>
<tr>
<td>Text</td>
<td>Urraichipa</td>
</tr>
<tr bgcolor="#D4E4F3">
<td>ObjectID</td>
<td>74</td>
</tr>
</table>
</td>
</tr>
</table>
</body><script type="text/javascript">
				function changeImage(attElement, nameElement) {
				document.getElementById('imageAttachment').src = attElement;
				document.getElementById('imageName').innerHTML = nameElement;}
			</script></html>
]]></description>
      <Point>
        <extrude>0</extrude><altitudeMode>clampToGround</altitudeMode>
        <coordinates> -72.14156962469809,11.3837664177417,0</coordinates>
      </Point>
    </Placemark>
    <Placemark id="ID_00084">
      <name>T77</name>
      <snippet></snippet>
      <description><![CDATA[<html xmlns:fo="http://www.w3.org/1999/XSL/Format" xmlns:msxsl="urn:schemas-microsoft-com:xslt">
<head>
<META http-equiv="Content-Type" content="text/html">
<meta http-equiv="content-type" content="text/html; charset=UTF-8">
</head>
<body style="margin:0px 0px 0px 0px;overflow:auto;background:#FFFFFF;">
<table style="font-family:Arial,Verdana,Times;font-size:12px;text-align:left;width:100%;border-collapse:collapse;padding:3px 3px 3px 3px">
<tr style="text-align:center;font-weight:bold;background:#9CBCE2">
<td></td>
</tr>
<tr>
<td>
<table style="font-family:Arial,Verdana,Times;font-size:12px;text-align:left;width:100%;border-spacing:0px; padding:3px 3px 3px 3px">
<tr>
<td>TIPO_INFRA</td>
<td>Torre</td>
</tr>
<tr bgcolor="#D4E4F3">
<td>ID_INFRA_PT</td>
<td>T77</td>
</tr>
<tr>
<td>COOR_ESTE</td>
<td>5093382,6271</td>
</tr>
<tr bgcolor="#D4E4F3">
<td>COOR_NORTE</td>
<td>2815722,1296</td>
</tr>
<tr>
<td>SITIO</td>
<td>T77</td>
</tr>
<tr bgcolor="#D4E4F3">
<td>Comunidad</td>
<td>Urraichipa</td>
</tr>
<tr>
<td>AHUYENTAMIENTO DE FAUNA</td>
<td>NO</td>
</tr>
<tr bgcolor="#D4E4F3">
<td>DESPEJE TORRE</td>
<td>0</td>
</tr>
<tr>
<td>EXCAVACIÓN</td>
<td>0</td>
</tr>
<tr bgcolor="#D4E4F3">
<td>SOLADO</td>
<td>0</td>
</tr>
<tr>
<td>CIMENTACION</td>
<td>0</td>
</tr>
<tr bgcolor="#D4E4F3">
<td>ACERO DE REFUERZO</td>
<td>0</td>
</tr>
<tr>
<td>CONCRETO</td>
<td>0</td>
</tr>
<tr bgcolor="#D4E4F3">
<td>RELLENO Y COMPACTACIÓN</td>
<td>0</td>
</tr>
<tr>
<td>COOR_X</td>
<td>5093382,6271</td>
</tr>
<tr bgcolor="#D4E4F3">
<td>COOR_Y</td>
<td>2815722,1296</td>
</tr>
<tr>
<td>Text</td>
<td>Urraichipa</td>
</tr>
<tr bgcolor="#D4E4F3">
<td>ObjectID</td>
<td>75</td>
</tr>
</table>
</td>
</tr>
</table>
</body><script type="text/javascript">
				function changeImage(attElement, nameElement) {
				document.getElementById('imageAttachment').src = attElement;
				document.getElementById('imageName').innerHTML = nameElement;}
			</script></html>
]]></description>
      <Point>
        <extrude>0</extrude><altitudeMode>clampToGround</altitudeMode>
        <coordinates> -72.14376172300854,11.38037606201842,0</coordinates>
      </Point>
    </Placemark>
    <Placemark id="ID_00085">
      <name>T78</name>
      <snippet></snippet>
      <description><![CDATA[<html xmlns:fo="http://www.w3.org/1999/XSL/Format" xmlns:msxsl="urn:schemas-microsoft-com:xslt">
<head>
<META http-equiv="Content-Type" content="text/html">
<meta http-equiv="content-type" content="text/html; charset=UTF-8">
</head>
<body style="margin:0px 0px 0px 0px;overflow:auto;background:#FFFFFF;">
<table style="font-family:Arial,Verdana,Times;font-size:12px;text-align:left;width:100%;border-collapse:collapse;padding:3px 3px 3px 3px">
<tr style="text-align:center;font-weight:bold;background:#9CBCE2">
<td></td>
</tr>
<tr>
<td>
<table style="font-family:Arial,Verdana,Times;font-size:12px;text-align:left;width:100%;border-spacing:0px; padding:3px 3px 3px 3px">
<tr>
<td>TIPO_INFRA</td>
<td>Torre</td>
</tr>
<tr bgcolor="#D4E4F3">
<td>ID_INFRA_PT</td>
<td>T78</td>
</tr>
<tr>
<td>COOR_ESTE</td>
<td>5093178,71</td>
</tr>
<tr bgcolor="#D4E4F3">
<td>COOR_NORTE</td>
<td>2815400,3992</td>
</tr>
<tr>
<td>SITIO</td>
<td>T78</td>
</tr>
<tr bgcolor="#D4E4F3">
<td>Comunidad</td>
<td>Urraichipa</td>
</tr>
<tr>
<td>AHUYENTAMIENTO DE FAUNA</td>
<td>NO</td>
</tr>
<tr bgcolor="#D4E4F3">
<td>DESPEJE TORRE</td>
<td>0</td>
</tr>
<tr>
<td>EXCAVACIÓN</td>
<td>0</td>
</tr>
<tr bgcolor="#D4E4F3">
<td>SOLADO</td>
<td>0</td>
</tr>
<tr>
<td>CIMENTACION</td>
<td>0</td>
</tr>
<tr bgcolor="#D4E4F3">
<td>ACERO DE REFUERZO</td>
<td>0</td>
</tr>
<tr>
<td>CONCRETO</td>
<td>0</td>
</tr>
<tr bgcolor="#D4E4F3">
<td>RELLENO Y COMPACTACIÓN</td>
<td>0</td>
</tr>
<tr>
<td>COOR_X</td>
<td>5093178,71</td>
</tr>
<tr bgcolor="#D4E4F3">
<td>COOR_Y</td>
<td>2815400,3992</td>
</tr>
<tr>
<td>Text</td>
<td>Urraichipa</td>
</tr>
<tr bgcolor="#D4E4F3">
<td>ObjectID</td>
<td>76</td>
</tr>
</table>
</td>
</tr>
</table>
</body><script type="text/javascript">
				function changeImage(attElement, nameElement) {
				document.getElementById('imageAttachment').src = attElement;
				document.getElementById('imageName').innerHTML = nameElement;}
			</script></html>
]]></description>
      <Point>
        <extrude>0</extrude><altitudeMode>clampToGround</altitudeMode>
        <coordinates> -72.14564000098889,11.37747099886094,0</coordinates>
      </Point>
    </Placemark>
    <Placemark id="ID_00086">
      <name>T79N</name>
      <snippet></snippet>
      <description><![CDATA[<html xmlns:fo="http://www.w3.org/1999/XSL/Format" xmlns:msxsl="urn:schemas-microsoft-com:xslt">
<head>
<META http-equiv="Content-Type" content="text/html">
<meta http-equiv="content-type" content="text/html; charset=UTF-8">
</head>
<body style="margin:0px 0px 0px 0px;overflow:auto;background:#FFFFFF;">
<table style="font-family:Arial,Verdana,Times;font-size:12px;text-align:left;width:100%;border-collapse:collapse;padding:3px 3px 3px 3px">
<tr style="text-align:center;font-weight:bold;background:#9CBCE2">
<td></td>
</tr>
<tr>
<td>
<table style="font-family:Arial,Verdana,Times;font-size:12px;text-align:left;width:100%;border-spacing:0px; padding:3px 3px 3px 3px">
<tr>
<td>TIPO_INFRA</td>
<td>Torre</td>
</tr>
<tr bgcolor="#D4E4F3">
<td>ID_INFRA_PT</td>
<td>T79N</td>
</tr>
<tr>
<td>COOR_ESTE</td>
<td>5093029,5131</td>
</tr>
<tr bgcolor="#D4E4F3">
<td>COOR_NORTE</td>
<td>2815080,1058</td>
</tr>
<tr>
<td>SITIO</td>
<td>T79N</td>
</tr>
<tr bgcolor="#D4E4F3">
<td>Comunidad</td>
<td>Urraichipa</td>
</tr>
<tr>
<td>AHUYENTAMIENTO DE FAUNA</td>
<td>NO</td>
</tr>
<tr bgcolor="#D4E4F3">
<td>DESPEJE TORRE</td>
<td>0</td>
</tr>
<tr>
<td>EXCAVACIÓN</td>
<td>0</td>
</tr>
<tr bgcolor="#D4E4F3">
<td>SOLADO</td>
<td>0</td>
</tr>
<tr>
<td>CIMENTACION</td>
<td>0</td>
</tr>
<tr bgcolor="#D4E4F3">
<td>ACERO DE REFUERZO</td>
<td>0</td>
</tr>
<tr>
<td>CONCRETO</td>
<td>0</td>
</tr>
<tr bgcolor="#D4E4F3">
<td>RELLENO Y COMPACTACIÓN</td>
<td>0</td>
</tr>
<tr>
<td>COOR_X</td>
<td>5093029,5131</td>
</tr>
<tr bgcolor="#D4E4F3">
<td>COOR_Y</td>
<td>2815080,1058</td>
</tr>
<tr>
<td>Text</td>
<td>Urraichipa</td>
</tr>
<tr bgcolor="#D4E4F3">
<td>ObjectID</td>
<td>77</td>
</tr>
</table>
</td>
</tr>
</table>
</body><script type="text/javascript">
				function changeImage(attElement, nameElement) {
				document.getElementById('imageAttachment').src = attElement;
				document.getElementById('imageName').innerHTML = nameElement;}
			</script></html>
]]></description>
      <Point>
        <extrude>0</extrude><altitudeMode>clampToGround</altitudeMode>
        <coordinates> -72.14701651253705,11.37457746694678,0</coordinates>
      </Point>
    </Placemark>
    <Placemark id="ID_00087">
      <name>T80</name>
      <snippet></snippet>
      <description><![CDATA[<html xmlns:fo="http://www.w3.org/1999/XSL/Format" xmlns:msxsl="urn:schemas-microsoft-com:xslt">
<head>
<META http-equiv="Content-Type" content="text/html">
<meta http-equiv="content-type" content="text/html; charset=UTF-8">
</head>
<body style="margin:0px 0px 0px 0px;overflow:auto;background:#FFFFFF;">
<table style="font-family:Arial,Verdana,Times;font-size:12px;text-align:left;width:100%;border-collapse:collapse;padding:3px 3px 3px 3px">
<tr style="text-align:center;font-weight:bold;background:#9CBCE2">
<td></td>
</tr>
<tr>
<td>
<table style="font-family:Arial,Verdana,Times;font-size:12px;text-align:left;width:100%;border-spacing:0px; padding:3px 3px 3px 3px">
<tr>
<td>TIPO_INFRA</td>
<td>Torre</td>
</tr>
<tr bgcolor="#D4E4F3">
<td>ID_INFRA_PT</td>
<td>T80</td>
</tr>
<tr>
<td>COOR_ESTE</td>
<td>5092870,2898</td>
</tr>
<tr bgcolor="#D4E4F3">
<td>COOR_NORTE</td>
<td>2814738,2885</td>
</tr>
<tr>
<td>SITIO</td>
<td>T80</td>
</tr>
<tr bgcolor="#D4E4F3">
<td>Comunidad</td>
<td>Jaipachon</td>
</tr>
<tr>
<td>AHUYENTAMIENTO DE FAUNA</td>
<td>NO</td>
</tr>
<tr bgcolor="#D4E4F3">
<td>DESPEJE TORRE</td>
<td>0</td>
</tr>
<tr>
<td>EXCAVACIÓN</td>
<td>0</td>
</tr>
<tr bgcolor="#D4E4F3">
<td>SOLADO</td>
<td>0</td>
</tr>
<tr>
<td>CIMENTACION</td>
<td>0</td>
</tr>
<tr bgcolor="#D4E4F3">
<td>ACERO DE REFUERZO</td>
<td>0</td>
</tr>
<tr>
<td>CONCRETO</td>
<td>0</td>
</tr>
<tr bgcolor="#D4E4F3">
<td>RELLENO Y COMPACTACIÓN</td>
<td>0</td>
</tr>
<tr>
<td>COOR_X</td>
<td>5092870,2898</td>
</tr>
<tr bgcolor="#D4E4F3">
<td>COOR_Y</td>
<td>2814738,2885</td>
</tr>
<tr>
<td>Text</td>
<td>Jaipachon</td>
</tr>
<tr bgcolor="#D4E4F3">
<td>ObjectID</td>
<td>78</td>
</tr>
</table>
</td>
</tr>
</table>
</body><script type="text/javascript">
				function changeImage(attElement, nameElement) {
				document.getElementById('imageAttachment').src = attElement;
				document.getElementById('imageName').innerHTML = nameElement;}
			</script></html>
]]></description>
      <Point>
        <extrude>0</extrude><altitudeMode>clampToGround</altitudeMode>
        <coordinates> -72.14848549652427,11.37148947810984,0</coordinates>
      </Point>
    </Placemark>
    <Placemark id="ID_00088">
      <name>T81</name>
      <snippet></snippet>
      <description><![CDATA[<html xmlns:fo="http://www.w3.org/1999/XSL/Format" xmlns:msxsl="urn:schemas-microsoft-com:xslt">
<head>
<META http-equiv="Content-Type" content="text/html">
<meta http-equiv="content-type" content="text/html; charset=UTF-8">
</head>
<body style="margin:0px 0px 0px 0px;overflow:auto;background:#FFFFFF;">
<table style="font-family:Arial,Verdana,Times;font-size:12px;text-align:left;width:100%;border-collapse:collapse;padding:3px 3px 3px 3px">
<tr style="text-align:center;font-weight:bold;background:#9CBCE2">
<td></td>
</tr>
<tr>
<td>
<table style="font-family:Arial,Verdana,Times;font-size:12px;text-align:left;width:100%;border-spacing:0px; padding:3px 3px 3px 3px">
<tr>
<td>TIPO_INFRA</td>
<td>Torre</td>
</tr>
<tr bgcolor="#D4E4F3">
<td>ID_INFRA_PT</td>
<td>T81</td>
</tr>
<tr>
<td>COOR_ESTE</td>
<td>5092694,7477</td>
</tr>
<tr bgcolor="#D4E4F3">
<td>COOR_NORTE</td>
<td>2814361,4393</td>
</tr>
<tr>
<td>SITIO</td>
<td>T81</td>
</tr>
<tr bgcolor="#D4E4F3">
<td>Comunidad</td>
<td>Jaipachon</td>
</tr>
<tr>
<td>AHUYENTAMIENTO DE FAUNA</td>
<td>NO</td>
</tr>
<tr bgcolor="#D4E4F3">
<td>DESPEJE TORRE</td>
<td>0</td>
</tr>
<tr>
<td>EXCAVACIÓN</td>
<td>0</td>
</tr>
<tr bgcolor="#D4E4F3">
<td>SOLADO</td>
<td>0</td>
</tr>
<tr>
<td>CIMENTACION</td>
<td>0</td>
</tr>
<tr bgcolor="#D4E4F3">
<td>ACERO DE REFUERZO</td>
<td>0</td>
</tr>
<tr>
<td>CONCRETO</td>
<td>0</td>
</tr>
<tr bgcolor="#D4E4F3">
<td>RELLENO Y COMPACTACIÓN</td>
<td>0</td>
</tr>
<tr>
<td>COOR_X</td>
<td>5092694,7477</td>
</tr>
<tr bgcolor="#D4E4F3">
<td>COOR_Y</td>
<td>2814361,4393</td>
</tr>
<tr>
<td>Text</td>
<td>Jaipachon</td>
</tr>
<tr bgcolor="#D4E4F3">
<td>ObjectID</td>
<td>79</td>
</tr>
</table>
</td>
</tr>
</table>
</body><script type="text/javascript">
				function changeImage(attElement, nameElement) {
				document.getElementById('imageAttachment').src = attElement;
				document.getElementById('imageName').innerHTML = nameElement;}
			</script></html>
]]></description>
      <Point>
        <extrude>0</extrude><altitudeMode>clampToGround</altitudeMode>
        <coordinates> -72.15010499779218,11.3680849980643,0</coordinates>
      </Point>
    </Placemark>
    <Placemark id="ID_00089">
      <name>T82</name>
      <snippet></snippet>
      <description><![CDATA[<html xmlns:fo="http://www.w3.org/1999/XSL/Format" xmlns:msxsl="urn:schemas-microsoft-com:xslt">
<head>
<META http-equiv="Content-Type" content="text/html">
<meta http-equiv="content-type" content="text/html; charset=UTF-8">
</head>
<body style="margin:0px 0px 0px 0px;overflow:auto;background:#FFFFFF;">
<table style="font-family:Arial,Verdana,Times;font-size:12px;text-align:left;width:100%;border-collapse:collapse;padding:3px 3px 3px 3px">
<tr style="text-align:center;font-weight:bold;background:#9CBCE2">
<td></td>
</tr>
<tr>
<td>
<table style="font-family:Arial,Verdana,Times;font-size:12px;text-align:left;width:100%;border-spacing:0px; padding:3px 3px 3px 3px">
<tr>
<td>TIPO_INFRA</td>
<td>Torre</td>
</tr>
<tr bgcolor="#D4E4F3">
<td>ID_INFRA_PT</td>
<td>T82</td>
</tr>
<tr>
<td>COOR_ESTE</td>
<td>5092534,921</td>
</tr>
<tr bgcolor="#D4E4F3">
<td>COOR_NORTE</td>
<td>2814020,2118</td>
</tr>
<tr>
<td>SITIO</td>
<td>T82</td>
</tr>
<tr bgcolor="#D4E4F3">
<td>Comunidad</td>
<td>Predio Farallones</td>
</tr>
<tr>
<td>AHUYENTAMIENTO DE FAUNA</td>
<td>NO</td>
</tr>
<tr bgcolor="#D4E4F3">
<td>DESPEJE TORRE</td>
<td>0</td>
</tr>
<tr>
<td>EXCAVACIÓN</td>
<td>0</td>
</tr>
<tr bgcolor="#D4E4F3">
<td>SOLADO</td>
<td>0</td>
</tr>
<tr>
<td>CIMENTACION</td>
<td>0</td>
</tr>
<tr bgcolor="#D4E4F3">
<td>ACERO DE REFUERZO</td>
<td>0</td>
</tr>
<tr>
<td>CONCRETO</td>
<td>0</td>
</tr>
<tr bgcolor="#D4E4F3">
<td>RELLENO Y COMPACTACIÓN</td>
<td>0</td>
</tr>
<tr>
<td>COOR_X</td>
<td>5092534,921</td>
</tr>
<tr bgcolor="#D4E4F3">
<td>COOR_Y</td>
<td>2814020,2118</td>
</tr>
<tr>
<td>Text</td>
<td>#N/A</td>
</tr>
<tr bgcolor="#D4E4F3">
<td>ObjectID</td>
<td>80</td>
</tr>
</table>
</td>
</tr>
</table>
</body><script type="text/javascript">
				function changeImage(attElement, nameElement) {
				document.getElementById('imageAttachment').src = attElement;
				document.getElementById('imageName').innerHTML = nameElement;}
			</script></html>
]]></description>
      <Point>
        <extrude>0</extrude><altitudeMode>clampToGround</altitudeMode>
        <coordinates> -72.15157942739043,11.36500233919706,0</coordinates>
      </Point>
    </Placemark>
    <Placemark id="ID_00090">
      <name>T83</name>
      <snippet></snippet>
      <description><![CDATA[<html xmlns:fo="http://www.w3.org/1999/XSL/Format" xmlns:msxsl="urn:schemas-microsoft-com:xslt">
<head>
<META http-equiv="Content-Type" content="text/html">
<meta http-equiv="content-type" content="text/html; charset=UTF-8">
</head>
<body style="margin:0px 0px 0px 0px;overflow:auto;background:#FFFFFF;">
<table style="font-family:Arial,Verdana,Times;font-size:12px;text-align:left;width:100%;border-collapse:collapse;padding:3px 3px 3px 3px">
<tr style="text-align:center;font-weight:bold;background:#9CBCE2">
<td></td>
</tr>
<tr>
<td>
<table style="font-family:Arial,Verdana,Times;font-size:12px;text-align:left;width:100%;border-spacing:0px; padding:3px 3px 3px 3px">
<tr>
<td>TIPO_INFRA</td>
<td>Torre</td>
</tr>
<tr bgcolor="#D4E4F3">
<td>ID_INFRA_PT</td>
<td>T83</td>
</tr>
<tr>
<td>COOR_ESTE</td>
<td>5092342,8446</td>
</tr>
<tr bgcolor="#D4E4F3">
<td>COOR_NORTE</td>
<td>2813610,1356</td>
</tr>
<tr>
<td>SITIO</td>
<td>T83</td>
</tr>
<tr bgcolor="#D4E4F3">
<td>Comunidad</td>
<td>Predio Farallones</td>
</tr>
<tr>
<td>AHUYENTAMIENTO DE FAUNA</td>
<td>NO</td>
</tr>
<tr bgcolor="#D4E4F3">
<td>DESPEJE TORRE</td>
<td>0</td>
</tr>
<tr>
<td>EXCAVACIÓN</td>
<td>0</td>
</tr>
<tr bgcolor="#D4E4F3">
<td>SOLADO</td>
<td>0</td>
</tr>
<tr>
<td>CIMENTACION</td>
<td>0</td>
</tr>
<tr bgcolor="#D4E4F3">
<td>ACERO DE REFUERZO</td>
<td>0</td>
</tr>
<tr>
<td>CONCRETO</td>
<td>0</td>
</tr>
<tr bgcolor="#D4E4F3">
<td>RELLENO Y COMPACTACIÓN</td>
<td>0</td>
</tr>
<tr>
<td>COOR_X</td>
<td>5092342,8446</td>
</tr>
<tr bgcolor="#D4E4F3">
<td>COOR_Y</td>
<td>2813610,1356</td>
</tr>
<tr>
<td>Text</td>
<td>#N/A</td>
</tr>
<tr bgcolor="#D4E4F3">
<td>ObjectID</td>
<td>81</td>
</tr>
</table>
</td>
</tr>
</table>
</body><script type="text/javascript">
				function changeImage(attElement, nameElement) {
				document.getElementById('imageAttachment').src = attElement;
				document.getElementById('imageName').innerHTML = nameElement;}
			</script></html>
]]></description>
      <Point>
        <extrude>0</extrude><altitudeMode>clampToGround</altitudeMode>
        <coordinates> -72.15335132163898,11.36129768566738,0</coordinates>
      </Point>
    </Placemark>
    <Placemark id="ID_00091">
      <name>T84</name>
      <snippet></snippet>
      <description><![CDATA[<html xmlns:fo="http://www.w3.org/1999/XSL/Format" xmlns:msxsl="urn:schemas-microsoft-com:xslt">
<head>
<META http-equiv="Content-Type" content="text/html">
<meta http-equiv="content-type" content="text/html; charset=UTF-8">
</head>
<body style="margin:0px 0px 0px 0px;overflow:auto;background:#FFFFFF;">
<table style="font-family:Arial,Verdana,Times;font-size:12px;text-align:left;width:100%;border-collapse:collapse;padding:3px 3px 3px 3px">
<tr style="text-align:center;font-weight:bold;background:#9CBCE2">
<td></td>
</tr>
<tr>
<td>
<table style="font-family:Arial,Verdana,Times;font-size:12px;text-align:left;width:100%;border-spacing:0px; padding:3px 3px 3px 3px">
<tr>
<td>TIPO_INFRA</td>
<td>Torre</td>
</tr>
<tr bgcolor="#D4E4F3">
<td>ID_INFRA_PT</td>
<td>T84</td>
</tr>
<tr>
<td>COOR_ESTE</td>
<td>5092151,4039</td>
</tr>
<tr bgcolor="#D4E4F3">
<td>COOR_NORTE</td>
<td>2813201,4172</td>
</tr>
<tr>
<td>SITIO</td>
<td>T84</td>
</tr>
<tr bgcolor="#D4E4F3">
<td>Comunidad</td>
<td>Predio Farallones</td>
</tr>
<tr>
<td>AHUYENTAMIENTO DE FAUNA</td>
<td>NO</td>
</tr>
<tr bgcolor="#D4E4F3">
<td>DESPEJE TORRE</td>
<td>0</td>
</tr>
<tr>
<td>EXCAVACIÓN</td>
<td>0</td>
</tr>
<tr bgcolor="#D4E4F3">
<td>SOLADO</td>
<td>0</td>
</tr>
<tr>
<td>CIMENTACION</td>
<td>0</td>
</tr>
<tr bgcolor="#D4E4F3">
<td>ACERO DE REFUERZO</td>
<td>0</td>
</tr>
<tr>
<td>CONCRETO</td>
<td>0</td>
</tr>
<tr bgcolor="#D4E4F3">
<td>RELLENO Y COMPACTACIÓN</td>
<td>0</td>
</tr>
<tr>
<td>COOR_X</td>
<td>5092151,4039</td>
</tr>
<tr bgcolor="#D4E4F3">
<td>COOR_Y</td>
<td>2813201,4172</td>
</tr>
<tr>
<td>Text</td>
<td>#N/A</td>
</tr>
<tr bgcolor="#D4E4F3">
<td>ObjectID</td>
<td>82</td>
</tr>
</table>
</td>
</tr>
</table>
</body><script type="text/javascript">
				function changeImage(attElement, nameElement) {
				document.getElementById('imageAttachment').src = attElement;
				document.getElementById('imageName').innerHTML = nameElement;}
			</script></html>
]]></description>
      <Point>
        <extrude>0</extrude><altitudeMode>clampToGround</altitudeMode>
        <coordinates> -72.15511730332685,11.35760528381866,0</coordinates>
      </Point>
    </Placemark>
    <Placemark id="ID_00092">
      <name>T85</name>
      <snippet></snippet>
      <description><![CDATA[<html xmlns:fo="http://www.w3.org/1999/XSL/Format" xmlns:msxsl="urn:schemas-microsoft-com:xslt">
<head>
<META http-equiv="Content-Type" content="text/html">
<meta http-equiv="content-type" content="text/html; charset=UTF-8">
</head>
<body style="margin:0px 0px 0px 0px;overflow:auto;background:#FFFFFF;">
<table style="font-family:Arial,Verdana,Times;font-size:12px;text-align:left;width:100%;border-collapse:collapse;padding:3px 3px 3px 3px">
<tr style="text-align:center;font-weight:bold;background:#9CBCE2">
<td></td>
</tr>
<tr>
<td>
<table style="font-family:Arial,Verdana,Times;font-size:12px;text-align:left;width:100%;border-spacing:0px; padding:3px 3px 3px 3px">
<tr>
<td>TIPO_INFRA</td>
<td>Torre</td>
</tr>
<tr bgcolor="#D4E4F3">
<td>ID_INFRA_PT</td>
<td>T85</td>
</tr>
<tr>
<td>COOR_ESTE</td>
<td>5091932,7537</td>
</tr>
<tr bgcolor="#D4E4F3">
<td>COOR_NORTE</td>
<td>2812734,6119</td>
</tr>
<tr>
<td>SITIO</td>
<td>T85</td>
</tr>
<tr bgcolor="#D4E4F3">
<td>Comunidad</td>
<td>Predio Cascabeles</td>
</tr>
<tr>
<td>AHUYENTAMIENTO DE FAUNA</td>
<td>NO</td>
</tr>
<tr bgcolor="#D4E4F3">
<td>DESPEJE TORRE</td>
<td>0</td>
</tr>
<tr>
<td>EXCAVACIÓN</td>
<td>0</td>
</tr>
<tr bgcolor="#D4E4F3">
<td>SOLADO</td>
<td>0</td>
</tr>
<tr>
<td>CIMENTACION</td>
<td>0</td>
</tr>
<tr bgcolor="#D4E4F3">
<td>ACERO DE REFUERZO</td>
<td>0</td>
</tr>
<tr>
<td>CONCRETO</td>
<td>0</td>
</tr>
<tr bgcolor="#D4E4F3">
<td>RELLENO Y COMPACTACIÓN</td>
<td>0</td>
</tr>
<tr>
<td>COOR_X</td>
<td>5091932,7537</td>
</tr>
<tr bgcolor="#D4E4F3">
<td>COOR_Y</td>
<td>2812734,6119</td>
</tr>
<tr>
<td>Text</td>
<td>#N/A</td>
</tr>
<tr bgcolor="#D4E4F3">
<td>ObjectID</td>
<td>83</td>
</tr>
</table>
</td>
</tr>
</table>
</body><script type="text/javascript">
				function changeImage(attElement, nameElement) {
				document.getElementById('imageAttachment').src = attElement;
				document.getElementById('imageName').innerHTML = nameElement;}
			</script></html>
]]></description>
      <Point>
        <extrude>0</extrude><altitudeMode>clampToGround</altitudeMode>
        <coordinates> -72.15713422529029,11.35338810127875,0</coordinates>
      </Point>
    </Placemark>
    <Placemark id="ID_00093">
      <name>T86</name>
      <snippet></snippet>
      <description><![CDATA[<html xmlns:fo="http://www.w3.org/1999/XSL/Format" xmlns:msxsl="urn:schemas-microsoft-com:xslt">
<head>
<META http-equiv="Content-Type" content="text/html">
<meta http-equiv="content-type" content="text/html; charset=UTF-8">
</head>
<body style="margin:0px 0px 0px 0px;overflow:auto;background:#FFFFFF;">
<table style="font-family:Arial,Verdana,Times;font-size:12px;text-align:left;width:100%;border-collapse:collapse;padding:3px 3px 3px 3px">
<tr style="text-align:center;font-weight:bold;background:#9CBCE2">
<td></td>
</tr>
<tr>
<td>
<table style="font-family:Arial,Verdana,Times;font-size:12px;text-align:left;width:100%;border-spacing:0px; padding:3px 3px 3px 3px">
<tr>
<td>TIPO_INFRA</td>
<td>Torre</td>
</tr>
<tr bgcolor="#D4E4F3">
<td>ID_INFRA_PT</td>
<td>T86</td>
</tr>
<tr>
<td>COOR_ESTE</td>
<td>5091750,8372</td>
</tr>
<tr bgcolor="#D4E4F3">
<td>COOR_NORTE</td>
<td>2812346,2331</td>
</tr>
<tr>
<td>SITIO</td>
<td>T86</td>
</tr>
<tr bgcolor="#D4E4F3">
<td>Comunidad</td>
<td>Predio Cascabeles</td>
</tr>
<tr>
<td>AHUYENTAMIENTO DE FAUNA</td>
<td>NO</td>
</tr>
<tr bgcolor="#D4E4F3">
<td>DESPEJE TORRE</td>
<td>0</td>
</tr>
<tr>
<td>EXCAVACIÓN</td>
<td>0</td>
</tr>
<tr bgcolor="#D4E4F3">
<td>SOLADO</td>
<td>0</td>
</tr>
<tr>
<td>CIMENTACION</td>
<td>0</td>
</tr>
<tr bgcolor="#D4E4F3">
<td>ACERO DE REFUERZO</td>
<td>0</td>
</tr>
<tr>
<td>CONCRETO</td>
<td>0</td>
</tr>
<tr bgcolor="#D4E4F3">
<td>RELLENO Y COMPACTACIÓN</td>
<td>0</td>
</tr>
<tr>
<td>COOR_X</td>
<td>5091750,8372</td>
</tr>
<tr bgcolor="#D4E4F3">
<td>COOR_Y</td>
<td>2812346,2331</td>
</tr>
<tr>
<td>Text</td>
<td>#N/A</td>
</tr>
<tr bgcolor="#D4E4F3">
<td>ObjectID</td>
<td>84</td>
</tr>
</table>
</td>
</tr>
</table>
</body><script type="text/javascript">
				function changeImage(attElement, nameElement) {
				document.getElementById('imageAttachment').src = attElement;
				document.getElementById('imageName').innerHTML = nameElement;}
			</script></html>
]]></description>
      <Point>
        <extrude>0</extrude><altitudeMode>clampToGround</altitudeMode>
        <coordinates> -72.1588122521639,11.34987941978721,0</coordinates>
      </Point>
    </Placemark>
    <Placemark id="ID_00094">
      <name>T87</name>
      <snippet></snippet>
      <description><![CDATA[<html xmlns:fo="http://www.w3.org/1999/XSL/Format" xmlns:msxsl="urn:schemas-microsoft-com:xslt">
<head>
<META http-equiv="Content-Type" content="text/html">
<meta http-equiv="content-type" content="text/html; charset=UTF-8">
</head>
<body style="margin:0px 0px 0px 0px;overflow:auto;background:#FFFFFF;">
<table style="font-family:Arial,Verdana,Times;font-size:12px;text-align:left;width:100%;border-collapse:collapse;padding:3px 3px 3px 3px">
<tr style="text-align:center;font-weight:bold;background:#9CBCE2">
<td></td>
</tr>
<tr>
<td>
<table style="font-family:Arial,Verdana,Times;font-size:12px;text-align:left;width:100%;border-spacing:0px; padding:3px 3px 3px 3px">
<tr>
<td>TIPO_INFRA</td>
<td>Torre</td>
</tr>
<tr bgcolor="#D4E4F3">
<td>ID_INFRA_PT</td>
<td>T87</td>
</tr>
<tr>
<td>COOR_ESTE</td>
<td>5091583,633</td>
</tr>
<tr bgcolor="#D4E4F3">
<td>COOR_NORTE</td>
<td>2811989,2635</td>
</tr>
<tr>
<td>SITIO</td>
<td>T87</td>
</tr>
<tr bgcolor="#D4E4F3">
<td>Comunidad</td>
<td>Predio Cascabeles</td>
</tr>
<tr>
<td>AHUYENTAMIENTO DE FAUNA</td>
<td>NO</td>
</tr>
<tr bgcolor="#D4E4F3">
<td>DESPEJE TORRE</td>
<td>0</td>
</tr>
<tr>
<td>EXCAVACIÓN</td>
<td>0</td>
</tr>
<tr bgcolor="#D4E4F3">
<td>SOLADO</td>
<td>0</td>
</tr>
<tr>
<td>CIMENTACION</td>
<td>0</td>
</tr>
<tr bgcolor="#D4E4F3">
<td>ACERO DE REFUERZO</td>
<td>0</td>
</tr>
<tr>
<td>CONCRETO</td>
<td>0</td>
</tr>
<tr bgcolor="#D4E4F3">
<td>RELLENO Y COMPACTACIÓN</td>
<td>0</td>
</tr>
<tr>
<td>COOR_X</td>
<td>5091583,633</td>
</tr>
<tr bgcolor="#D4E4F3">
<td>COOR_Y</td>
<td>2811989,2635</td>
</tr>
<tr>
<td>Text</td>
<td>#N/A</td>
</tr>
<tr bgcolor="#D4E4F3">
<td>ObjectID</td>
<td>85</td>
</tr>
</table>
</td>
</tr>
</table>
</body><script type="text/javascript">
				function changeImage(attElement, nameElement) {
				document.getElementById('imageAttachment').src = attElement;
				document.getElementById('imageName').innerHTML = nameElement;}
			</script></html>
]]></description>
      <Point>
        <extrude>0</extrude><altitudeMode>clampToGround</altitudeMode>
        <coordinates> -72.16035453213885,11.34665448273348,0</coordinates>
      </Point>
    </Placemark>
    <Placemark id="ID_00095">
      <name>T88</name>
      <snippet></snippet>
      <description><![CDATA[<html xmlns:fo="http://www.w3.org/1999/XSL/Format" xmlns:msxsl="urn:schemas-microsoft-com:xslt">
<head>
<META http-equiv="Content-Type" content="text/html">
<meta http-equiv="content-type" content="text/html; charset=UTF-8">
</head>
<body style="margin:0px 0px 0px 0px;overflow:auto;background:#FFFFFF;">
<table style="font-family:Arial,Verdana,Times;font-size:12px;text-align:left;width:100%;border-collapse:collapse;padding:3px 3px 3px 3px">
<tr style="text-align:center;font-weight:bold;background:#9CBCE2">
<td></td>
</tr>
<tr>
<td>
<table style="font-family:Arial,Verdana,Times;font-size:12px;text-align:left;width:100%;border-spacing:0px; padding:3px 3px 3px 3px">
<tr>
<td>TIPO_INFRA</td>
<td>Torre</td>
</tr>
<tr bgcolor="#D4E4F3">
<td>ID_INFRA_PT</td>
<td>T88</td>
</tr>
<tr>
<td>COOR_ESTE</td>
<td>5091372,4488</td>
</tr>
<tr bgcolor="#D4E4F3">
<td>COOR_NORTE</td>
<td>2811538,4048</td>
</tr>
<tr>
<td>SITIO</td>
<td>T88</td>
</tr>
<tr bgcolor="#D4E4F3">
<td>Comunidad</td>
<td>NO SE TIENE INFORMACIÓN</td>
</tr>
<tr>
<td>AHUYENTAMIENTO DE FAUNA</td>
<td>NO</td>
</tr>
<tr bgcolor="#D4E4F3">
<td>DESPEJE TORRE</td>
<td>0</td>
</tr>
<tr>
<td>EXCAVACIÓN</td>
<td>0</td>
</tr>
<tr bgcolor="#D4E4F3">
<td>SOLADO</td>
<td>0</td>
</tr>
<tr>
<td>CIMENTACION</td>
<td>0</td>
</tr>
<tr bgcolor="#D4E4F3">
<td>ACERO DE REFUERZO</td>
<td>0</td>
</tr>
<tr>
<td>CONCRETO</td>
<td>0</td>
</tr>
<tr bgcolor="#D4E4F3">
<td>RELLENO Y COMPACTACIÓN</td>
<td>0</td>
</tr>
<tr>
<td>COOR_X</td>
<td>5091372,4488</td>
</tr>
<tr bgcolor="#D4E4F3">
<td>COOR_Y</td>
<td>2811538,4048</td>
</tr>
<tr>
<td>Text</td>
<td>#N/A</td>
</tr>
<tr bgcolor="#D4E4F3">
<td>ObjectID</td>
<td>86</td>
</tr>
</table>
</td>
</tr>
</table>
</body><script type="text/javascript">
				function changeImage(attElement, nameElement) {
				document.getElementById('imageAttachment').src = attElement;
				document.getElementById('imageName').innerHTML = nameElement;}
			</script></html>
]]></description>
      <Point>
        <extrude>0</extrude><altitudeMode>clampToGround</altitudeMode>
        <coordinates> -72.16230242804058,11.34258131620032,0</coordinates>
      </Point>
    </Placemark>
    <Placemark id="ID_00096">
      <name>T89</name>
      <snippet></snippet>
      <description><![CDATA[<html xmlns:fo="http://www.w3.org/1999/XSL/Format" xmlns:msxsl="urn:schemas-microsoft-com:xslt">
<head>
<META http-equiv="Content-Type" content="text/html">
<meta http-equiv="content-type" content="text/html; charset=UTF-8">
</head>
<body style="margin:0px 0px 0px 0px;overflow:auto;background:#FFFFFF;">
<table style="font-family:Arial,Verdana,Times;font-size:12px;text-align:left;width:100%;border-collapse:collapse;padding:3px 3px 3px 3px">
<tr style="text-align:center;font-weight:bold;background:#9CBCE2">
<td></td>
</tr>
<tr>
<td>
<table style="font-family:Arial,Verdana,Times;font-size:12px;text-align:left;width:100%;border-spacing:0px; padding:3px 3px 3px 3px">
<tr>
<td>TIPO_INFRA</td>
<td>Torre</td>
</tr>
<tr bgcolor="#D4E4F3">
<td>ID_INFRA_PT</td>
<td>T89</td>
</tr>
<tr>
<td>COOR_ESTE</td>
<td>5091206,8307</td>
</tr>
<tr bgcolor="#D4E4F3">
<td>COOR_NORTE</td>
<td>2811184,8273</td>
</tr>
<tr>
<td>SITIO</td>
<td>T89</td>
</tr>
<tr bgcolor="#D4E4F3">
<td>Comunidad</td>
<td>NO SE TIENE INFORMACIÓN</td>
</tr>
<tr>
<td>AHUYENTAMIENTO DE FAUNA</td>
<td>NO</td>
</tr>
<tr bgcolor="#D4E4F3">
<td>DESPEJE TORRE</td>
<td>0</td>
</tr>
<tr>
<td>EXCAVACIÓN</td>
<td>0</td>
</tr>
<tr bgcolor="#D4E4F3">
<td>SOLADO</td>
<td>0</td>
</tr>
<tr>
<td>CIMENTACION</td>
<td>0</td>
</tr>
<tr bgcolor="#D4E4F3">
<td>ACERO DE REFUERZO</td>
<td>0</td>
</tr>
<tr>
<td>CONCRETO</td>
<td>0</td>
</tr>
<tr bgcolor="#D4E4F3">
<td>RELLENO Y COMPACTACIÓN</td>
<td>0</td>
</tr>
<tr>
<td>COOR_X</td>
<td>5091206,8307</td>
</tr>
<tr bgcolor="#D4E4F3">
<td>COOR_Y</td>
<td>2811184,8273</td>
</tr>
<tr>
<td>Text</td>
<td>#N/A</td>
</tr>
<tr bgcolor="#D4E4F3">
<td>ObjectID</td>
<td>87</td>
</tr>
</table>
</td>
</tr>
</table>
</body><script type="text/javascript">
				function changeImage(attElement, nameElement) {
				document.getElementById('imageAttachment').src = attElement;
				document.getElementById('imageName').innerHTML = nameElement;}
			</script></html>
]]></description>
      <Point>
        <extrude>0</extrude><altitudeMode>clampToGround</altitudeMode>
        <coordinates> -72.16382999576494,11.33938699906479,0</coordinates>
      </Point>
    </Placemark>
    <Placemark id="ID_00097">
      <name>T90</name>
      <snippet></snippet>
      <description><![CDATA[<html xmlns:fo="http://www.w3.org/1999/XSL/Format" xmlns:msxsl="urn:schemas-microsoft-com:xslt">
<head>
<META http-equiv="Content-Type" content="text/html">
<meta http-equiv="content-type" content="text/html; charset=UTF-8">
</head>
<body style="margin:0px 0px 0px 0px;overflow:auto;background:#FFFFFF;">
<table style="font-family:Arial,Verdana,Times;font-size:12px;text-align:left;width:100%;border-collapse:collapse;padding:3px 3px 3px 3px">
<tr style="text-align:center;font-weight:bold;background:#9CBCE2">
<td></td>
</tr>
<tr>
<td>
<table style="font-family:Arial,Verdana,Times;font-size:12px;text-align:left;width:100%;border-spacing:0px; padding:3px 3px 3px 3px">
<tr>
<td>TIPO_INFRA</td>
<td>Torre</td>
</tr>
<tr bgcolor="#D4E4F3">
<td>ID_INFRA_PT</td>
<td>T90</td>
</tr>
<tr>
<td>COOR_ESTE</td>
<td>5090959,4167</td>
</tr>
<tr bgcolor="#D4E4F3">
<td>COOR_NORTE</td>
<td>2810869,4219</td>
</tr>
<tr>
<td>SITIO</td>
<td>T90</td>
</tr>
<tr bgcolor="#D4E4F3">
<td>Comunidad</td>
<td>Predio San Carlos</td>
</tr>
<tr>
<td>AHUYENTAMIENTO DE FAUNA</td>
<td>NO</td>
</tr>
<tr bgcolor="#D4E4F3">
<td>DESPEJE TORRE</td>
<td>0</td>
</tr>
<tr>
<td>EXCAVACIÓN</td>
<td>0</td>
</tr>
<tr bgcolor="#D4E4F3">
<td>SOLADO</td>
<td>0</td>
</tr>
<tr>
<td>CIMENTACION</td>
<td>0</td>
</tr>
<tr bgcolor="#D4E4F3">
<td>ACERO DE REFUERZO</td>
<td>0</td>
</tr>
<tr>
<td>CONCRETO</td>
<td>0</td>
</tr>
<tr bgcolor="#D4E4F3">
<td>RELLENO Y COMPACTACIÓN</td>
<td>0</td>
</tr>
<tr>
<td>COOR_X</td>
<td>5090959,4167</td>
</tr>
<tr bgcolor="#D4E4F3">
<td>COOR_Y</td>
<td>2810869,4219</td>
</tr>
<tr>
<td>Text</td>
<td>#N/A</td>
</tr>
<tr bgcolor="#D4E4F3">
<td>ObjectID</td>
<td>88</td>
</tr>
</table>
</td>
</tr>
</table>
</body><script type="text/javascript">
				function changeImage(attElement, nameElement) {
				document.getElementById('imageAttachment').src = attElement;
				document.getElementById('imageName').innerHTML = nameElement;}
			</script></html>
]]></description>
      <Point>
        <extrude>0</extrude><altitudeMode>clampToGround</altitudeMode>
        <coordinates> -72.16610635483489,11.33654011133423,0</coordinates>
      </Point>
    </Placemark>
    <Placemark id="ID_00098">
      <name>T91</name>
      <snippet></snippet>
      <description><![CDATA[<html xmlns:fo="http://www.w3.org/1999/XSL/Format" xmlns:msxsl="urn:schemas-microsoft-com:xslt">
<head>
<META http-equiv="Content-Type" content="text/html">
<meta http-equiv="content-type" content="text/html; charset=UTF-8">
</head>
<body style="margin:0px 0px 0px 0px;overflow:auto;background:#FFFFFF;">
<table style="font-family:Arial,Verdana,Times;font-size:12px;text-align:left;width:100%;border-collapse:collapse;padding:3px 3px 3px 3px">
<tr style="text-align:center;font-weight:bold;background:#9CBCE2">
<td></td>
</tr>
<tr>
<td>
<table style="font-family:Arial,Verdana,Times;font-size:12px;text-align:left;width:100%;border-spacing:0px; padding:3px 3px 3px 3px">
<tr>
<td>TIPO_INFRA</td>
<td>Torre</td>
</tr>
<tr bgcolor="#D4E4F3">
<td>ID_INFRA_PT</td>
<td>T91</td>
</tr>
<tr>
<td>COOR_ESTE</td>
<td>5090683,1529</td>
</tr>
<tr bgcolor="#D4E4F3">
<td>COOR_NORTE</td>
<td>2810517,2402</td>
</tr>
<tr>
<td>SITIO</td>
<td>T91</td>
</tr>
<tr bgcolor="#D4E4F3">
<td>Comunidad</td>
<td>Predio San Carlos</td>
</tr>
<tr>
<td>AHUYENTAMIENTO DE FAUNA</td>
<td>NO</td>
</tr>
<tr bgcolor="#D4E4F3">
<td>DESPEJE TORRE</td>
<td>0</td>
</tr>
<tr>
<td>EXCAVACIÓN</td>
<td>0</td>
</tr>
<tr bgcolor="#D4E4F3">
<td>SOLADO</td>
<td>0</td>
</tr>
<tr>
<td>CIMENTACION</td>
<td>0</td>
</tr>
<tr bgcolor="#D4E4F3">
<td>ACERO DE REFUERZO</td>
<td>0</td>
</tr>
<tr>
<td>CONCRETO</td>
<td>0</td>
</tr>
<tr bgcolor="#D4E4F3">
<td>RELLENO Y COMPACTACIÓN</td>
<td>0</td>
</tr>
<tr>
<td>COOR_X</td>
<td>5090683,1529</td>
</tr>
<tr bgcolor="#D4E4F3">
<td>COOR_Y</td>
<td>2810517,2402</td>
</tr>
<tr>
<td>Text</td>
<td>#N/A</td>
</tr>
<tr bgcolor="#D4E4F3">
<td>ObjectID</td>
<td>89</td>
</tr>
</table>
</td>
</tr>
</table>
</body><script type="text/javascript">
				function changeImage(attElement, nameElement) {
				document.getElementById('imageAttachment').src = attElement;
				document.getElementById('imageName').innerHTML = nameElement;}
			</script></html>
]]></description>
      <Point>
        <extrude>0</extrude><altitudeMode>clampToGround</altitudeMode>
        <coordinates> -72.16864809537364,11.33336125111401,0</coordinates>
      </Point>
    </Placemark>
    <Placemark id="ID_00099">
      <name>T92</name>
      <snippet></snippet>
      <description><![CDATA[<html xmlns:fo="http://www.w3.org/1999/XSL/Format" xmlns:msxsl="urn:schemas-microsoft-com:xslt">
<head>
<META http-equiv="Content-Type" content="text/html">
<meta http-equiv="content-type" content="text/html; charset=UTF-8">
</head>
<body style="margin:0px 0px 0px 0px;overflow:auto;background:#FFFFFF;">
<table style="font-family:Arial,Verdana,Times;font-size:12px;text-align:left;width:100%;border-collapse:collapse;padding:3px 3px 3px 3px">
<tr style="text-align:center;font-weight:bold;background:#9CBCE2">
<td></td>
</tr>
<tr>
<td>
<table style="font-family:Arial,Verdana,Times;font-size:12px;text-align:left;width:100%;border-spacing:0px; padding:3px 3px 3px 3px">
<tr>
<td>TIPO_INFRA</td>
<td>Torre</td>
</tr>
<tr bgcolor="#D4E4F3">
<td>ID_INFRA_PT</td>
<td>T92</td>
</tr>
<tr>
<td>COOR_ESTE</td>
<td>5090497,625</td>
</tr>
<tr bgcolor="#D4E4F3">
<td>COOR_NORTE</td>
<td>2810280,7305</td>
</tr>
<tr>
<td>SITIO</td>
<td>T92</td>
</tr>
<tr bgcolor="#D4E4F3">
<td>Comunidad</td>
<td>Predio San Carlos</td>
</tr>
<tr>
<td>AHUYENTAMIENTO DE FAUNA</td>
<td>NO</td>
</tr>
<tr bgcolor="#D4E4F3">
<td>DESPEJE TORRE</td>
<td>0</td>
</tr>
<tr>
<td>EXCAVACIÓN</td>
<td>0</td>
</tr>
<tr bgcolor="#D4E4F3">
<td>SOLADO</td>
<td>0</td>
</tr>
<tr>
<td>CIMENTACION</td>
<td>0</td>
</tr>
<tr bgcolor="#D4E4F3">
<td>ACERO DE REFUERZO</td>
<td>0</td>
</tr>
<tr>
<td>CONCRETO</td>
<td>0</td>
</tr>
<tr bgcolor="#D4E4F3">
<td>RELLENO Y COMPACTACIÓN</td>
<td>0</td>
</tr>
<tr>
<td>COOR_X</td>
<td>5090497,625</td>
</tr>
<tr bgcolor="#D4E4F3">
<td>COOR_Y</td>
<td>2810280,7305</td>
</tr>
<tr>
<td>Text</td>
<td>#N/A</td>
</tr>
<tr bgcolor="#D4E4F3">
<td>ObjectID</td>
<td>90</td>
</tr>
</table>
</td>
</tr>
</table>
</body><script type="text/javascript">
				function changeImage(attElement, nameElement) {
				document.getElementById('imageAttachment').src = attElement;
				document.getElementById('imageName').innerHTML = nameElement;}
			</script></html>
]]></description>
      <Point>
        <extrude>0</extrude><altitudeMode>clampToGround</altitudeMode>
        <coordinates> -72.17035499621529,11.3312264539196,0</coordinates>
      </Point>
    </Placemark>
    <Placemark id="ID_00100">
      <name>T93</name>
      <snippet></snippet>
      <description><![CDATA[<html xmlns:fo="http://www.w3.org/1999/XSL/Format" xmlns:msxsl="urn:schemas-microsoft-com:xslt">
<head>
<META http-equiv="Content-Type" content="text/html">
<meta http-equiv="content-type" content="text/html; charset=UTF-8">
</head>
<body style="margin:0px 0px 0px 0px;overflow:auto;background:#FFFFFF;">
<table style="font-family:Arial,Verdana,Times;font-size:12px;text-align:left;width:100%;border-collapse:collapse;padding:3px 3px 3px 3px">
<tr style="text-align:center;font-weight:bold;background:#9CBCE2">
<td></td>
</tr>
<tr>
<td>
<table style="font-family:Arial,Verdana,Times;font-size:12px;text-align:left;width:100%;border-spacing:0px; padding:3px 3px 3px 3px">
<tr>
<td>TIPO_INFRA</td>
<td>Torre</td>
</tr>
<tr bgcolor="#D4E4F3">
<td>ID_INFRA_PT</td>
<td>T93</td>
</tr>
<tr>
<td>COOR_ESTE</td>
<td>5090277,6264</td>
</tr>
<tr bgcolor="#D4E4F3">
<td>COOR_NORTE</td>
<td>2810000,2774</td>
</tr>
<tr>
<td>SITIO</td>
<td>T93</td>
</tr>
<tr bgcolor="#D4E4F3">
<td>Comunidad</td>
<td>Predio La Unión</td>
</tr>
<tr>
<td>AHUYENTAMIENTO DE FAUNA</td>
<td>NO</td>
</tr>
<tr bgcolor="#D4E4F3">
<td>DESPEJE TORRE</td>
<td>0</td>
</tr>
<tr>
<td>EXCAVACIÓN</td>
<td>0</td>
</tr>
<tr bgcolor="#D4E4F3">
<td>SOLADO</td>
<td>0</td>
</tr>
<tr>
<td>CIMENTACION</td>
<td>0</td>
</tr>
<tr bgcolor="#D4E4F3">
<td>ACERO DE REFUERZO</td>
<td>0</td>
</tr>
<tr>
<td>CONCRETO</td>
<td>0</td>
</tr>
<tr bgcolor="#D4E4F3">
<td>RELLENO Y COMPACTACIÓN</td>
<td>0</td>
</tr>
<tr>
<td>COOR_X</td>
<td>5090277,6264</td>
</tr>
<tr bgcolor="#D4E4F3">
<td>COOR_Y</td>
<td>2810000,2774</td>
</tr>
<tr>
<td>Text</td>
<td>#N/A</td>
</tr>
<tr bgcolor="#D4E4F3">
<td>ObjectID</td>
<td>91</td>
</tr>
</table>
</td>
</tr>
</table>
</body><script type="text/javascript">
				function changeImage(attElement, nameElement) {
				document.getElementById('imageAttachment').src = attElement;
				document.getElementById('imageName').innerHTML = nameElement;}
			</script></html>
]]></description>
      <Point>
        <extrude>0</extrude><altitudeMode>clampToGround</altitudeMode>
        <coordinates> -72.1723790023272,11.32869499683731,0</coordinates>
      </Point>
    </Placemark>
    <Placemark id="ID_00101">
      <name>T94N</name>
      <snippet></snippet>
      <description><![CDATA[<html xmlns:fo="http://www.w3.org/1999/XSL/Format" xmlns:msxsl="urn:schemas-microsoft-com:xslt">
<head>
<META http-equiv="Content-Type" content="text/html">
<meta http-equiv="content-type" content="text/html; charset=UTF-8">
</head>
<body style="margin:0px 0px 0px 0px;overflow:auto;background:#FFFFFF;">
<table style="font-family:Arial,Verdana,Times;font-size:12px;text-align:left;width:100%;border-collapse:collapse;padding:3px 3px 3px 3px">
<tr style="text-align:center;font-weight:bold;background:#9CBCE2">
<td></td>
</tr>
<tr>
<td>
<table style="font-family:Arial,Verdana,Times;font-size:12px;text-align:left;width:100%;border-spacing:0px; padding:3px 3px 3px 3px">
<tr>
<td>TIPO_INFRA</td>
<td>Torre</td>
</tr>
<tr bgcolor="#D4E4F3">
<td>ID_INFRA_PT</td>
<td>T94N</td>
</tr>
<tr>
<td>COOR_ESTE</td>
<td>5090034,1875</td>
</tr>
<tr bgcolor="#D4E4F3">
<td>COOR_NORTE</td>
<td>2809694,0924</td>
</tr>
<tr>
<td>SITIO</td>
<td>T94N</td>
</tr>
<tr bgcolor="#D4E4F3">
<td>Comunidad</td>
<td>Predio Apatud</td>
</tr>
<tr>
<td>AHUYENTAMIENTO DE FAUNA</td>
<td>NO</td>
</tr>
<tr bgcolor="#D4E4F3">
<td>DESPEJE TORRE</td>
<td>0</td>
</tr>
<tr>
<td>EXCAVACIÓN</td>
<td>0</td>
</tr>
<tr bgcolor="#D4E4F3">
<td>SOLADO</td>
<td>0</td>
</tr>
<tr>
<td>CIMENTACION</td>
<td>0</td>
</tr>
<tr bgcolor="#D4E4F3">
<td>ACERO DE REFUERZO</td>
<td>0</td>
</tr>
<tr>
<td>CONCRETO</td>
<td>0</td>
</tr>
<tr bgcolor="#D4E4F3">
<td>RELLENO Y COMPACTACIÓN</td>
<td>0</td>
</tr>
<tr>
<td>COOR_X</td>
<td>5090034,1875</td>
</tr>
<tr bgcolor="#D4E4F3">
<td>COOR_Y</td>
<td>2809694,0924</td>
</tr>
<tr>
<td>Text</td>
<td>#N/A</td>
</tr>
<tr bgcolor="#D4E4F3">
<td>ObjectID</td>
<td>92</td>
</tr>
</table>
</td>
</tr>
</table>
</body><script type="text/javascript">
				function changeImage(attElement, nameElement) {
				document.getElementById('imageAttachment').src = attElement;
				document.getElementById('imageName').innerHTML = nameElement;}
			</script></html>
]]></description>
      <Point>
        <extrude>0</extrude><altitudeMode>clampToGround</altitudeMode>
        <coordinates> -72.1746185113921,11.32593133975255,0</coordinates>
      </Point>
    </Placemark>
    <Placemark id="ID_00102">
      <name>T95N</name>
      <snippet></snippet>
      <description><![CDATA[<html xmlns:fo="http://www.w3.org/1999/XSL/Format" xmlns:msxsl="urn:schemas-microsoft-com:xslt">
<head>
<META http-equiv="Content-Type" content="text/html">
<meta http-equiv="content-type" content="text/html; charset=UTF-8">
</head>
<body style="margin:0px 0px 0px 0px;overflow:auto;background:#FFFFFF;">
<table style="font-family:Arial,Verdana,Times;font-size:12px;text-align:left;width:100%;border-collapse:collapse;padding:3px 3px 3px 3px">
<tr style="text-align:center;font-weight:bold;background:#9CBCE2">
<td></td>
</tr>
<tr>
<td>
<table style="font-family:Arial,Verdana,Times;font-size:12px;text-align:left;width:100%;border-spacing:0px; padding:3px 3px 3px 3px">
<tr>
<td>TIPO_INFRA</td>
<td>Torre</td>
</tr>
<tr bgcolor="#D4E4F3">
<td>ID_INFRA_PT</td>
<td>T95N</td>
</tr>
<tr>
<td>COOR_ESTE</td>
<td>5089796,7395</td>
</tr>
<tr bgcolor="#D4E4F3">
<td>COOR_NORTE</td>
<td>2809395,4452</td>
</tr>
<tr>
<td>SITIO</td>
<td>T95N</td>
</tr>
<tr bgcolor="#D4E4F3">
<td>Comunidad</td>
<td>Predio Apatud</td>
</tr>
<tr>
<td>AHUYENTAMIENTO DE FAUNA</td>
<td>NO</td>
</tr>
<tr bgcolor="#D4E4F3">
<td>DESPEJE TORRE</td>
<td>0</td>
</tr>
<tr>
<td>EXCAVACIÓN</td>
<td>0</td>
</tr>
<tr bgcolor="#D4E4F3">
<td>SOLADO</td>
<td>0</td>
</tr>
<tr>
<td>CIMENTACION</td>
<td>0</td>
</tr>
<tr bgcolor="#D4E4F3">
<td>ACERO DE REFUERZO</td>
<td>0</td>
</tr>
<tr>
<td>CONCRETO</td>
<td>0</td>
</tr>
<tr bgcolor="#D4E4F3">
<td>RELLENO Y COMPACTACIÓN</td>
<td>0</td>
</tr>
<tr>
<td>COOR_X</td>
<td>5089796,7395</td>
</tr>
<tr bgcolor="#D4E4F3">
<td>COOR_Y</td>
<td>2809395,4452</td>
</tr>
<tr>
<td>Text</td>
<td>#N/A</td>
</tr>
<tr bgcolor="#D4E4F3">
<td>ObjectID</td>
<td>93</td>
</tr>
</table>
</td>
</tr>
</table>
</body><script type="text/javascript">
				function changeImage(attElement, nameElement) {
				document.getElementById('imageAttachment').src = attElement;
				document.getElementById('imageName').innerHTML = nameElement;}
			</script></html>
]]></description>
      <Point>
        <extrude>0</extrude><altitudeMode>clampToGround</altitudeMode>
        <coordinates> -72.17680286518582,11.32323569993609,0</coordinates>
      </Point>
    </Placemark>
    <Placemark id="ID_00103">
      <name>T96</name>
      <snippet></snippet>
      <description><![CDATA[<html xmlns:fo="http://www.w3.org/1999/XSL/Format" xmlns:msxsl="urn:schemas-microsoft-com:xslt">
<head>
<META http-equiv="Content-Type" content="text/html">
<meta http-equiv="content-type" content="text/html; charset=UTF-8">
</head>
<body style="margin:0px 0px 0px 0px;overflow:auto;background:#FFFFFF;">
<table style="font-family:Arial,Verdana,Times;font-size:12px;text-align:left;width:100%;border-collapse:collapse;padding:3px 3px 3px 3px">
<tr style="text-align:center;font-weight:bold;background:#9CBCE2">
<td></td>
</tr>
<tr>
<td>
<table style="font-family:Arial,Verdana,Times;font-size:12px;text-align:left;width:100%;border-spacing:0px; padding:3px 3px 3px 3px">
<tr>
<td>TIPO_INFRA</td>
<td>Torre</td>
</tr>
<tr bgcolor="#D4E4F3">
<td>ID_INFRA_PT</td>
<td>T96</td>
</tr>
<tr>
<td>COOR_ESTE</td>
<td>5089479,6224</td>
</tr>
<tr bgcolor="#D4E4F3">
<td>COOR_NORTE</td>
<td>2808996,5965</td>
</tr>
<tr>
<td>SITIO</td>
<td>T96</td>
</tr>
<tr bgcolor="#D4E4F3">
<td>Comunidad</td>
<td>Predio Apatud</td>
</tr>
<tr>
<td>AHUYENTAMIENTO DE FAUNA</td>
<td>NO</td>
</tr>
<tr bgcolor="#D4E4F3">
<td>DESPEJE TORRE</td>
<td>0</td>
</tr>
<tr>
<td>EXCAVACIÓN</td>
<td>0</td>
</tr>
<tr bgcolor="#D4E4F3">
<td>SOLADO</td>
<td>0</td>
</tr>
<tr>
<td>CIMENTACION</td>
<td>0</td>
</tr>
<tr bgcolor="#D4E4F3">
<td>ACERO DE REFUERZO</td>
<td>0</td>
</tr>
<tr>
<td>CONCRETO</td>
<td>0</td>
</tr>
<tr bgcolor="#D4E4F3">
<td>RELLENO Y COMPACTACIÓN</td>
<td>0</td>
</tr>
<tr>
<td>COOR_X</td>
<td>5089479,6224</td>
</tr>
<tr bgcolor="#D4E4F3">
<td>COOR_Y</td>
<td>2808996,5965</td>
</tr>
<tr>
<td>Text</td>
<td>#N/A</td>
</tr>
<tr bgcolor="#D4E4F3">
<td>ObjectID</td>
<td>94</td>
</tr>
</table>
</td>
</tr>
</table>
</body><script type="text/javascript">
				function changeImage(attElement, nameElement) {
				document.getElementById('imageAttachment').src = attElement;
				document.getElementById('imageName').innerHTML = nameElement;}
			</script></html>
]]></description>
      <Point>
        <extrude>0</extrude><altitudeMode>clampToGround</altitudeMode>
        <coordinates> -72.17972005356069,11.31963559418516,0</coordinates>
      </Point>
    </Placemark>
    <Placemark id="ID_00104">
      <name>T97</name>
      <snippet></snippet>
      <description><![CDATA[<html xmlns:fo="http://www.w3.org/1999/XSL/Format" xmlns:msxsl="urn:schemas-microsoft-com:xslt">
<head>
<META http-equiv="Content-Type" content="text/html">
<meta http-equiv="content-type" content="text/html; charset=UTF-8">
</head>
<body style="margin:0px 0px 0px 0px;overflow:auto;background:#FFFFFF;">
<table style="font-family:Arial,Verdana,Times;font-size:12px;text-align:left;width:100%;border-collapse:collapse;padding:3px 3px 3px 3px">
<tr style="text-align:center;font-weight:bold;background:#9CBCE2">
<td></td>
</tr>
<tr>
<td>
<table style="font-family:Arial,Verdana,Times;font-size:12px;text-align:left;width:100%;border-spacing:0px; padding:3px 3px 3px 3px">
<tr>
<td>TIPO_INFRA</td>
<td>Torre</td>
</tr>
<tr bgcolor="#D4E4F3">
<td>ID_INFRA_PT</td>
<td>T97</td>
</tr>
<tr>
<td>COOR_ESTE</td>
<td>5089172,455</td>
</tr>
<tr bgcolor="#D4E4F3">
<td>COOR_NORTE</td>
<td>2808610,262</td>
</tr>
<tr>
<td>SITIO</td>
<td>T97</td>
</tr>
<tr bgcolor="#D4E4F3">
<td>Comunidad</td>
<td>Predio Sinu</td>
</tr>
<tr>
<td>AHUYENTAMIENTO DE FAUNA</td>
<td>NO</td>
</tr>
<tr bgcolor="#D4E4F3">
<td>DESPEJE TORRE</td>
<td>0</td>
</tr>
<tr>
<td>EXCAVACIÓN</td>
<td>0</td>
</tr>
<tr bgcolor="#D4E4F3">
<td>SOLADO</td>
<td>0</td>
</tr>
<tr>
<td>CIMENTACION</td>
<td>0</td>
</tr>
<tr bgcolor="#D4E4F3">
<td>ACERO DE REFUERZO</td>
<td>0</td>
</tr>
<tr>
<td>CONCRETO</td>
<td>0</td>
</tr>
<tr bgcolor="#D4E4F3">
<td>RELLENO Y COMPACTACIÓN</td>
<td>0</td>
</tr>
<tr>
<td>COOR_X</td>
<td>5089172,455</td>
</tr>
<tr bgcolor="#D4E4F3">
<td>COOR_Y</td>
<td>2808610,262</td>
</tr>
<tr>
<td>Text</td>
<td>#N/A</td>
</tr>
<tr bgcolor="#D4E4F3">
<td>ObjectID</td>
<td>95</td>
</tr>
</table>
</td>
</tr>
</table>
</body><script type="text/javascript">
				function changeImage(attElement, nameElement) {
				document.getElementById('imageAttachment').src = attElement;
				document.getElementById('imageName').innerHTML = nameElement;}
			</script></html>
]]></description>
      <Point>
        <extrude>0</extrude><altitudeMode>clampToGround</altitudeMode>
        <coordinates> -72.18254564312248,11.31614841155719,0</coordinates>
      </Point>
    </Placemark>
    <Placemark id="ID_00105">
      <name>T98</name>
      <snippet></snippet>
      <description><![CDATA[<html xmlns:fo="http://www.w3.org/1999/XSL/Format" xmlns:msxsl="urn:schemas-microsoft-com:xslt">
<head>
<META http-equiv="Content-Type" content="text/html">
<meta http-equiv="content-type" content="text/html; charset=UTF-8">
</head>
<body style="margin:0px 0px 0px 0px;overflow:auto;background:#FFFFFF;">
<table style="font-family:Arial,Verdana,Times;font-size:12px;text-align:left;width:100%;border-collapse:collapse;padding:3px 3px 3px 3px">
<tr style="text-align:center;font-weight:bold;background:#9CBCE2">
<td></td>
</tr>
<tr>
<td>
<table style="font-family:Arial,Verdana,Times;font-size:12px;text-align:left;width:100%;border-spacing:0px; padding:3px 3px 3px 3px">
<tr>
<td>TIPO_INFRA</td>
<td>Torre</td>
</tr>
<tr bgcolor="#D4E4F3">
<td>ID_INFRA_PT</td>
<td>T98</td>
</tr>
<tr>
<td>COOR_ESTE</td>
<td>5088872,748</td>
</tr>
<tr bgcolor="#D4E4F3">
<td>COOR_NORTE</td>
<td>2808233,3138</td>
</tr>
<tr>
<td>SITIO</td>
<td>T98</td>
</tr>
<tr bgcolor="#D4E4F3">
<td>Comunidad</td>
<td>Predio Sinu</td>
</tr>
<tr>
<td>AHUYENTAMIENTO DE FAUNA</td>
<td>NO</td>
</tr>
<tr bgcolor="#D4E4F3">
<td>DESPEJE TORRE</td>
<td>0</td>
</tr>
<tr>
<td>EXCAVACIÓN</td>
<td>0</td>
</tr>
<tr bgcolor="#D4E4F3">
<td>SOLADO</td>
<td>0</td>
</tr>
<tr>
<td>CIMENTACION</td>
<td>0</td>
</tr>
<tr bgcolor="#D4E4F3">
<td>ACERO DE REFUERZO</td>
<td>0</td>
</tr>
<tr>
<td>CONCRETO</td>
<td>0</td>
</tr>
<tr bgcolor="#D4E4F3">
<td>RELLENO Y COMPACTACIÓN</td>
<td>0</td>
</tr>
<tr>
<td>COOR_X</td>
<td>5088872,748</td>
</tr>
<tr bgcolor="#D4E4F3">
<td>COOR_Y</td>
<td>2808233,3138</td>
</tr>
<tr>
<td>Text</td>
<td>#N/A</td>
</tr>
<tr bgcolor="#D4E4F3">
<td>ObjectID</td>
<td>96</td>
</tr>
</table>
</td>
</tr>
</table>
</body><script type="text/javascript">
				function changeImage(attElement, nameElement) {
				document.getElementById('imageAttachment').src = attElement;
				document.getElementById('imageName').innerHTML = nameElement;}
			</script></html>
]]></description>
      <Point>
        <extrude>0</extrude><altitudeMode>clampToGround</altitudeMode>
        <coordinates> -72.18530253846579,11.31274592145716,0</coordinates>
      </Point>
    </Placemark>
    <Placemark id="ID_00106">
      <name>T99</name>
      <snippet></snippet>
      <description><![CDATA[<html xmlns:fo="http://www.w3.org/1999/XSL/Format" xmlns:msxsl="urn:schemas-microsoft-com:xslt">
<head>
<META http-equiv="Content-Type" content="text/html">
<meta http-equiv="content-type" content="text/html; charset=UTF-8">
</head>
<body style="margin:0px 0px 0px 0px;overflow:auto;background:#FFFFFF;">
<table style="font-family:Arial,Verdana,Times;font-size:12px;text-align:left;width:100%;border-collapse:collapse;padding:3px 3px 3px 3px">
<tr style="text-align:center;font-weight:bold;background:#9CBCE2">
<td></td>
</tr>
<tr>
<td>
<table style="font-family:Arial,Verdana,Times;font-size:12px;text-align:left;width:100%;border-spacing:0px; padding:3px 3px 3px 3px">
<tr>
<td>TIPO_INFRA</td>
<td>Torre</td>
</tr>
<tr bgcolor="#D4E4F3">
<td>ID_INFRA_PT</td>
<td>T99</td>
</tr>
<tr>
<td>COOR_ESTE</td>
<td>5088557,9339</td>
</tr>
<tr bgcolor="#D4E4F3">
<td>COOR_NORTE</td>
<td>2807837,3656</td>
</tr>
<tr>
<td>SITIO</td>
<td>T99</td>
</tr>
<tr bgcolor="#D4E4F3">
<td>Comunidad</td>
<td>Predio Sinu</td>
</tr>
<tr>
<td>AHUYENTAMIENTO DE FAUNA</td>
<td>NO</td>
</tr>
<tr bgcolor="#D4E4F3">
<td>DESPEJE TORRE</td>
<td>0</td>
</tr>
<tr>
<td>EXCAVACIÓN</td>
<td>0</td>
</tr>
<tr bgcolor="#D4E4F3">
<td>SOLADO</td>
<td>0</td>
</tr>
<tr>
<td>CIMENTACION</td>
<td>0</td>
</tr>
<tr bgcolor="#D4E4F3">
<td>ACERO DE REFUERZO</td>
<td>0</td>
</tr>
<tr>
<td>CONCRETO</td>
<td>0</td>
</tr>
<tr bgcolor="#D4E4F3">
<td>RELLENO Y COMPACTACIÓN</td>
<td>0</td>
</tr>
<tr>
<td>COOR_X</td>
<td>5088557,9339</td>
</tr>
<tr bgcolor="#D4E4F3">
<td>COOR_Y</td>
<td>2807837,3656</td>
</tr>
<tr>
<td>Text</td>
<td>#N/A</td>
</tr>
<tr bgcolor="#D4E4F3">
<td>ObjectID</td>
<td>97</td>
</tr>
</table>
</td>
</tr>
</table>
</body><script type="text/javascript">
				function changeImage(attElement, nameElement) {
				document.getElementById('imageAttachment').src = attElement;
				document.getElementById('imageName').innerHTML = nameElement;}
			</script></html>
]]></description>
      <Point>
        <extrude>0</extrude><altitudeMode>clampToGround</altitudeMode>
        <coordinates> -72.18819832728965,11.30917189617764,0</coordinates>
      </Point>
    </Placemark>
    <Placemark id="ID_00107">
      <name>T100</name>
      <snippet></snippet>
      <description><![CDATA[<html xmlns:fo="http://www.w3.org/1999/XSL/Format" xmlns:msxsl="urn:schemas-microsoft-com:xslt">
<head>
<META http-equiv="Content-Type" content="text/html">
<meta http-equiv="content-type" content="text/html; charset=UTF-8">
</head>
<body style="margin:0px 0px 0px 0px;overflow:auto;background:#FFFFFF;">
<table style="font-family:Arial,Verdana,Times;font-size:12px;text-align:left;width:100%;border-collapse:collapse;padding:3px 3px 3px 3px">
<tr style="text-align:center;font-weight:bold;background:#9CBCE2">
<td></td>
</tr>
<tr>
<td>
<table style="font-family:Arial,Verdana,Times;font-size:12px;text-align:left;width:100%;border-spacing:0px; padding:3px 3px 3px 3px">
<tr>
<td>TIPO_INFRA</td>
<td>Torre</td>
</tr>
<tr bgcolor="#D4E4F3">
<td>ID_INFRA_PT</td>
<td>T100</td>
</tr>
<tr>
<td>COOR_ESTE</td>
<td>5088294,5442</td>
</tr>
<tr bgcolor="#D4E4F3">
<td>COOR_NORTE</td>
<td>2807506,0954</td>
</tr>
<tr>
<td>SITIO</td>
<td>T100</td>
</tr>
<tr bgcolor="#D4E4F3">
<td>Comunidad</td>
<td>Guadalajara</td>
</tr>
<tr>
<td>AHUYENTAMIENTO DE FAUNA</td>
<td>NO</td>
</tr>
<tr bgcolor="#D4E4F3">
<td>DESPEJE TORRE</td>
<td>0</td>
</tr>
<tr>
<td>EXCAVACIÓN</td>
<td>0</td>
</tr>
<tr bgcolor="#D4E4F3">
<td>SOLADO</td>
<td>0</td>
</tr>
<tr>
<td>CIMENTACION</td>
<td>0</td>
</tr>
<tr bgcolor="#D4E4F3">
<td>ACERO DE REFUERZO</td>
<td>0</td>
</tr>
<tr>
<td>CONCRETO</td>
<td>0</td>
</tr>
<tr bgcolor="#D4E4F3">
<td>RELLENO Y COMPACTACIÓN</td>
<td>0</td>
</tr>
<tr>
<td>COOR_X</td>
<td>5088294,5442</td>
</tr>
<tr bgcolor="#D4E4F3">
<td>COOR_Y</td>
<td>2807506,0954</td>
</tr>
<tr>
<td>Text</td>
<td>Guadalajara</td>
</tr>
<tr bgcolor="#D4E4F3">
<td>ObjectID</td>
<td>98</td>
</tr>
</table>
</td>
</tr>
</table>
</body><script type="text/javascript">
				function changeImage(attElement, nameElement) {
				document.getElementById('imageAttachment').src = attElement;
				document.getElementById('imageName').innerHTML = nameElement;}
			</script></html>
]]></description>
      <Point>
        <extrude>0</extrude><altitudeMode>clampToGround</altitudeMode>
        <coordinates> -72.19062103740821,11.30618166045752,0</coordinates>
      </Point>
    </Placemark>
    <Placemark id="ID_00108">
      <name>T101</name>
      <snippet></snippet>
      <description><![CDATA[<html xmlns:fo="http://www.w3.org/1999/XSL/Format" xmlns:msxsl="urn:schemas-microsoft-com:xslt">
<head>
<META http-equiv="Content-Type" content="text/html">
<meta http-equiv="content-type" content="text/html; charset=UTF-8">
</head>
<body style="margin:0px 0px 0px 0px;overflow:auto;background:#FFFFFF;">
<table style="font-family:Arial,Verdana,Times;font-size:12px;text-align:left;width:100%;border-collapse:collapse;padding:3px 3px 3px 3px">
<tr style="text-align:center;font-weight:bold;background:#9CBCE2">
<td></td>
</tr>
<tr>
<td>
<table style="font-family:Arial,Verdana,Times;font-size:12px;text-align:left;width:100%;border-spacing:0px; padding:3px 3px 3px 3px">
<tr>
<td>TIPO_INFRA</td>
<td>Torre</td>
</tr>
<tr bgcolor="#D4E4F3">
<td>ID_INFRA_PT</td>
<td>T101</td>
</tr>
<tr>
<td>COOR_ESTE</td>
<td>5088069,6086</td>
</tr>
<tr bgcolor="#D4E4F3">
<td>COOR_NORTE</td>
<td>2807223,1923</td>
</tr>
<tr>
<td>SITIO</td>
<td>T101</td>
</tr>
<tr bgcolor="#D4E4F3">
<td>Comunidad</td>
<td>Guadalajara</td>
</tr>
<tr>
<td>AHUYENTAMIENTO DE FAUNA</td>
<td>NO</td>
</tr>
<tr bgcolor="#D4E4F3">
<td>DESPEJE TORRE</td>
<td>0</td>
</tr>
<tr>
<td>EXCAVACIÓN</td>
<td>0</td>
</tr>
<tr bgcolor="#D4E4F3">
<td>SOLADO</td>
<td>0</td>
</tr>
<tr>
<td>CIMENTACION</td>
<td>0</td>
</tr>
<tr bgcolor="#D4E4F3">
<td>ACERO DE REFUERZO</td>
<td>0</td>
</tr>
<tr>
<td>CONCRETO</td>
<td>0</td>
</tr>
<tr bgcolor="#D4E4F3">
<td>RELLENO Y COMPACTACIÓN</td>
<td>0</td>
</tr>
<tr>
<td>COOR_X</td>
<td>5088069,6086</td>
</tr>
<tr bgcolor="#D4E4F3">
<td>COOR_Y</td>
<td>2807223,1923</td>
</tr>
<tr>
<td>Text</td>
<td>Guadalajara</td>
</tr>
<tr bgcolor="#D4E4F3">
<td>ObjectID</td>
<td>99</td>
</tr>
</table>
</td>
</tr>
</table>
</body><script type="text/javascript">
				function changeImage(attElement, nameElement) {
				document.getElementById('imageAttachment').src = attElement;
				document.getElementById('imageName').innerHTML = nameElement;}
			</script></html>
]]></description>
      <Point>
        <extrude>0</extrude><altitudeMode>clampToGround</altitudeMode>
        <coordinates> -72.19268999870468,11.30362799520148,0</coordinates>
      </Point>
    </Placemark>
    <Placemark id="ID_00109">
      <name>T102</name>
      <snippet></snippet>
      <description><![CDATA[<html xmlns:fo="http://www.w3.org/1999/XSL/Format" xmlns:msxsl="urn:schemas-microsoft-com:xslt">
<head>
<META http-equiv="Content-Type" content="text/html">
<meta http-equiv="content-type" content="text/html; charset=UTF-8">
</head>
<body style="margin:0px 0px 0px 0px;overflow:auto;background:#FFFFFF;">
<table style="font-family:Arial,Verdana,Times;font-size:12px;text-align:left;width:100%;border-collapse:collapse;padding:3px 3px 3px 3px">
<tr style="text-align:center;font-weight:bold;background:#9CBCE2">
<td></td>
</tr>
<tr>
<td>
<table style="font-family:Arial,Verdana,Times;font-size:12px;text-align:left;width:100%;border-spacing:0px; padding:3px 3px 3px 3px">
<tr>
<td>TIPO_INFRA</td>
<td>Torre</td>
</tr>
<tr bgcolor="#D4E4F3">
<td>ID_INFRA_PT</td>
<td>T102</td>
</tr>
<tr>
<td>COOR_ESTE</td>
<td>5087755,3336</td>
</tr>
<tr bgcolor="#D4E4F3">
<td>COOR_NORTE</td>
<td>2806813,2232</td>
</tr>
<tr>
<td>SITIO</td>
<td>T102</td>
</tr>
<tr bgcolor="#D4E4F3">
<td>Comunidad</td>
<td>Guadalajara</td>
</tr>
<tr>
<td>AHUYENTAMIENTO DE FAUNA</td>
<td>NO</td>
</tr>
<tr bgcolor="#D4E4F3">
<td>DESPEJE TORRE</td>
<td>0</td>
</tr>
<tr>
<td>EXCAVACIÓN</td>
<td>0</td>
</tr>
<tr bgcolor="#D4E4F3">
<td>SOLADO</td>
<td>0</td>
</tr>
<tr>
<td>CIMENTACION</td>
<td>0</td>
</tr>
<tr bgcolor="#D4E4F3">
<td>ACERO DE REFUERZO</td>
<td>0</td>
</tr>
<tr>
<td>CONCRETO</td>
<td>0</td>
</tr>
<tr bgcolor="#D4E4F3">
<td>RELLENO Y COMPACTACIÓN</td>
<td>0</td>
</tr>
<tr>
<td>COOR_X</td>
<td>5087755,3336</td>
</tr>
<tr bgcolor="#D4E4F3">
<td>COOR_Y</td>
<td>2806813,2232</td>
</tr>
<tr>
<td>Text</td>
<td>Guadalajara</td>
</tr>
<tr bgcolor="#D4E4F3">
<td>ObjectID</td>
<td>100</td>
</tr>
</table>
</td>
</tr>
</table>
</body><script type="text/javascript">
				function changeImage(attElement, nameElement) {
				document.getElementById('imageAttachment').src = attElement;
				document.getElementById('imageName').innerHTML = nameElement;}
			</script></html>
]]></description>
      <Point>
        <extrude>0</extrude><altitudeMode>clampToGround</altitudeMode>
        <coordinates> -72.1955810137227,11.29992702871105,0</coordinates>
      </Point>
    </Placemark>
    <Placemark id="ID_00110">
      <name>T103</name>
      <snippet></snippet>
      <description><![CDATA[<html xmlns:fo="http://www.w3.org/1999/XSL/Format" xmlns:msxsl="urn:schemas-microsoft-com:xslt">
<head>
<META http-equiv="Content-Type" content="text/html">
<meta http-equiv="content-type" content="text/html; charset=UTF-8">
</head>
<body style="margin:0px 0px 0px 0px;overflow:auto;background:#FFFFFF;">
<table style="font-family:Arial,Verdana,Times;font-size:12px;text-align:left;width:100%;border-collapse:collapse;padding:3px 3px 3px 3px">
<tr style="text-align:center;font-weight:bold;background:#9CBCE2">
<td></td>
</tr>
<tr>
<td>
<table style="font-family:Arial,Verdana,Times;font-size:12px;text-align:left;width:100%;border-spacing:0px; padding:3px 3px 3px 3px">
<tr>
<td>TIPO_INFRA</td>
<td>Torre</td>
</tr>
<tr bgcolor="#D4E4F3">
<td>ID_INFRA_PT</td>
<td>T103</td>
</tr>
<tr>
<td>COOR_ESTE</td>
<td>5087467,8481</td>
</tr>
<tr bgcolor="#D4E4F3">
<td>COOR_NORTE</td>
<td>2806438,2013</td>
</tr>
<tr>
<td>SITIO</td>
<td>T103</td>
</tr>
<tr bgcolor="#D4E4F3">
<td>Comunidad</td>
<td>Predio Plegatos</td>
</tr>
<tr>
<td>AHUYENTAMIENTO DE FAUNA</td>
<td>NO</td>
</tr>
<tr bgcolor="#D4E4F3">
<td>DESPEJE TORRE</td>
<td>0</td>
</tr>
<tr>
<td>EXCAVACIÓN</td>
<td>0</td>
</tr>
<tr bgcolor="#D4E4F3">
<td>SOLADO</td>
<td>0</td>
</tr>
<tr>
<td>CIMENTACION</td>
<td>0</td>
</tr>
<tr bgcolor="#D4E4F3">
<td>ACERO DE REFUERZO</td>
<td>0</td>
</tr>
<tr>
<td>CONCRETO</td>
<td>0</td>
</tr>
<tr bgcolor="#D4E4F3">
<td>RELLENO Y COMPACTACIÓN</td>
<td>0</td>
</tr>
<tr>
<td>COOR_X</td>
<td>5087467,8481</td>
</tr>
<tr bgcolor="#D4E4F3">
<td>COOR_Y</td>
<td>2806438,2013</td>
</tr>
<tr>
<td>Text</td>
<td>#N/A</td>
</tr>
<tr bgcolor="#D4E4F3">
<td>ObjectID</td>
<td>101</td>
</tr>
</table>
</td>
</tr>
</table>
</body><script type="text/javascript">
				function changeImage(attElement, nameElement) {
				document.getElementById('imageAttachment').src = attElement;
				document.getElementById('imageName').innerHTML = nameElement;}
			</script></html>
]]></description>
      <Point>
        <extrude>0</extrude><altitudeMode>clampToGround</altitudeMode>
        <coordinates> -72.1982255260428,11.29654151560293,0</coordinates>
      </Point>
    </Placemark>
    <Placemark id="ID_00111">
      <name>T104N</name>
      <snippet></snippet>
      <description><![CDATA[<html xmlns:fo="http://www.w3.org/1999/XSL/Format" xmlns:msxsl="urn:schemas-microsoft-com:xslt">
<head>
<META http-equiv="Content-Type" content="text/html">
<meta http-equiv="content-type" content="text/html; charset=UTF-8">
</head>
<body style="margin:0px 0px 0px 0px;overflow:auto;background:#FFFFFF;">
<table style="font-family:Arial,Verdana,Times;font-size:12px;text-align:left;width:100%;border-collapse:collapse;padding:3px 3px 3px 3px">
<tr style="text-align:center;font-weight:bold;background:#9CBCE2">
<td></td>
</tr>
<tr>
<td>
<table style="font-family:Arial,Verdana,Times;font-size:12px;text-align:left;width:100%;border-spacing:0px; padding:3px 3px 3px 3px">
<tr>
<td>TIPO_INFRA</td>
<td>Torre</td>
</tr>
<tr bgcolor="#D4E4F3">
<td>ID_INFRA_PT</td>
<td>T104N</td>
</tr>
<tr>
<td>COOR_ESTE</td>
<td>5087208,0664</td>
</tr>
<tr bgcolor="#D4E4F3">
<td>COOR_NORTE</td>
<td>2806099,3213</td>
</tr>
<tr>
<td>SITIO</td>
<td>T104N</td>
</tr>
<tr bgcolor="#D4E4F3">
<td>Comunidad</td>
<td>Predio Guasimalito</td>
</tr>
<tr>
<td>AHUYENTAMIENTO DE FAUNA</td>
<td>NO</td>
</tr>
<tr bgcolor="#D4E4F3">
<td>DESPEJE TORRE</td>
<td>0</td>
</tr>
<tr>
<td>EXCAVACIÓN</td>
<td>0</td>
</tr>
<tr bgcolor="#D4E4F3">
<td>SOLADO</td>
<td>0</td>
</tr>
<tr>
<td>CIMENTACION</td>
<td>0</td>
</tr>
<tr bgcolor="#D4E4F3">
<td>ACERO DE REFUERZO</td>
<td>0</td>
</tr>
<tr>
<td>CONCRETO</td>
<td>0</td>
</tr>
<tr bgcolor="#D4E4F3">
<td>RELLENO Y COMPACTACIÓN</td>
<td>0</td>
</tr>
<tr>
<td>COOR_X</td>
<td>5087208,0664</td>
</tr>
<tr bgcolor="#D4E4F3">
<td>COOR_Y</td>
<td>2806099,3213</td>
</tr>
<tr>
<td>Text</td>
<td>#N/A</td>
</tr>
<tr bgcolor="#D4E4F3">
<td>ObjectID</td>
<td>102</td>
</tr>
</table>
</td>
</tr>
</table>
</body><script type="text/javascript">
				function changeImage(attElement, nameElement) {
				document.getElementById('imageAttachment').src = attElement;
				document.getElementById('imageName').innerHTML = nameElement;}
			</script></html>
]]></description>
      <Point>
        <extrude>0</extrude><altitudeMode>clampToGround</altitudeMode>
        <coordinates> -72.20061514314976,11.29348224922717,0</coordinates>
      </Point>
    </Placemark>
    <Placemark id="ID_00112">
      <name>T105</name>
      <snippet></snippet>
      <description><![CDATA[<html xmlns:fo="http://www.w3.org/1999/XSL/Format" xmlns:msxsl="urn:schemas-microsoft-com:xslt">
<head>
<META http-equiv="Content-Type" content="text/html">
<meta http-equiv="content-type" content="text/html; charset=UTF-8">
</head>
<body style="margin:0px 0px 0px 0px;overflow:auto;background:#FFFFFF;">
<table style="font-family:Arial,Verdana,Times;font-size:12px;text-align:left;width:100%;border-collapse:collapse;padding:3px 3px 3px 3px">
<tr style="text-align:center;font-weight:bold;background:#9CBCE2">
<td></td>
</tr>
<tr>
<td>
<table style="font-family:Arial,Verdana,Times;font-size:12px;text-align:left;width:100%;border-spacing:0px; padding:3px 3px 3px 3px">
<tr>
<td>TIPO_INFRA</td>
<td>Torre</td>
</tr>
<tr bgcolor="#D4E4F3">
<td>ID_INFRA_PT</td>
<td>T105</td>
</tr>
<tr>
<td>COOR_ESTE</td>
<td>5086891,9845</td>
</tr>
<tr bgcolor="#D4E4F3">
<td>COOR_NORTE</td>
<td>2805686,999</td>
</tr>
<tr>
<td>SITIO</td>
<td>T105</td>
</tr>
<tr bgcolor="#D4E4F3">
<td>Comunidad</td>
<td>Predio Guasimalito</td>
</tr>
<tr>
<td>AHUYENTAMIENTO DE FAUNA</td>
<td>NO</td>
</tr>
<tr bgcolor="#D4E4F3">
<td>DESPEJE TORRE</td>
<td>0</td>
</tr>
<tr>
<td>EXCAVACIÓN</td>
<td>0</td>
</tr>
<tr bgcolor="#D4E4F3">
<td>SOLADO</td>
<td>0</td>
</tr>
<tr>
<td>CIMENTACION</td>
<td>0</td>
</tr>
<tr bgcolor="#D4E4F3">
<td>ACERO DE REFUERZO</td>
<td>0</td>
</tr>
<tr>
<td>CONCRETO</td>
<td>0</td>
</tr>
<tr bgcolor="#D4E4F3">
<td>RELLENO Y COMPACTACIÓN</td>
<td>0</td>
</tr>
<tr>
<td>COOR_X</td>
<td>5086891,9845</td>
</tr>
<tr bgcolor="#D4E4F3">
<td>COOR_Y</td>
<td>2805686,999</td>
</tr>
<tr>
<td>Text</td>
<td>#N/A</td>
</tr>
<tr bgcolor="#D4E4F3">
<td>ObjectID</td>
<td>103</td>
</tr>
</table>
</td>
</tr>
</table>
</body><script type="text/javascript">
				function changeImage(attElement, nameElement) {
				document.getElementById('imageAttachment').src = attElement;
				document.getElementById('imageName').innerHTML = nameElement;}
			</script></html>
]]></description>
      <Point>
        <extrude>0</extrude><altitudeMode>clampToGround</altitudeMode>
        <coordinates> -72.20352257139226,11.28975994513216,0</coordinates>
      </Point>
    </Placemark>
    <Placemark id="ID_00113">
      <name>T106</name>
      <snippet></snippet>
      <description><![CDATA[<html xmlns:fo="http://www.w3.org/1999/XSL/Format" xmlns:msxsl="urn:schemas-microsoft-com:xslt">
<head>
<META http-equiv="Content-Type" content="text/html">
<meta http-equiv="content-type" content="text/html; charset=UTF-8">
</head>
<body style="margin:0px 0px 0px 0px;overflow:auto;background:#FFFFFF;">
<table style="font-family:Arial,Verdana,Times;font-size:12px;text-align:left;width:100%;border-collapse:collapse;padding:3px 3px 3px 3px">
<tr style="text-align:center;font-weight:bold;background:#9CBCE2">
<td></td>
</tr>
<tr>
<td>
<table style="font-family:Arial,Verdana,Times;font-size:12px;text-align:left;width:100%;border-spacing:0px; padding:3px 3px 3px 3px">
<tr>
<td>TIPO_INFRA</td>
<td>Torre</td>
</tr>
<tr bgcolor="#D4E4F3">
<td>ID_INFRA_PT</td>
<td>T106</td>
</tr>
<tr>
<td>COOR_ESTE</td>
<td>5086598,3284</td>
</tr>
<tr bgcolor="#D4E4F3">
<td>COOR_NORTE</td>
<td>2805303,9319</td>
</tr>
<tr>
<td>SITIO</td>
<td>T106</td>
</tr>
<tr bgcolor="#D4E4F3">
<td>Comunidad</td>
<td>Predio Guasimalito</td>
</tr>
<tr>
<td>AHUYENTAMIENTO DE FAUNA</td>
<td>NO</td>
</tr>
<tr bgcolor="#D4E4F3">
<td>DESPEJE TORRE</td>
<td>0</td>
</tr>
<tr>
<td>EXCAVACIÓN</td>
<td>0</td>
</tr>
<tr bgcolor="#D4E4F3">
<td>SOLADO</td>
<td>0</td>
</tr>
<tr>
<td>CIMENTACION</td>
<td>0</td>
</tr>
<tr bgcolor="#D4E4F3">
<td>ACERO DE REFUERZO</td>
<td>0</td>
</tr>
<tr>
<td>CONCRETO</td>
<td>0</td>
</tr>
<tr bgcolor="#D4E4F3">
<td>RELLENO Y COMPACTACIÓN</td>
<td>0</td>
</tr>
<tr>
<td>COOR_X</td>
<td>5086598,3284</td>
</tr>
<tr bgcolor="#D4E4F3">
<td>COOR_Y</td>
<td>2805303,9319</td>
</tr>
<tr>
<td>Text</td>
<td>#N/A</td>
</tr>
<tr bgcolor="#D4E4F3">
<td>ObjectID</td>
<td>104</td>
</tr>
</table>
</td>
</tr>
</table>
</body><script type="text/javascript">
				function changeImage(attElement, nameElement) {
				document.getElementById('imageAttachment').src = attElement;
				document.getElementById('imageName').innerHTML = nameElement;}
			</script></html>
]]></description>
      <Point>
        <extrude>0</extrude><altitudeMode>clampToGround</altitudeMode>
        <coordinates> -72.20622365113849,11.28630171602374,0</coordinates>
      </Point>
    </Placemark>
    <Placemark id="ID_00114">
      <name>T107</name>
      <snippet></snippet>
      <description><![CDATA[<html xmlns:fo="http://www.w3.org/1999/XSL/Format" xmlns:msxsl="urn:schemas-microsoft-com:xslt">
<head>
<META http-equiv="Content-Type" content="text/html">
<meta http-equiv="content-type" content="text/html; charset=UTF-8">
</head>
<body style="margin:0px 0px 0px 0px;overflow:auto;background:#FFFFFF;">
<table style="font-family:Arial,Verdana,Times;font-size:12px;text-align:left;width:100%;border-collapse:collapse;padding:3px 3px 3px 3px">
<tr style="text-align:center;font-weight:bold;background:#9CBCE2">
<td></td>
</tr>
<tr>
<td>
<table style="font-family:Arial,Verdana,Times;font-size:12px;text-align:left;width:100%;border-spacing:0px; padding:3px 3px 3px 3px">
<tr>
<td>TIPO_INFRA</td>
<td>Torre</td>
</tr>
<tr bgcolor="#D4E4F3">
<td>ID_INFRA_PT</td>
<td>T107</td>
</tr>
<tr>
<td>COOR_ESTE</td>
<td>5086298,7219</td>
</tr>
<tr bgcolor="#D4E4F3">
<td>COOR_NORTE</td>
<td>2804913,1051</td>
</tr>
<tr>
<td>SITIO</td>
<td>T107</td>
</tr>
<tr bgcolor="#D4E4F3">
<td>Comunidad</td>
<td>Predio Guasimalito</td>
</tr>
<tr>
<td>AHUYENTAMIENTO DE FAUNA</td>
<td>NO</td>
</tr>
<tr bgcolor="#D4E4F3">
<td>DESPEJE TORRE</td>
<td>0</td>
</tr>
<tr>
<td>EXCAVACIÓN</td>
<td>0</td>
</tr>
<tr bgcolor="#D4E4F3">
<td>SOLADO</td>
<td>0</td>
</tr>
<tr>
<td>CIMENTACION</td>
<td>0</td>
</tr>
<tr bgcolor="#D4E4F3">
<td>ACERO DE REFUERZO</td>
<td>0</td>
</tr>
<tr>
<td>CONCRETO</td>
<td>0</td>
</tr>
<tr bgcolor="#D4E4F3">
<td>RELLENO Y COMPACTACIÓN</td>
<td>0</td>
</tr>
<tr>
<td>COOR_X</td>
<td>5086298,7219</td>
</tr>
<tr bgcolor="#D4E4F3">
<td>COOR_Y</td>
<td>2804913,1051</td>
</tr>
<tr>
<td>Text</td>
<td>#N/A</td>
</tr>
<tr bgcolor="#D4E4F3">
<td>ObjectID</td>
<td>105</td>
</tr>
</table>
</td>
</tr>
</table>
</body><script type="text/javascript">
				function changeImage(attElement, nameElement) {
				document.getElementById('imageAttachment').src = attElement;
				document.getElementById('imageName').innerHTML = nameElement;}
			</script></html>
]]></description>
      <Point>
        <extrude>0</extrude><altitudeMode>clampToGround</altitudeMode>
        <coordinates> -72.2089793953853,11.28277340374704,0</coordinates>
      </Point>
    </Placemark>
    <Placemark id="ID_00115">
      <name>T116</name>
      <snippet></snippet>
      <description><![CDATA[<html xmlns:fo="http://www.w3.org/1999/XSL/Format" xmlns:msxsl="urn:schemas-microsoft-com:xslt">
<head>
<META http-equiv="Content-Type" content="text/html">
<meta http-equiv="content-type" content="text/html; charset=UTF-8">
</head>
<body style="margin:0px 0px 0px 0px;overflow:auto;background:#FFFFFF;">
<table style="font-family:Arial,Verdana,Times;font-size:12px;text-align:left;width:100%;border-collapse:collapse;padding:3px 3px 3px 3px">
<tr style="text-align:center;font-weight:bold;background:#9CBCE2">
<td></td>
</tr>
<tr>
<td>
<table style="font-family:Arial,Verdana,Times;font-size:12px;text-align:left;width:100%;border-spacing:0px; padding:3px 3px 3px 3px">
<tr>
<td>TIPO_INFRA</td>
<td>Torre</td>
</tr>
<tr bgcolor="#D4E4F3">
<td>ID_INFRA_PT</td>
<td>T116</td>
</tr>
<tr>
<td>COOR_ESTE</td>
<td>5084187,1487</td>
</tr>
<tr bgcolor="#D4E4F3">
<td>COOR_NORTE</td>
<td>2801615,3409</td>
</tr>
<tr>
<td>SITIO</td>
<td>T116</td>
</tr>
<tr bgcolor="#D4E4F3">
<td>Comunidad</td>
<td>Predio Adaluz</td>
</tr>
<tr>
<td>AHUYENTAMIENTO DE FAUNA</td>
<td>NO</td>
</tr>
<tr bgcolor="#D4E4F3">
<td>DESPEJE TORRE</td>
<td>0</td>
</tr>
<tr>
<td>EXCAVACIÓN</td>
<td>0</td>
</tr>
<tr bgcolor="#D4E4F3">
<td>SOLADO</td>
<td>0</td>
</tr>
<tr>
<td>CIMENTACION</td>
<td>0</td>
</tr>
<tr bgcolor="#D4E4F3">
<td>ACERO DE REFUERZO</td>
<td>0</td>
</tr>
<tr>
<td>CONCRETO</td>
<td>0</td>
</tr>
<tr bgcolor="#D4E4F3">
<td>RELLENO Y COMPACTACIÓN</td>
<td>0</td>
</tr>
<tr>
<td>COOR_X</td>
<td>5084187,1487</td>
</tr>
<tr bgcolor="#D4E4F3">
<td>COOR_Y</td>
<td>2801615,3409</td>
</tr>
<tr>
<td>Text</td>
<td>#N/A</td>
</tr>
<tr bgcolor="#D4E4F3">
<td>ObjectID</td>
<td>116</td>
</tr>
</table>
</td>
</tr>
</table>
</body><script type="text/javascript">
				function changeImage(attElement, nameElement) {
				document.getElementById('imageAttachment').src = attElement;
				document.getElementById('imageName').innerHTML = nameElement;}
			</script></html>
]]></description>
      <Point>
        <extrude>0</extrude><altitudeMode>clampToGround</altitudeMode>
        <coordinates> -72.22841253673008,11.25299068867032,0</coordinates>
      </Point>
    </Placemark>
    <Placemark id="ID_00116">
      <name>T117</name>
      <snippet></snippet>
      <description><![CDATA[<html xmlns:fo="http://www.w3.org/1999/XSL/Format" xmlns:msxsl="urn:schemas-microsoft-com:xslt">
<head>
<META http-equiv="Content-Type" content="text/html">
<meta http-equiv="content-type" content="text/html; charset=UTF-8">
</head>
<body style="margin:0px 0px 0px 0px;overflow:auto;background:#FFFFFF;">
<table style="font-family:Arial,Verdana,Times;font-size:12px;text-align:left;width:100%;border-collapse:collapse;padding:3px 3px 3px 3px">
<tr style="text-align:center;font-weight:bold;background:#9CBCE2">
<td></td>
</tr>
<tr>
<td>
<table style="font-family:Arial,Verdana,Times;font-size:12px;text-align:left;width:100%;border-spacing:0px; padding:3px 3px 3px 3px">
<tr>
<td>TIPO_INFRA</td>
<td>Torre</td>
</tr>
<tr bgcolor="#D4E4F3">
<td>ID_INFRA_PT</td>
<td>T117</td>
</tr>
<tr>
<td>COOR_ESTE</td>
<td>5083962,0842</td>
</tr>
<tr bgcolor="#D4E4F3">
<td>COOR_NORTE</td>
<td>2801156,9598</td>
</tr>
<tr>
<td>SITIO</td>
<td>T117</td>
</tr>
<tr bgcolor="#D4E4F3">
<td>Comunidad</td>
<td>Predio Adaluz</td>
</tr>
<tr>
<td>AHUYENTAMIENTO DE FAUNA</td>
<td>NO</td>
</tr>
<tr bgcolor="#D4E4F3">
<td>DESPEJE TORRE</td>
<td>0</td>
</tr>
<tr>
<td>EXCAVACIÓN</td>
<td>0</td>
</tr>
<tr bgcolor="#D4E4F3">
<td>SOLADO</td>
<td>0</td>
</tr>
<tr>
<td>CIMENTACION</td>
<td>0</td>
</tr>
<tr bgcolor="#D4E4F3">
<td>ACERO DE REFUERZO</td>
<td>0</td>
</tr>
<tr>
<td>CONCRETO</td>
<td>0</td>
</tr>
<tr bgcolor="#D4E4F3">
<td>RELLENO Y COMPACTACIÓN</td>
<td>0</td>
</tr>
<tr>
<td>COOR_X</td>
<td>5083962,0842</td>
</tr>
<tr bgcolor="#D4E4F3">
<td>COOR_Y</td>
<td>2801156,9598</td>
</tr>
<tr>
<td>Text</td>
<td>#N/A</td>
</tr>
<tr bgcolor="#D4E4F3">
<td>ObjectID</td>
<td>117</td>
</tr>
</table>
</td>
</tr>
</table>
</body><script type="text/javascript">
				function changeImage(attElement, nameElement) {
				document.getElementById('imageAttachment').src = attElement;
				document.getElementById('imageName').innerHTML = nameElement;}
			</script></html>
]]></description>
      <Point>
        <extrude>0</extrude><altitudeMode>clampToGround</altitudeMode>
        <coordinates> -72.23048616446033,11.2488492168465,0</coordinates>
      </Point>
    </Placemark>
    <Placemark id="ID_00117">
      <name>T118</name>
      <snippet></snippet>
      <description><![CDATA[<html xmlns:fo="http://www.w3.org/1999/XSL/Format" xmlns:msxsl="urn:schemas-microsoft-com:xslt">
<head>
<META http-equiv="Content-Type" content="text/html">
<meta http-equiv="content-type" content="text/html; charset=UTF-8">
</head>
<body style="margin:0px 0px 0px 0px;overflow:auto;background:#FFFFFF;">
<table style="font-family:Arial,Verdana,Times;font-size:12px;text-align:left;width:100%;border-collapse:collapse;padding:3px 3px 3px 3px">
<tr style="text-align:center;font-weight:bold;background:#9CBCE2">
<td></td>
</tr>
<tr>
<td>
<table style="font-family:Arial,Verdana,Times;font-size:12px;text-align:left;width:100%;border-spacing:0px; padding:3px 3px 3px 3px">
<tr>
<td>TIPO_INFRA</td>
<td>Torre</td>
</tr>
<tr bgcolor="#D4E4F3">
<td>ID_INFRA_PT</td>
<td>T118</td>
</tr>
<tr>
<td>COOR_ESTE</td>
<td>5083753,951</td>
</tr>
<tr bgcolor="#D4E4F3">
<td>COOR_NORTE</td>
<td>2800733,062</td>
</tr>
<tr>
<td>SITIO</td>
<td>T118</td>
</tr>
<tr bgcolor="#D4E4F3">
<td>Comunidad</td>
<td>Predio La Inmensidad</td>
</tr>
<tr>
<td>AHUYENTAMIENTO DE FAUNA</td>
<td>NO</td>
</tr>
<tr bgcolor="#D4E4F3">
<td>DESPEJE TORRE</td>
<td>0</td>
</tr>
<tr>
<td>EXCAVACIÓN</td>
<td>0</td>
</tr>
<tr bgcolor="#D4E4F3">
<td>SOLADO</td>
<td>0</td>
</tr>
<tr>
<td>CIMENTACION</td>
<td>0</td>
</tr>
<tr bgcolor="#D4E4F3">
<td>ACERO DE REFUERZO</td>
<td>0</td>
</tr>
<tr>
<td>CONCRETO</td>
<td>0</td>
</tr>
<tr bgcolor="#D4E4F3">
<td>RELLENO Y COMPACTACIÓN</td>
<td>0</td>
</tr>
<tr>
<td>COOR_X</td>
<td>5083753,951</td>
</tr>
<tr bgcolor="#D4E4F3">
<td>COOR_Y</td>
<td>2800733,062</td>
</tr>
<tr>
<td>Text</td>
<td>#N/A</td>
</tr>
<tr bgcolor="#D4E4F3">
<td>ObjectID</td>
<td>118</td>
</tr>
</table>
</td>
</tr>
</table>
</body><script type="text/javascript">
				function changeImage(attElement, nameElement) {
				document.getElementById('imageAttachment').src = attElement;
				document.getElementById('imageName').innerHTML = nameElement;}
			</script></html>
]]></description>
      <Point>
        <extrude>0</extrude><altitudeMode>clampToGround</altitudeMode>
        <coordinates> -72.23240374054676,11.24501928418279,0</coordinates>
      </Point>
    </Placemark>
    <Placemark id="ID_00118">
      <name>T119N</name>
      <snippet></snippet>
      <description><![CDATA[<html xmlns:fo="http://www.w3.org/1999/XSL/Format" xmlns:msxsl="urn:schemas-microsoft-com:xslt">
<head>
<META http-equiv="Content-Type" content="text/html">
<meta http-equiv="content-type" content="text/html; charset=UTF-8">
</head>
<body style="margin:0px 0px 0px 0px;overflow:auto;background:#FFFFFF;">
<table style="font-family:Arial,Verdana,Times;font-size:12px;text-align:left;width:100%;border-collapse:collapse;padding:3px 3px 3px 3px">
<tr style="text-align:center;font-weight:bold;background:#9CBCE2">
<td></td>
</tr>
<tr>
<td>
<table style="font-family:Arial,Verdana,Times;font-size:12px;text-align:left;width:100%;border-spacing:0px; padding:3px 3px 3px 3px">
<tr>
<td>TIPO_INFRA</td>
<td>Torre</td>
</tr>
<tr bgcolor="#D4E4F3">
<td>ID_INFRA_PT</td>
<td>T119N</td>
</tr>
<tr>
<td>COOR_ESTE</td>
<td>5083524,9776</td>
</tr>
<tr bgcolor="#D4E4F3">
<td>COOR_NORTE</td>
<td>2800266,7245</td>
</tr>
<tr>
<td>SITIO</td>
<td>T119N</td>
</tr>
<tr bgcolor="#D4E4F3">
<td>Comunidad</td>
<td>Predio La Mina</td>
</tr>
<tr>
<td>AHUYENTAMIENTO DE FAUNA</td>
<td>NO</td>
</tr>
<tr bgcolor="#D4E4F3">
<td>DESPEJE TORRE</td>
<td>0</td>
</tr>
<tr>
<td>EXCAVACIÓN</td>
<td>0</td>
</tr>
<tr bgcolor="#D4E4F3">
<td>SOLADO</td>
<td>0</td>
</tr>
<tr>
<td>CIMENTACION</td>
<td>0</td>
</tr>
<tr bgcolor="#D4E4F3">
<td>ACERO DE REFUERZO</td>
<td>0</td>
</tr>
<tr>
<td>CONCRETO</td>
<td>0</td>
</tr>
<tr bgcolor="#D4E4F3">
<td>RELLENO Y COMPACTACIÓN</td>
<td>0</td>
</tr>
<tr>
<td>COOR_X</td>
<td>5083524,9776</td>
</tr>
<tr bgcolor="#D4E4F3">
<td>COOR_Y</td>
<td>2800266,7245</td>
</tr>
<tr>
<td>Text</td>
<td>#N/A</td>
</tr>
<tr bgcolor="#D4E4F3">
<td>ObjectID</td>
<td>119</td>
</tr>
</table>
</td>
</tr>
</table>
</body><script type="text/javascript">
				function changeImage(attElement, nameElement) {
				document.getElementById('imageAttachment').src = attElement;
				document.getElementById('imageName').innerHTML = nameElement;}
			</script></html>
]]></description>
      <Point>
        <extrude>0</extrude><altitudeMode>clampToGround</altitudeMode>
        <coordinates> -72.23451326029237,11.24080588803884,0</coordinates>
      </Point>
    </Placemark>
    <Placemark id="ID_00119">
      <name>T120</name>
      <snippet></snippet>
      <description><![CDATA[<html xmlns:fo="http://www.w3.org/1999/XSL/Format" xmlns:msxsl="urn:schemas-microsoft-com:xslt">
<head>
<META http-equiv="Content-Type" content="text/html">
<meta http-equiv="content-type" content="text/html; charset=UTF-8">
</head>
<body style="margin:0px 0px 0px 0px;overflow:auto;background:#FFFFFF;">
<table style="font-family:Arial,Verdana,Times;font-size:12px;text-align:left;width:100%;border-collapse:collapse;padding:3px 3px 3px 3px">
<tr style="text-align:center;font-weight:bold;background:#9CBCE2">
<td></td>
</tr>
<tr>
<td>
<table style="font-family:Arial,Verdana,Times;font-size:12px;text-align:left;width:100%;border-spacing:0px; padding:3px 3px 3px 3px">
<tr>
<td>TIPO_INFRA</td>
<td>Torre</td>
</tr>
<tr bgcolor="#D4E4F3">
<td>ID_INFRA_PT</td>
<td>T120</td>
</tr>
<tr>
<td>COOR_ESTE</td>
<td>5083349,6651</td>
</tr>
<tr bgcolor="#D4E4F3">
<td>COOR_NORTE</td>
<td>2799909,6769</td>
</tr>
<tr>
<td>SITIO</td>
<td>T120</td>
</tr>
<tr bgcolor="#D4E4F3">
<td>Comunidad</td>
<td>Predio La Mina</td>
</tr>
<tr>
<td>AHUYENTAMIENTO DE FAUNA</td>
<td>NO</td>
</tr>
<tr bgcolor="#D4E4F3">
<td>DESPEJE TORRE</td>
<td>0</td>
</tr>
<tr>
<td>EXCAVACIÓN</td>
<td>0</td>
</tr>
<tr bgcolor="#D4E4F3">
<td>SOLADO</td>
<td>0</td>
</tr>
<tr>
<td>CIMENTACION</td>
<td>0</td>
</tr>
<tr bgcolor="#D4E4F3">
<td>ACERO DE REFUERZO</td>
<td>0</td>
</tr>
<tr>
<td>CONCRETO</td>
<td>0</td>
</tr>
<tr bgcolor="#D4E4F3">
<td>RELLENO Y COMPACTACIÓN</td>
<td>0</td>
</tr>
<tr>
<td>COOR_X</td>
<td>5083349,6651</td>
</tr>
<tr bgcolor="#D4E4F3">
<td>COOR_Y</td>
<td>2799909,6769</td>
</tr>
<tr>
<td>Text</td>
<td>#N/A</td>
</tr>
<tr bgcolor="#D4E4F3">
<td>ObjectID</td>
<td>120</td>
</tr>
</table>
</td>
</tr>
</table>
</body><script type="text/javascript">
				function changeImage(attElement, nameElement) {
				document.getElementById('imageAttachment').src = attElement;
				document.getElementById('imageName').innerHTML = nameElement;}
			</script></html>
]]></description>
      <Point>
        <extrude>0</extrude><altitudeMode>clampToGround</altitudeMode>
        <coordinates> -72.23612836146162,11.23757992117798,0</coordinates>
      </Point>
    </Placemark>
    <Placemark id="ID_00120">
      <name>T121</name>
      <snippet></snippet>
      <description><![CDATA[<html xmlns:fo="http://www.w3.org/1999/XSL/Format" xmlns:msxsl="urn:schemas-microsoft-com:xslt">
<head>
<META http-equiv="Content-Type" content="text/html">
<meta http-equiv="content-type" content="text/html; charset=UTF-8">
</head>
<body style="margin:0px 0px 0px 0px;overflow:auto;background:#FFFFFF;">
<table style="font-family:Arial,Verdana,Times;font-size:12px;text-align:left;width:100%;border-collapse:collapse;padding:3px 3px 3px 3px">
<tr style="text-align:center;font-weight:bold;background:#9CBCE2">
<td></td>
</tr>
<tr>
<td>
<table style="font-family:Arial,Verdana,Times;font-size:12px;text-align:left;width:100%;border-spacing:0px; padding:3px 3px 3px 3px">
<tr>
<td>TIPO_INFRA</td>
<td>Torre</td>
</tr>
<tr bgcolor="#D4E4F3">
<td>ID_INFRA_PT</td>
<td>T121</td>
</tr>
<tr>
<td>COOR_ESTE</td>
<td>5083249,9512</td>
</tr>
<tr bgcolor="#D4E4F3">
<td>COOR_NORTE</td>
<td>2799706,5973</td>
</tr>
<tr>
<td>SITIO</td>
<td>T121</td>
</tr>
<tr bgcolor="#D4E4F3">
<td>Comunidad</td>
<td>Predio La Mina</td>
</tr>
<tr>
<td>AHUYENTAMIENTO DE FAUNA</td>
<td>NO</td>
</tr>
<tr bgcolor="#D4E4F3">
<td>DESPEJE TORRE</td>
<td>0</td>
</tr>
<tr>
<td>EXCAVACIÓN</td>
<td>0</td>
</tr>
<tr bgcolor="#D4E4F3">
<td>SOLADO</td>
<td>0</td>
</tr>
<tr>
<td>CIMENTACION</td>
<td>0</td>
</tr>
<tr bgcolor="#D4E4F3">
<td>ACERO DE REFUERZO</td>
<td>0</td>
</tr>
<tr>
<td>CONCRETO</td>
<td>0</td>
</tr>
<tr bgcolor="#D4E4F3">
<td>RELLENO Y COMPACTACIÓN</td>
<td>0</td>
</tr>
<tr>
<td>COOR_X</td>
<td>5083249,9512</td>
</tr>
<tr bgcolor="#D4E4F3">
<td>COOR_Y</td>
<td>2799706,5973</td>
</tr>
<tr>
<td>Text</td>
<td>#N/A</td>
</tr>
<tr bgcolor="#D4E4F3">
<td>ObjectID</td>
<td>121</td>
</tr>
</table>
</td>
</tr>
</table>
</body><script type="text/javascript">
				function changeImage(attElement, nameElement) {
				document.getElementById('imageAttachment').src = attElement;
				document.getElementById('imageName').innerHTML = nameElement;}
			</script></html>
]]></description>
      <Point>
        <extrude>0</extrude><altitudeMode>clampToGround</altitudeMode>
        <coordinates> -72.23704697867575,11.23574506796984,0</coordinates>
      </Point>
    </Placemark>
    <Placemark id="ID_00121">
      <name>T122</name>
      <snippet></snippet>
      <description><![CDATA[<html xmlns:fo="http://www.w3.org/1999/XSL/Format" xmlns:msxsl="urn:schemas-microsoft-com:xslt">
<head>
<META http-equiv="Content-Type" content="text/html">
<meta http-equiv="content-type" content="text/html; charset=UTF-8">
</head>
<body style="margin:0px 0px 0px 0px;overflow:auto;background:#FFFFFF;">
<table style="font-family:Arial,Verdana,Times;font-size:12px;text-align:left;width:100%;border-collapse:collapse;padding:3px 3px 3px 3px">
<tr style="text-align:center;font-weight:bold;background:#9CBCE2">
<td></td>
</tr>
<tr>
<td>
<table style="font-family:Arial,Verdana,Times;font-size:12px;text-align:left;width:100%;border-spacing:0px; padding:3px 3px 3px 3px">
<tr>
<td>TIPO_INFRA</td>
<td>Torre</td>
</tr>
<tr bgcolor="#D4E4F3">
<td>ID_INFRA_PT</td>
<td>T122</td>
</tr>
<tr>
<td>COOR_ESTE</td>
<td>5083050,578</td>
</tr>
<tr bgcolor="#D4E4F3">
<td>COOR_NORTE</td>
<td>2799300,5481</td>
</tr>
<tr>
<td>SITIO</td>
<td>T122</td>
</tr>
<tr bgcolor="#D4E4F3">
<td>Comunidad</td>
<td>Predio Las Perlas</td>
</tr>
<tr>
<td>AHUYENTAMIENTO DE FAUNA</td>
<td>NO</td>
</tr>
<tr bgcolor="#D4E4F3">
<td>DESPEJE TORRE</td>
<td>0</td>
</tr>
<tr>
<td>EXCAVACIÓN</td>
<td>0</td>
</tr>
<tr bgcolor="#D4E4F3">
<td>SOLADO</td>
<td>0</td>
</tr>
<tr>
<td>CIMENTACION</td>
<td>0</td>
</tr>
<tr bgcolor="#D4E4F3">
<td>ACERO DE REFUERZO</td>
<td>0</td>
</tr>
<tr>
<td>CONCRETO</td>
<td>0</td>
</tr>
<tr bgcolor="#D4E4F3">
<td>RELLENO Y COMPACTACIÓN</td>
<td>0</td>
</tr>
<tr>
<td>COOR_X</td>
<td>5083050,578</td>
</tr>
<tr bgcolor="#D4E4F3">
<td>COOR_Y</td>
<td>2799300,5481</td>
</tr>
<tr>
<td>Text</td>
<td>#N/A</td>
</tr>
<tr bgcolor="#D4E4F3">
<td>ObjectID</td>
<td>122</td>
</tr>
</table>
</td>
</tr>
</table>
</body><script type="text/javascript">
				function changeImage(attElement, nameElement) {
				document.getElementById('imageAttachment').src = attElement;
				document.getElementById('imageName').innerHTML = nameElement;}
			</script></html>
]]></description>
      <Point>
        <extrude>0</extrude><altitudeMode>clampToGround</altitudeMode>
        <coordinates> -72.23888367354125,11.2320763439652,0</coordinates>
      </Point>
    </Placemark>
    <Placemark id="ID_00122">
      <name>T123</name>
      <snippet></snippet>
      <description><![CDATA[<html xmlns:fo="http://www.w3.org/1999/XSL/Format" xmlns:msxsl="urn:schemas-microsoft-com:xslt">
<head>
<META http-equiv="Content-Type" content="text/html">
<meta http-equiv="content-type" content="text/html; charset=UTF-8">
</head>
<body style="margin:0px 0px 0px 0px;overflow:auto;background:#FFFFFF;">
<table style="font-family:Arial,Verdana,Times;font-size:12px;text-align:left;width:100%;border-collapse:collapse;padding:3px 3px 3px 3px">
<tr style="text-align:center;font-weight:bold;background:#9CBCE2">
<td></td>
</tr>
<tr>
<td>
<table style="font-family:Arial,Verdana,Times;font-size:12px;text-align:left;width:100%;border-spacing:0px; padding:3px 3px 3px 3px">
<tr>
<td>TIPO_INFRA</td>
<td>Torre</td>
</tr>
<tr bgcolor="#D4E4F3">
<td>ID_INFRA_PT</td>
<td>T123</td>
</tr>
<tr>
<td>COOR_ESTE</td>
<td>5082905,4107</td>
</tr>
<tr bgcolor="#D4E4F3">
<td>COOR_NORTE</td>
<td>2799004,8985</td>
</tr>
<tr>
<td>SITIO</td>
<td>T123</td>
</tr>
<tr bgcolor="#D4E4F3">
<td>Comunidad</td>
<td>Predio Las Perlas</td>
</tr>
<tr>
<td>AHUYENTAMIENTO DE FAUNA</td>
<td>NO</td>
</tr>
<tr bgcolor="#D4E4F3">
<td>DESPEJE TORRE</td>
<td>0</td>
</tr>
<tr>
<td>EXCAVACIÓN</td>
<td>0</td>
</tr>
<tr bgcolor="#D4E4F3">
<td>SOLADO</td>
<td>0</td>
</tr>
<tr>
<td>CIMENTACION</td>
<td>0</td>
</tr>
<tr bgcolor="#D4E4F3">
<td>ACERO DE REFUERZO</td>
<td>0</td>
</tr>
<tr>
<td>CONCRETO</td>
<td>0</td>
</tr>
<tr bgcolor="#D4E4F3">
<td>RELLENO Y COMPACTACIÓN</td>
<td>0</td>
</tr>
<tr>
<td>COOR_X</td>
<td>5082905,4107</td>
</tr>
<tr bgcolor="#D4E4F3">
<td>COOR_Y</td>
<td>2799004,8985</td>
</tr>
<tr>
<td>Text</td>
<td>#N/A</td>
</tr>
<tr bgcolor="#D4E4F3">
<td>ObjectID</td>
<td>123</td>
</tr>
</table>
</td>
</tr>
</table>
</body><script type="text/javascript">
				function changeImage(attElement, nameElement) {
				document.getElementById('imageAttachment').src = attElement;
				document.getElementById('imageName').innerHTML = nameElement;}
			</script></html>
]]></description>
      <Point>
        <extrude>0</extrude><altitudeMode>clampToGround</altitudeMode>
        <coordinates> -72.240220974178,11.22940508967422,0</coordinates>
      </Point>
    </Placemark>
    <Placemark id="ID_00123">
      <name>T124</name>
      <snippet></snippet>
      <description><![CDATA[<html xmlns:fo="http://www.w3.org/1999/XSL/Format" xmlns:msxsl="urn:schemas-microsoft-com:xslt">
<head>
<META http-equiv="Content-Type" content="text/html">
<meta http-equiv="content-type" content="text/html; charset=UTF-8">
</head>
<body style="margin:0px 0px 0px 0px;overflow:auto;background:#FFFFFF;">
<table style="font-family:Arial,Verdana,Times;font-size:12px;text-align:left;width:100%;border-collapse:collapse;padding:3px 3px 3px 3px">
<tr style="text-align:center;font-weight:bold;background:#9CBCE2">
<td></td>
</tr>
<tr>
<td>
<table style="font-family:Arial,Verdana,Times;font-size:12px;text-align:left;width:100%;border-spacing:0px; padding:3px 3px 3px 3px">
<tr>
<td>TIPO_INFRA</td>
<td>Torre</td>
</tr>
<tr bgcolor="#D4E4F3">
<td>ID_INFRA_PT</td>
<td>T124</td>
</tr>
<tr>
<td>COOR_ESTE</td>
<td>5082731,9137</td>
</tr>
<tr bgcolor="#D4E4F3">
<td>COOR_NORTE</td>
<td>2798651,5558</td>
</tr>
<tr>
<td>SITIO</td>
<td>T124</td>
</tr>
<tr bgcolor="#D4E4F3">
<td>Comunidad</td>
<td>Predio Las Perlas</td>
</tr>
<tr>
<td>AHUYENTAMIENTO DE FAUNA</td>
<td>NO</td>
</tr>
<tr bgcolor="#D4E4F3">
<td>DESPEJE TORRE</td>
<td>0</td>
</tr>
<tr>
<td>EXCAVACIÓN</td>
<td>0</td>
</tr>
<tr bgcolor="#D4E4F3">
<td>SOLADO</td>
<td>0</td>
</tr>
<tr>
<td>CIMENTACION</td>
<td>0</td>
</tr>
<tr bgcolor="#D4E4F3">
<td>ACERO DE REFUERZO</td>
<td>0</td>
</tr>
<tr>
<td>CONCRETO</td>
<td>0</td>
</tr>
<tr bgcolor="#D4E4F3">
<td>RELLENO Y COMPACTACIÓN</td>
<td>0</td>
</tr>
<tr>
<td>COOR_X</td>
<td>5082731,9137</td>
</tr>
<tr bgcolor="#D4E4F3">
<td>COOR_Y</td>
<td>2798651,5558</td>
</tr>
<tr>
<td>Text</td>
<td>#N/A</td>
</tr>
<tr bgcolor="#D4E4F3">
<td>ObjectID</td>
<td>124</td>
</tr>
</table>
</td>
</tr>
</table>
</body><script type="text/javascript">
				function changeImage(attElement, nameElement) {
				document.getElementById('imageAttachment').src = attElement;
				document.getElementById('imageName').innerHTML = nameElement;}
			</script></html>
]]></description>
      <Point>
        <extrude>0</extrude><altitudeMode>clampToGround</altitudeMode>
        <coordinates> -72.24181921782963,11.22621255593269,0</coordinates>
      </Point>
    </Placemark>
    <Placemark id="ID_00124">
      <name>T125</name>
      <snippet></snippet>
      <description><![CDATA[<html xmlns:fo="http://www.w3.org/1999/XSL/Format" xmlns:msxsl="urn:schemas-microsoft-com:xslt">
<head>
<META http-equiv="Content-Type" content="text/html">
<meta http-equiv="content-type" content="text/html; charset=UTF-8">
</head>
<body style="margin:0px 0px 0px 0px;overflow:auto;background:#FFFFFF;">
<table style="font-family:Arial,Verdana,Times;font-size:12px;text-align:left;width:100%;border-collapse:collapse;padding:3px 3px 3px 3px">
<tr style="text-align:center;font-weight:bold;background:#9CBCE2">
<td></td>
</tr>
<tr>
<td>
<table style="font-family:Arial,Verdana,Times;font-size:12px;text-align:left;width:100%;border-spacing:0px; padding:3px 3px 3px 3px">
<tr>
<td>TIPO_INFRA</td>
<td>Torre</td>
</tr>
<tr bgcolor="#D4E4F3">
<td>ID_INFRA_PT</td>
<td>T125</td>
</tr>
<tr>
<td>COOR_ESTE</td>
<td>5082551,5152</td>
</tr>
<tr bgcolor="#D4E4F3">
<td>COOR_NORTE</td>
<td>2798284,1562</td>
</tr>
<tr>
<td>SITIO</td>
<td>T125</td>
</tr>
<tr bgcolor="#D4E4F3">
<td>Comunidad</td>
<td>Predio Santa Martha</td>
</tr>
<tr>
<td>AHUYENTAMIENTO DE FAUNA</td>
<td>NO</td>
</tr>
<tr bgcolor="#D4E4F3">
<td>DESPEJE TORRE</td>
<td>0</td>
</tr>
<tr>
<td>EXCAVACIÓN</td>
<td>0</td>
</tr>
<tr bgcolor="#D4E4F3">
<td>SOLADO</td>
<td>0</td>
</tr>
<tr>
<td>CIMENTACION</td>
<td>0</td>
</tr>
<tr bgcolor="#D4E4F3">
<td>ACERO DE REFUERZO</td>
<td>0</td>
</tr>
<tr>
<td>CONCRETO</td>
<td>0</td>
</tr>
<tr bgcolor="#D4E4F3">
<td>RELLENO Y COMPACTACIÓN</td>
<td>0</td>
</tr>
<tr>
<td>COOR_X</td>
<td>5082551,5152</td>
</tr>
<tr bgcolor="#D4E4F3">
<td>COOR_Y</td>
<td>2798284,1562</td>
</tr>
<tr>
<td>Text</td>
<td>#N/A</td>
</tr>
<tr bgcolor="#D4E4F3">
<td>ObjectID</td>
<td>125</td>
</tr>
</table>
</td>
</tr>
</table>
</body><script type="text/javascript">
				function changeImage(attElement, nameElement) {
				document.getElementById('imageAttachment').src = attElement;
				document.getElementById('imageName').innerHTML = nameElement;}
			</script></html>
]]></description>
      <Point>
        <extrude>0</extrude><altitudeMode>clampToGround</altitudeMode>
        <coordinates> -72.24348099857772,11.22289300257869,0</coordinates>
      </Point>
    </Placemark>
    <Placemark id="ID_00125">
      <name>T126</name>
      <snippet></snippet>
      <description><![CDATA[<html xmlns:fo="http://www.w3.org/1999/XSL/Format" xmlns:msxsl="urn:schemas-microsoft-com:xslt">
<head>
<META http-equiv="Content-Type" content="text/html">
<meta http-equiv="content-type" content="text/html; charset=UTF-8">
</head>
<body style="margin:0px 0px 0px 0px;overflow:auto;background:#FFFFFF;">
<table style="font-family:Arial,Verdana,Times;font-size:12px;text-align:left;width:100%;border-collapse:collapse;padding:3px 3px 3px 3px">
<tr style="text-align:center;font-weight:bold;background:#9CBCE2">
<td></td>
</tr>
<tr>
<td>
<table style="font-family:Arial,Verdana,Times;font-size:12px;text-align:left;width:100%;border-spacing:0px; padding:3px 3px 3px 3px">
<tr>
<td>TIPO_INFRA</td>
<td>Torre</td>
</tr>
<tr bgcolor="#D4E4F3">
<td>ID_INFRA_PT</td>
<td>T126</td>
</tr>
<tr>
<td>COOR_ESTE</td>
<td>5082286,1519</td>
</tr>
<tr bgcolor="#D4E4F3">
<td>COOR_NORTE</td>
<td>2797999,7635</td>
</tr>
<tr>
<td>SITIO</td>
<td>T126</td>
</tr>
<tr bgcolor="#D4E4F3">
<td>Comunidad</td>
<td>Predio Santa Martha</td>
</tr>
<tr>
<td>AHUYENTAMIENTO DE FAUNA</td>
<td>NO</td>
</tr>
<tr bgcolor="#D4E4F3">
<td>DESPEJE TORRE</td>
<td>0</td>
</tr>
<tr>
<td>EXCAVACIÓN</td>
<td>0</td>
</tr>
<tr bgcolor="#D4E4F3">
<td>SOLADO</td>
<td>0</td>
</tr>
<tr>
<td>CIMENTACION</td>
<td>0</td>
</tr>
<tr bgcolor="#D4E4F3">
<td>ACERO DE REFUERZO</td>
<td>0</td>
</tr>
<tr>
<td>CONCRETO</td>
<td>0</td>
</tr>
<tr bgcolor="#D4E4F3">
<td>RELLENO Y COMPACTACIÓN</td>
<td>0</td>
</tr>
<tr>
<td>COOR_X</td>
<td>5082286,1519</td>
</tr>
<tr bgcolor="#D4E4F3">
<td>COOR_Y</td>
<td>2797999,7635</td>
</tr>
<tr>
<td>Text</td>
<td>#N/A</td>
</tr>
<tr bgcolor="#D4E4F3">
<td>ObjectID</td>
<td>126</td>
</tr>
</table>
</td>
</tr>
</table>
</body><script type="text/javascript">
				function changeImage(attElement, nameElement) {
				document.getElementById('imageAttachment').src = attElement;
				document.getElementById('imageName').innerHTML = nameElement;}
			</script></html>
]]></description>
      <Point>
        <extrude>0</extrude><altitudeMode>clampToGround</altitudeMode>
        <coordinates> -72.24591937053071,11.22032634528326,0</coordinates>
      </Point>
    </Placemark>
    <Placemark id="ID_00126">
      <name>T127</name>
      <snippet></snippet>
      <description><![CDATA[<html xmlns:fo="http://www.w3.org/1999/XSL/Format" xmlns:msxsl="urn:schemas-microsoft-com:xslt">
<head>
<META http-equiv="Content-Type" content="text/html">
<meta http-equiv="content-type" content="text/html; charset=UTF-8">
</head>
<body style="margin:0px 0px 0px 0px;overflow:auto;background:#FFFFFF;">
<table style="font-family:Arial,Verdana,Times;font-size:12px;text-align:left;width:100%;border-collapse:collapse;padding:3px 3px 3px 3px">
<tr style="text-align:center;font-weight:bold;background:#9CBCE2">
<td></td>
</tr>
<tr>
<td>
<table style="font-family:Arial,Verdana,Times;font-size:12px;text-align:left;width:100%;border-spacing:0px; padding:3px 3px 3px 3px">
<tr>
<td>TIPO_INFRA</td>
<td>Torre</td>
</tr>
<tr bgcolor="#D4E4F3">
<td>ID_INFRA_PT</td>
<td>T127</td>
</tr>
<tr>
<td>COOR_ESTE</td>
<td>5081980,7965</td>
</tr>
<tr bgcolor="#D4E4F3">
<td>COOR_NORTE</td>
<td>2797672,5119</td>
</tr>
<tr>
<td>SITIO</td>
<td>T127</td>
</tr>
<tr bgcolor="#D4E4F3">
<td>Comunidad</td>
<td>Predio Santa Martha</td>
</tr>
<tr>
<td>AHUYENTAMIENTO DE FAUNA</td>
<td>NO</td>
</tr>
<tr bgcolor="#D4E4F3">
<td>DESPEJE TORRE</td>
<td>0</td>
</tr>
<tr>
<td>EXCAVACIÓN</td>
<td>0</td>
</tr>
<tr bgcolor="#D4E4F3">
<td>SOLADO</td>
<td>0</td>
</tr>
<tr>
<td>CIMENTACION</td>
<td>0</td>
</tr>
<tr bgcolor="#D4E4F3">
<td>ACERO DE REFUERZO</td>
<td>0</td>
</tr>
<tr>
<td>CONCRETO</td>
<td>0</td>
</tr>
<tr bgcolor="#D4E4F3">
<td>RELLENO Y COMPACTACIÓN</td>
<td>0</td>
</tr>
<tr>
<td>COOR_X</td>
<td>5081980,7965</td>
</tr>
<tr bgcolor="#D4E4F3">
<td>COOR_Y</td>
<td>2797672,5119</td>
</tr>
<tr>
<td>Text</td>
<td>#N/A</td>
</tr>
<tr bgcolor="#D4E4F3">
<td>ObjectID</td>
<td>127</td>
</tr>
</table>
</td>
</tr>
</table>
</body><script type="text/javascript">
				function changeImage(attElement, nameElement) {
				document.getElementById('imageAttachment').src = attElement;
				document.getElementById('imageName').innerHTML = nameElement;}
			</script></html>
]]></description>
      <Point>
        <extrude>0</extrude><altitudeMode>clampToGround</altitudeMode>
        <coordinates> -72.24872516860513,11.21737285579597,0</coordinates>
      </Point>
    </Placemark>
    <Placemark id="ID_00127">
      <name>T128</name>
      <snippet></snippet>
      <description><![CDATA[<html xmlns:fo="http://www.w3.org/1999/XSL/Format" xmlns:msxsl="urn:schemas-microsoft-com:xslt">
<head>
<META http-equiv="Content-Type" content="text/html">
<meta http-equiv="content-type" content="text/html; charset=UTF-8">
</head>
<body style="margin:0px 0px 0px 0px;overflow:auto;background:#FFFFFF;">
<table style="font-family:Arial,Verdana,Times;font-size:12px;text-align:left;width:100%;border-collapse:collapse;padding:3px 3px 3px 3px">
<tr style="text-align:center;font-weight:bold;background:#9CBCE2">
<td></td>
</tr>
<tr>
<td>
<table style="font-family:Arial,Verdana,Times;font-size:12px;text-align:left;width:100%;border-spacing:0px; padding:3px 3px 3px 3px">
<tr>
<td>TIPO_INFRA</td>
<td>Torre</td>
</tr>
<tr bgcolor="#D4E4F3">
<td>ID_INFRA_PT</td>
<td>T128</td>
</tr>
<tr>
<td>COOR_ESTE</td>
<td>5081611,3713</td>
</tr>
<tr bgcolor="#D4E4F3">
<td>COOR_NORTE</td>
<td>2797276,5976</td>
</tr>
<tr>
<td>SITIO</td>
<td>T128</td>
</tr>
<tr bgcolor="#D4E4F3">
<td>Comunidad</td>
<td>Predio Santa Rosa 2</td>
</tr>
<tr>
<td>AHUYENTAMIENTO DE FAUNA</td>
<td>NO</td>
</tr>
<tr bgcolor="#D4E4F3">
<td>DESPEJE TORRE</td>
<td>0</td>
</tr>
<tr>
<td>EXCAVACIÓN</td>
<td>0</td>
</tr>
<tr bgcolor="#D4E4F3">
<td>SOLADO</td>
<td>0</td>
</tr>
<tr>
<td>CIMENTACION</td>
<td>0</td>
</tr>
<tr bgcolor="#D4E4F3">
<td>ACERO DE REFUERZO</td>
<td>0</td>
</tr>
<tr>
<td>CONCRETO</td>
<td>0</td>
</tr>
<tr bgcolor="#D4E4F3">
<td>RELLENO Y COMPACTACIÓN</td>
<td>0</td>
</tr>
<tr>
<td>COOR_X</td>
<td>5081611,3713</td>
</tr>
<tr bgcolor="#D4E4F3">
<td>COOR_Y</td>
<td>2797276,5976</td>
</tr>
<tr>
<td>Text</td>
<td>#N/A</td>
</tr>
<tr bgcolor="#D4E4F3">
<td>ObjectID</td>
<td>128</td>
</tr>
</table>
</td>
</tr>
</table>
</body><script type="text/javascript">
				function changeImage(attElement, nameElement) {
				document.getElementById('imageAttachment').src = attElement;
				document.getElementById('imageName').innerHTML = nameElement;}
			</script></html>
]]></description>
      <Point>
        <extrude>0</extrude><altitudeMode>clampToGround</altitudeMode>
        <coordinates> -72.25211960387212,11.21379963532028,0</coordinates>
      </Point>
    </Placemark>
    <Placemark id="ID_00128">
      <name>T129</name>
      <snippet></snippet>
      <description><![CDATA[<html xmlns:fo="http://www.w3.org/1999/XSL/Format" xmlns:msxsl="urn:schemas-microsoft-com:xslt">
<head>
<META http-equiv="Content-Type" content="text/html">
<meta http-equiv="content-type" content="text/html; charset=UTF-8">
</head>
<body style="margin:0px 0px 0px 0px;overflow:auto;background:#FFFFFF;">
<table style="font-family:Arial,Verdana,Times;font-size:12px;text-align:left;width:100%;border-collapse:collapse;padding:3px 3px 3px 3px">
<tr style="text-align:center;font-weight:bold;background:#9CBCE2">
<td></td>
</tr>
<tr>
<td>
<table style="font-family:Arial,Verdana,Times;font-size:12px;text-align:left;width:100%;border-spacing:0px; padding:3px 3px 3px 3px">
<tr>
<td>TIPO_INFRA</td>
<td>Torre</td>
</tr>
<tr bgcolor="#D4E4F3">
<td>ID_INFRA_PT</td>
<td>T129</td>
</tr>
<tr>
<td>COOR_ESTE</td>
<td>5081345,4572</td>
</tr>
<tr bgcolor="#D4E4F3">
<td>COOR_NORTE</td>
<td>2796991,6177</td>
</tr>
<tr>
<td>SITIO</td>
<td>T129</td>
</tr>
<tr bgcolor="#D4E4F3">
<td>Comunidad</td>
<td>Predio Santa Rosa 2</td>
</tr>
<tr>
<td>AHUYENTAMIENTO DE FAUNA</td>
<td>NO</td>
</tr>
<tr bgcolor="#D4E4F3">
<td>DESPEJE TORRE</td>
<td>0</td>
</tr>
<tr>
<td>EXCAVACIÓN</td>
<td>0</td>
</tr>
<tr bgcolor="#D4E4F3">
<td>SOLADO</td>
<td>0</td>
</tr>
<tr>
<td>CIMENTACION</td>
<td>0</td>
</tr>
<tr bgcolor="#D4E4F3">
<td>ACERO DE REFUERZO</td>
<td>0</td>
</tr>
<tr>
<td>CONCRETO</td>
<td>0</td>
</tr>
<tr bgcolor="#D4E4F3">
<td>RELLENO Y COMPACTACIÓN</td>
<td>0</td>
</tr>
<tr>
<td>COOR_X</td>
<td>5081345,4572</td>
</tr>
<tr bgcolor="#D4E4F3">
<td>COOR_Y</td>
<td>2796991,6177</td>
</tr>
<tr>
<td>Text</td>
<td>#N/A</td>
</tr>
<tr bgcolor="#D4E4F3">
<td>ObjectID</td>
<td>129</td>
</tr>
</table>
</td>
</tr>
</table>
</body><script type="text/javascript">
				function changeImage(attElement, nameElement) {
				document.getElementById('imageAttachment').src = attElement;
				document.getElementById('imageName').innerHTML = nameElement;}
			</script></html>
]]></description>
      <Point>
        <extrude>0</extrude><altitudeMode>clampToGround</altitudeMode>
        <coordinates> -72.25456288342066,11.21122759640515,0</coordinates>
      </Point>
    </Placemark>
    <Placemark id="ID_00129">
      <name>T130</name>
      <snippet></snippet>
      <description><![CDATA[<html xmlns:fo="http://www.w3.org/1999/XSL/Format" xmlns:msxsl="urn:schemas-microsoft-com:xslt">
<head>
<META http-equiv="Content-Type" content="text/html">
<meta http-equiv="content-type" content="text/html; charset=UTF-8">
</head>
<body style="margin:0px 0px 0px 0px;overflow:auto;background:#FFFFFF;">
<table style="font-family:Arial,Verdana,Times;font-size:12px;text-align:left;width:100%;border-collapse:collapse;padding:3px 3px 3px 3px">
<tr style="text-align:center;font-weight:bold;background:#9CBCE2">
<td></td>
</tr>
<tr>
<td>
<table style="font-family:Arial,Verdana,Times;font-size:12px;text-align:left;width:100%;border-spacing:0px; padding:3px 3px 3px 3px">
<tr>
<td>TIPO_INFRA</td>
<td>Torre</td>
</tr>
<tr bgcolor="#D4E4F3">
<td>ID_INFRA_PT</td>
<td>T130</td>
</tr>
<tr>
<td>COOR_ESTE</td>
<td>5081094,6844</td>
</tr>
<tr bgcolor="#D4E4F3">
<td>COOR_NORTE</td>
<td>2796722,8657</td>
</tr>
<tr>
<td>SITIO</td>
<td>T130</td>
</tr>
<tr bgcolor="#D4E4F3">
<td>Comunidad</td>
<td>Predio Villa Dolores</td>
</tr>
<tr>
<td>AHUYENTAMIENTO DE FAUNA</td>
<td>NO</td>
</tr>
<tr bgcolor="#D4E4F3">
<td>DESPEJE TORRE</td>
<td>0</td>
</tr>
<tr>
<td>EXCAVACIÓN</td>
<td>0</td>
</tr>
<tr bgcolor="#D4E4F3">
<td>SOLADO</td>
<td>0</td>
</tr>
<tr>
<td>CIMENTACION</td>
<td>0</td>
</tr>
<tr bgcolor="#D4E4F3">
<td>ACERO DE REFUERZO</td>
<td>0</td>
</tr>
<tr>
<td>CONCRETO</td>
<td>0</td>
</tr>
<tr bgcolor="#D4E4F3">
<td>RELLENO Y COMPACTACIÓN</td>
<td>0</td>
</tr>
<tr>
<td>COOR_X</td>
<td>5081094,6844</td>
</tr>
<tr bgcolor="#D4E4F3">
<td>COOR_Y</td>
<td>2796722,8657</td>
</tr>
<tr>
<td>Text</td>
<td>#N/A</td>
</tr>
<tr bgcolor="#D4E4F3">
<td>ObjectID</td>
<td>130</td>
</tr>
</table>
</td>
</tr>
</table>
</body><script type="text/javascript">
				function changeImage(attElement, nameElement) {
				document.getElementById('imageAttachment').src = attElement;
				document.getElementById('imageName').innerHTML = nameElement;}
			</script></html>
]]></description>
      <Point>
        <extrude>0</extrude><altitudeMode>clampToGround</altitudeMode>
        <coordinates> -72.25686700146953,11.2088019984754,0</coordinates>
      </Point>
    </Placemark>
    <Placemark id="ID_00130">
      <name>T131</name>
      <snippet></snippet>
      <description><![CDATA[<html xmlns:fo="http://www.w3.org/1999/XSL/Format" xmlns:msxsl="urn:schemas-microsoft-com:xslt">
<head>
<META http-equiv="Content-Type" content="text/html">
<meta http-equiv="content-type" content="text/html; charset=UTF-8">
</head>
<body style="margin:0px 0px 0px 0px;overflow:auto;background:#FFFFFF;">
<table style="font-family:Arial,Verdana,Times;font-size:12px;text-align:left;width:100%;border-collapse:collapse;padding:3px 3px 3px 3px">
<tr style="text-align:center;font-weight:bold;background:#9CBCE2">
<td></td>
</tr>
<tr>
<td>
<table style="font-family:Arial,Verdana,Times;font-size:12px;text-align:left;width:100%;border-spacing:0px; padding:3px 3px 3px 3px">
<tr>
<td>TIPO_INFRA</td>
<td>Torre</td>
</tr>
<tr bgcolor="#D4E4F3">
<td>ID_INFRA_PT</td>
<td>T131</td>
</tr>
<tr>
<td>COOR_ESTE</td>
<td>5080770,9197</td>
</tr>
<tr bgcolor="#D4E4F3">
<td>COOR_NORTE</td>
<td>2796342,2513</td>
</tr>
<tr>
<td>SITIO</td>
<td>T131</td>
</tr>
<tr bgcolor="#D4E4F3">
<td>Comunidad</td>
<td>Predio Noa Noa</td>
</tr>
<tr>
<td>AHUYENTAMIENTO DE FAUNA</td>
<td>NO</td>
</tr>
<tr bgcolor="#D4E4F3">
<td>DESPEJE TORRE</td>
<td>0</td>
</tr>
<tr>
<td>EXCAVACIÓN</td>
<td>0</td>
</tr>
<tr bgcolor="#D4E4F3">
<td>SOLADO</td>
<td>0</td>
</tr>
<tr>
<td>CIMENTACION</td>
<td>0</td>
</tr>
<tr bgcolor="#D4E4F3">
<td>ACERO DE REFUERZO</td>
<td>0</td>
</tr>
<tr>
<td>CONCRETO</td>
<td>0</td>
</tr>
<tr bgcolor="#D4E4F3">
<td>RELLENO Y COMPACTACIÓN</td>
<td>0</td>
</tr>
<tr>
<td>COOR_X</td>
<td>5080770,9197</td>
</tr>
<tr bgcolor="#D4E4F3">
<td>COOR_Y</td>
<td>2796342,2513</td>
</tr>
<tr>
<td>Text</td>
<td>#N/A</td>
</tr>
<tr bgcolor="#D4E4F3">
<td>ObjectID</td>
<td>131</td>
</tr>
</table>
</td>
</tr>
</table>
</body><script type="text/javascript">
				function changeImage(attElement, nameElement) {
				document.getElementById('imageAttachment').src = attElement;
				document.getElementById('imageName').innerHTML = nameElement;}
			</script></html>
]]></description>
      <Point>
        <extrude>0</extrude><altitudeMode>clampToGround</altitudeMode>
        <coordinates> -72.25984249095707,11.20536604812828,0</coordinates>
      </Point>
    </Placemark>
    <Placemark id="ID_00131">
      <name>T132</name>
      <snippet></snippet>
      <description><![CDATA[<html xmlns:fo="http://www.w3.org/1999/XSL/Format" xmlns:msxsl="urn:schemas-microsoft-com:xslt">
<head>
<META http-equiv="Content-Type" content="text/html">
<meta http-equiv="content-type" content="text/html; charset=UTF-8">
</head>
<body style="margin:0px 0px 0px 0px;overflow:auto;background:#FFFFFF;">
<table style="font-family:Arial,Verdana,Times;font-size:12px;text-align:left;width:100%;border-collapse:collapse;padding:3px 3px 3px 3px">
<tr style="text-align:center;font-weight:bold;background:#9CBCE2">
<td></td>
</tr>
<tr>
<td>
<table style="font-family:Arial,Verdana,Times;font-size:12px;text-align:left;width:100%;border-spacing:0px; padding:3px 3px 3px 3px">
<tr>
<td>TIPO_INFRA</td>
<td>Torre</td>
</tr>
<tr bgcolor="#D4E4F3">
<td>ID_INFRA_PT</td>
<td>T132</td>
</tr>
<tr>
<td>COOR_ESTE</td>
<td>5080475,8508</td>
</tr>
<tr bgcolor="#D4E4F3">
<td>COOR_NORTE</td>
<td>2795995,3727</td>
</tr>
<tr>
<td>SITIO</td>
<td>T132</td>
</tr>
<tr bgcolor="#D4E4F3">
<td>Comunidad</td>
<td>Predio Noa Noa</td>
</tr>
<tr>
<td>AHUYENTAMIENTO DE FAUNA</td>
<td>NO</td>
</tr>
<tr bgcolor="#D4E4F3">
<td>DESPEJE TORRE</td>
<td>0</td>
</tr>
<tr>
<td>EXCAVACIÓN</td>
<td>0</td>
</tr>
<tr bgcolor="#D4E4F3">
<td>SOLADO</td>
<td>0</td>
</tr>
<tr>
<td>CIMENTACION</td>
<td>0</td>
</tr>
<tr bgcolor="#D4E4F3">
<td>ACERO DE REFUERZO</td>
<td>0</td>
</tr>
<tr>
<td>CONCRETO</td>
<td>0</td>
</tr>
<tr bgcolor="#D4E4F3">
<td>RELLENO Y COMPACTACIÓN</td>
<td>0</td>
</tr>
<tr>
<td>COOR_X</td>
<td>5080475,8508</td>
</tr>
<tr bgcolor="#D4E4F3">
<td>COOR_Y</td>
<td>2795995,3727</td>
</tr>
<tr>
<td>Text</td>
<td>#N/A</td>
</tr>
<tr bgcolor="#D4E4F3">
<td>ObjectID</td>
<td>132</td>
</tr>
</table>
</td>
</tr>
</table>
</body><script type="text/javascript">
				function changeImage(attElement, nameElement) {
				document.getElementById('imageAttachment').src = attElement;
				document.getElementById('imageName').innerHTML = nameElement;}
			</script></html>
]]></description>
      <Point>
        <extrude>0</extrude><altitudeMode>clampToGround</altitudeMode>
        <coordinates> -72.26255419605846,11.20223461325452,0</coordinates>
      </Point>
    </Placemark>
    <Placemark id="ID_00132">
      <name>T133</name>
      <snippet></snippet>
      <description><![CDATA[<html xmlns:fo="http://www.w3.org/1999/XSL/Format" xmlns:msxsl="urn:schemas-microsoft-com:xslt">
<head>
<META http-equiv="Content-Type" content="text/html">
<meta http-equiv="content-type" content="text/html; charset=UTF-8">
</head>
<body style="margin:0px 0px 0px 0px;overflow:auto;background:#FFFFFF;">
<table style="font-family:Arial,Verdana,Times;font-size:12px;text-align:left;width:100%;border-collapse:collapse;padding:3px 3px 3px 3px">
<tr style="text-align:center;font-weight:bold;background:#9CBCE2">
<td></td>
</tr>
<tr>
<td>
<table style="font-family:Arial,Verdana,Times;font-size:12px;text-align:left;width:100%;border-spacing:0px; padding:3px 3px 3px 3px">
<tr>
<td>TIPO_INFRA</td>
<td>Torre</td>
</tr>
<tr bgcolor="#D4E4F3">
<td>ID_INFRA_PT</td>
<td>T133</td>
</tr>
<tr>
<td>COOR_ESTE</td>
<td>5080132,6742</td>
</tr>
<tr bgcolor="#D4E4F3">
<td>COOR_NORTE</td>
<td>2795591,9408</td>
</tr>
<tr>
<td>SITIO</td>
<td>T133</td>
</tr>
<tr bgcolor="#D4E4F3">
<td>Comunidad</td>
<td>Predio Noa Noa</td>
</tr>
<tr>
<td>AHUYENTAMIENTO DE FAUNA</td>
<td>NO</td>
</tr>
<tr bgcolor="#D4E4F3">
<td>DESPEJE TORRE</td>
<td>0</td>
</tr>
<tr>
<td>EXCAVACIÓN</td>
<td>0</td>
</tr>
<tr bgcolor="#D4E4F3">
<td>SOLADO</td>
<td>0</td>
</tr>
<tr>
<td>CIMENTACION</td>
<td>0</td>
</tr>
<tr bgcolor="#D4E4F3">
<td>ACERO DE REFUERZO</td>
<td>0</td>
</tr>
<tr>
<td>CONCRETO</td>
<td>0</td>
</tr>
<tr bgcolor="#D4E4F3">
<td>RELLENO Y COMPACTACIÓN</td>
<td>0</td>
</tr>
<tr>
<td>COOR_X</td>
<td>5080132,6742</td>
</tr>
<tr bgcolor="#D4E4F3">
<td>COOR_Y</td>
<td>2795591,9408</td>
</tr>
<tr>
<td>Text</td>
<td>#N/A</td>
</tr>
<tr bgcolor="#D4E4F3">
<td>ObjectID</td>
<td>133</td>
</tr>
</table>
</td>
</tr>
</table>
</body><script type="text/javascript">
				function changeImage(attElement, nameElement) {
				document.getElementById('imageAttachment').src = attElement;
				document.getElementById('imageName').innerHTML = nameElement;}
			</script></html>
]]></description>
      <Point>
        <extrude>0</extrude><altitudeMode>clampToGround</altitudeMode>
        <coordinates> -72.26570794034895,11.19859260896559,0</coordinates>
      </Point>
    </Placemark>
    <Placemark id="ID_00133">
      <name>T134</name>
      <snippet></snippet>
      <description><![CDATA[<html xmlns:fo="http://www.w3.org/1999/XSL/Format" xmlns:msxsl="urn:schemas-microsoft-com:xslt">
<head>
<META http-equiv="Content-Type" content="text/html">
<meta http-equiv="content-type" content="text/html; charset=UTF-8">
</head>
<body style="margin:0px 0px 0px 0px;overflow:auto;background:#FFFFFF;">
<table style="font-family:Arial,Verdana,Times;font-size:12px;text-align:left;width:100%;border-collapse:collapse;padding:3px 3px 3px 3px">
<tr style="text-align:center;font-weight:bold;background:#9CBCE2">
<td></td>
</tr>
<tr>
<td>
<table style="font-family:Arial,Verdana,Times;font-size:12px;text-align:left;width:100%;border-spacing:0px; padding:3px 3px 3px 3px">
<tr>
<td>TIPO_INFRA</td>
<td>Torre</td>
</tr>
<tr bgcolor="#D4E4F3">
<td>ID_INFRA_PT</td>
<td>T134</td>
</tr>
<tr>
<td>COOR_ESTE</td>
<td>5079851,937</td>
</tr>
<tr bgcolor="#D4E4F3">
<td>COOR_NORTE</td>
<td>2795261,9127</td>
</tr>
<tr>
<td>SITIO</td>
<td>T134</td>
</tr>
<tr bgcolor="#D4E4F3">
<td>Comunidad</td>
<td>Predio Noa Noa</td>
</tr>
<tr>
<td>AHUYENTAMIENTO DE FAUNA</td>
<td>NO</td>
</tr>
<tr bgcolor="#D4E4F3">
<td>DESPEJE TORRE</td>
<td>0</td>
</tr>
<tr>
<td>EXCAVACIÓN</td>
<td>0</td>
</tr>
<tr bgcolor="#D4E4F3">
<td>SOLADO</td>
<td>0</td>
</tr>
<tr>
<td>CIMENTACION</td>
<td>0</td>
</tr>
<tr bgcolor="#D4E4F3">
<td>ACERO DE REFUERZO</td>
<td>0</td>
</tr>
<tr>
<td>CONCRETO</td>
<td>0</td>
</tr>
<tr bgcolor="#D4E4F3">
<td>RELLENO Y COMPACTACIÓN</td>
<td>0</td>
</tr>
<tr>
<td>COOR_X</td>
<td>5079851,937</td>
</tr>
<tr bgcolor="#D4E4F3">
<td>COOR_Y</td>
<td>2795261,9127</td>
</tr>
<tr>
<td>Text</td>
<td>#N/A</td>
</tr>
<tr bgcolor="#D4E4F3">
<td>ObjectID</td>
<td>134</td>
</tr>
</table>
</td>
</tr>
</table>
</body><script type="text/javascript">
				function changeImage(attElement, nameElement) {
				document.getElementById('imageAttachment').src = attElement;
				document.getElementById('imageName').innerHTML = nameElement;}
			</script></html>
]]></description>
      <Point>
        <extrude>0</extrude><altitudeMode>clampToGround</altitudeMode>
        <coordinates> -72.26828781613224,11.19561323254349,0</coordinates>
      </Point>
    </Placemark>
    <Placemark id="ID_00134">
      <name>T135N</name>
      <snippet></snippet>
      <description><![CDATA[<html xmlns:fo="http://www.w3.org/1999/XSL/Format" xmlns:msxsl="urn:schemas-microsoft-com:xslt">
<head>
<META http-equiv="Content-Type" content="text/html">
<meta http-equiv="content-type" content="text/html; charset=UTF-8">
</head>
<body style="margin:0px 0px 0px 0px;overflow:auto;background:#FFFFFF;">
<table style="font-family:Arial,Verdana,Times;font-size:12px;text-align:left;width:100%;border-collapse:collapse;padding:3px 3px 3px 3px">
<tr style="text-align:center;font-weight:bold;background:#9CBCE2">
<td></td>
</tr>
<tr>
<td>
<table style="font-family:Arial,Verdana,Times;font-size:12px;text-align:left;width:100%;border-spacing:0px; padding:3px 3px 3px 3px">
<tr>
<td>TIPO_INFRA</td>
<td>Torre</td>
</tr>
<tr bgcolor="#D4E4F3">
<td>ID_INFRA_PT</td>
<td>T135N</td>
</tr>
<tr>
<td>COOR_ESTE</td>
<td>5079491,968</td>
</tr>
<tr bgcolor="#D4E4F3">
<td>COOR_NORTE</td>
<td>2794838,7449</td>
</tr>
<tr>
<td>SITIO</td>
<td>T135N</td>
</tr>
<tr bgcolor="#D4E4F3">
<td>Comunidad</td>
<td>Predio Noa Noa</td>
</tr>
<tr>
<td>AHUYENTAMIENTO DE FAUNA</td>
<td>NO</td>
</tr>
<tr bgcolor="#D4E4F3">
<td>DESPEJE TORRE</td>
<td>0</td>
</tr>
<tr>
<td>EXCAVACIÓN</td>
<td>0</td>
</tr>
<tr bgcolor="#D4E4F3">
<td>SOLADO</td>
<td>0</td>
</tr>
<tr>
<td>CIMENTACION</td>
<td>0</td>
</tr>
<tr bgcolor="#D4E4F3">
<td>ACERO DE REFUERZO</td>
<td>0</td>
</tr>
<tr>
<td>CONCRETO</td>
<td>0</td>
</tr>
<tr bgcolor="#D4E4F3">
<td>RELLENO Y COMPACTACIÓN</td>
<td>0</td>
</tr>
<tr>
<td>COOR_X</td>
<td>5079491,968</td>
</tr>
<tr bgcolor="#D4E4F3">
<td>COOR_Y</td>
<td>2794838,7449</td>
</tr>
<tr>
<td>Text</td>
<td>#N/A</td>
</tr>
<tr bgcolor="#D4E4F3">
<td>ObjectID</td>
<td>135</td>
</tr>
</table>
</td>
</tr>
</table>
</body><script type="text/javascript">
				function changeImage(attElement, nameElement) {
				document.getElementById('imageAttachment').src = attElement;
				document.getElementById('imageName').innerHTML = nameElement;}
			</script></html>
]]></description>
      <Point>
        <extrude>0</extrude><altitudeMode>clampToGround</altitudeMode>
        <coordinates> -72.27159572613304,11.19179298576698,0</coordinates>
      </Point>
    </Placemark>
    <Placemark id="ID_00135">
      <name>T136</name>
      <snippet></snippet>
      <description><![CDATA[<html xmlns:fo="http://www.w3.org/1999/XSL/Format" xmlns:msxsl="urn:schemas-microsoft-com:xslt">
<head>
<META http-equiv="Content-Type" content="text/html">
<meta http-equiv="content-type" content="text/html; charset=UTF-8">
</head>
<body style="margin:0px 0px 0px 0px;overflow:auto;background:#FFFFFF;">
<table style="font-family:Arial,Verdana,Times;font-size:12px;text-align:left;width:100%;border-collapse:collapse;padding:3px 3px 3px 3px">
<tr style="text-align:center;font-weight:bold;background:#9CBCE2">
<td></td>
</tr>
<tr>
<td>
<table style="font-family:Arial,Verdana,Times;font-size:12px;text-align:left;width:100%;border-spacing:0px; padding:3px 3px 3px 3px">
<tr>
<td>TIPO_INFRA</td>
<td>Torre</td>
</tr>
<tr bgcolor="#D4E4F3">
<td>ID_INFRA_PT</td>
<td>T136</td>
</tr>
<tr>
<td>COOR_ESTE</td>
<td>5079207,0949</td>
</tr>
<tr bgcolor="#D4E4F3">
<td>COOR_NORTE</td>
<td>2794503,8565</td>
</tr>
<tr>
<td>SITIO</td>
<td>T136</td>
</tr>
<tr bgcolor="#D4E4F3">
<td>Comunidad</td>
<td>YARITUAHA</td>
</tr>
<tr>
<td>AHUYENTAMIENTO DE FAUNA</td>
<td>NO</td>
</tr>
<tr bgcolor="#D4E4F3">
<td>DESPEJE TORRE</td>
<td>0</td>
</tr>
<tr>
<td>EXCAVACIÓN</td>
<td>0</td>
</tr>
<tr bgcolor="#D4E4F3">
<td>SOLADO</td>
<td>0</td>
</tr>
<tr>
<td>CIMENTACION</td>
<td>0</td>
</tr>
<tr bgcolor="#D4E4F3">
<td>ACERO DE REFUERZO</td>
<td>0</td>
</tr>
<tr>
<td>CONCRETO</td>
<td>0</td>
</tr>
<tr bgcolor="#D4E4F3">
<td>RELLENO Y COMPACTACIÓN</td>
<td>0</td>
</tr>
<tr>
<td>COOR_X</td>
<td>5079207,0949</td>
</tr>
<tr bgcolor="#D4E4F3">
<td>COOR_Y</td>
<td>2794503,8565</td>
</tr>
<tr>
<td>Text</td>
<td>#N/A</td>
</tr>
<tr bgcolor="#D4E4F3">
<td>ObjectID</td>
<td>136</td>
</tr>
</table>
</td>
</tr>
</table>
</body><script type="text/javascript">
				function changeImage(attElement, nameElement) {
				document.getElementById('imageAttachment').src = attElement;
				document.getElementById('imageName').innerHTML = nameElement;}
			</script></html>
]]></description>
      <Point>
        <extrude>0</extrude><altitudeMode>clampToGround</altitudeMode>
        <coordinates> -72.27421348553074,11.18876967152337,0</coordinates>
      </Point>
    </Placemark>
    <Placemark id="ID_00136">
      <name>T137N</name>
      <snippet></snippet>
      <description><![CDATA[<html xmlns:fo="http://www.w3.org/1999/XSL/Format" xmlns:msxsl="urn:schemas-microsoft-com:xslt">
<head>
<META http-equiv="Content-Type" content="text/html">
<meta http-equiv="content-type" content="text/html; charset=UTF-8">
</head>
<body style="margin:0px 0px 0px 0px;overflow:auto;background:#FFFFFF;">
<table style="font-family:Arial,Verdana,Times;font-size:12px;text-align:left;width:100%;border-collapse:collapse;padding:3px 3px 3px 3px">
<tr style="text-align:center;font-weight:bold;background:#9CBCE2">
<td></td>
</tr>
<tr>
<td>
<table style="font-family:Arial,Verdana,Times;font-size:12px;text-align:left;width:100%;border-spacing:0px; padding:3px 3px 3px 3px">
<tr>
<td>TIPO_INFRA</td>
<td>Torre</td>
</tr>
<tr bgcolor="#D4E4F3">
<td>ID_INFRA_PT</td>
<td>T137N</td>
</tr>
<tr>
<td>COOR_ESTE</td>
<td>5078881,1051</td>
</tr>
<tr bgcolor="#D4E4F3">
<td>COOR_NORTE</td>
<td>2794120,6354</td>
</tr>
<tr>
<td>SITIO</td>
<td>T137N</td>
</tr>
<tr bgcolor="#D4E4F3">
<td>Comunidad</td>
<td>LOS REMEDIOS</td>
</tr>
<tr>
<td>AHUYENTAMIENTO DE FAUNA</td>
<td>NO</td>
</tr>
<tr bgcolor="#D4E4F3">
<td>DESPEJE TORRE</td>
<td>0</td>
</tr>
<tr>
<td>EXCAVACIÓN</td>
<td>0</td>
</tr>
<tr bgcolor="#D4E4F3">
<td>SOLADO</td>
<td>0</td>
</tr>
<tr>
<td>CIMENTACION</td>
<td>0</td>
</tr>
<tr bgcolor="#D4E4F3">
<td>ACERO DE REFUERZO</td>
<td>0</td>
</tr>
<tr>
<td>CONCRETO</td>
<td>0</td>
</tr>
<tr bgcolor="#D4E4F3">
<td>RELLENO Y COMPACTACIÓN</td>
<td>0</td>
</tr>
<tr>
<td>COOR_X</td>
<td>5078881,1051</td>
</tr>
<tr bgcolor="#D4E4F3">
<td>COOR_Y</td>
<td>2794120,6354</td>
</tr>
<tr>
<td>Text</td>
<td>#N/A</td>
</tr>
<tr bgcolor="#D4E4F3">
<td>ObjectID</td>
<td>137</td>
</tr>
</table>
</td>
</tr>
</table>
</body><script type="text/javascript">
				function changeImage(attElement, nameElement) {
				document.getElementById('imageAttachment').src = attElement;
				document.getElementById('imageName').innerHTML = nameElement;}
			</script></html>
]]></description>
      <Point>
        <extrude>0</extrude><altitudeMode>clampToGround</altitudeMode>
        <coordinates> -72.27720900766485,11.18530998510508,0</coordinates>
      </Point>
    </Placemark>
    <Placemark id="ID_00137">
      <name>T138</name>
      <snippet></snippet>
      <description><![CDATA[<html xmlns:fo="http://www.w3.org/1999/XSL/Format" xmlns:msxsl="urn:schemas-microsoft-com:xslt">
<head>
<META http-equiv="Content-Type" content="text/html">
<meta http-equiv="content-type" content="text/html; charset=UTF-8">
</head>
<body style="margin:0px 0px 0px 0px;overflow:auto;background:#FFFFFF;">
<table style="font-family:Arial,Verdana,Times;font-size:12px;text-align:left;width:100%;border-collapse:collapse;padding:3px 3px 3px 3px">
<tr style="text-align:center;font-weight:bold;background:#9CBCE2">
<td></td>
</tr>
<tr>
<td>
<table style="font-family:Arial,Verdana,Times;font-size:12px;text-align:left;width:100%;border-spacing:0px; padding:3px 3px 3px 3px">
<tr>
<td>TIPO_INFRA</td>
<td>Torre</td>
</tr>
<tr bgcolor="#D4E4F3">
<td>ID_INFRA_PT</td>
<td>T138</td>
</tr>
<tr>
<td>COOR_ESTE</td>
<td>5078704,1513</td>
</tr>
<tr bgcolor="#D4E4F3">
<td>COOR_NORTE</td>
<td>2793912,616</td>
</tr>
<tr>
<td>SITIO</td>
<td>T138</td>
</tr>
<tr bgcolor="#D4E4F3">
<td>Comunidad</td>
<td>LOS REMEDIOS</td>
</tr>
<tr>
<td>AHUYENTAMIENTO DE FAUNA</td>
<td>NO</td>
</tr>
<tr bgcolor="#D4E4F3">
<td>DESPEJE TORRE</td>
<td>0</td>
</tr>
<tr>
<td>EXCAVACIÓN</td>
<td>0</td>
</tr>
<tr bgcolor="#D4E4F3">
<td>SOLADO</td>
<td>0</td>
</tr>
<tr>
<td>CIMENTACION</td>
<td>0</td>
</tr>
<tr bgcolor="#D4E4F3">
<td>ACERO DE REFUERZO</td>
<td>0</td>
</tr>
<tr>
<td>CONCRETO</td>
<td>0</td>
</tr>
<tr bgcolor="#D4E4F3">
<td>RELLENO Y COMPACTACIÓN</td>
<td>0</td>
</tr>
<tr>
<td>COOR_X</td>
<td>5078704,1513</td>
</tr>
<tr bgcolor="#D4E4F3">
<td>COOR_Y</td>
<td>2793912,616</td>
</tr>
<tr>
<td>Text</td>
<td>#N/A</td>
</tr>
<tr bgcolor="#D4E4F3">
<td>ObjectID</td>
<td>138</td>
</tr>
</table>
</td>
</tr>
</table>
</body><script type="text/javascript">
				function changeImage(attElement, nameElement) {
				document.getElementById('imageAttachment').src = attElement;
				document.getElementById('imageName').innerHTML = nameElement;}
			</script></html>
]]></description>
      <Point>
        <extrude>0</extrude><altitudeMode>clampToGround</altitudeMode>
        <coordinates> -72.27883500706623,11.18343198950639,0</coordinates>
      </Point>
    </Placemark>
  </Folder>
  <Style id="IconStyle00">
    <IconStyle>
      <scale>1.000000</scale>
      <Icon><href>Layer0_Symbol_253ac120_0.png</href></Icon>
    </IconStyle>
    <LabelStyle>
      <color>ff4e4e4e</color>
      <scale>0.583333</scale>
    </LabelStyle>
    <PolyStyle>
      <color>ff000000</color>
      <outline>0</outline>
    </PolyStyle>
  </Style>
</Document>
</kml>